year,age_id,age_name,countries_with_dalys,countries_with_vlw,total_dalys,total_dalys_lower,total_dalys_upper,total_economic_burden_vlw,total_economic_burden_vlw_lower,total_economic_burden_vlw_upper,total_economic_burden_vlw_trillion,total_economic_burden_vlw_lower_trillion,total_economic_burden_vlw_upper_trillion
1990,1,<5 years,48,48,0,0,0,0,0,0,0,0,0
1990,6,5-9 years,48,48,0,0,0,0,0,0,0,0,0
1990,7,10-14 years,48,48,0,0,0,0,0,0,0,0,0
1990,8,15-19 years,48,48,0,0,0,0,0,0,0,0,0
1990,9,20-24 years,48,43,8401.549431540374,6140.378771467228,11032.91004445799,72924154.89501101,50755209.21029181,99574213.59917346,7.292415489501101e-5,5.075520921029181e-5,9.957421359917346e-5
1990,10,25-29 years,48,43,11171.103962991301,8208.640541936435,14670.442583000831,116682487.64084204,82558607.75748013,158351776.42282808,1.1668248764084203e-4,8.255860775748013e-5,1.583517764228281e-4
1990,11,30-34 years,48,43,20182.641744558994,14926.657353687586,26224.818902553903,250765177.86629772,180946178.3079111,337163122.82725835,2.507651778662977e-4,1.809461783079111e-4,3.3716312282725837e-4
1990,12,35-39 years,48,43,37188.12101336299,26850.905949076583,48961.310026870866,576038357.3110619,416951444.2058301,778822283.1229849,5.760383573110619e-4,4.169514442058301e-4,7.788222831229849e-4
1990,13,40-44 years,48,43,56454.40447617777,41823.052315133194,74300.67573073899,1244951896.1411822,916668798.9361743,1666224650.507643,0.001244951896141182,9.166687989361743e-4,0.001666224650507643
1990,14,45-49 years,48,43,81777.35886279968,61091.97632969019,105910.91335560958,2315963349.967266,1762480362.2801554,3049870102.871229,0.002315963349967266,0.0017624803622801554,0.003049870102871229
1990,15,50-54 years,48,43,126723.03658863482,96281.40132238716,166237.81116600335,4464425264.389734,3445625329.635944,5866862539.325877,0.004464425264389734,0.003445625329635944,0.005866862539325877
1990,16,55-59 years,48,43,172687.4398023643,135203.14849554276,226896.03949848044,7682797980.085554,6064179787.853871,10049131181.715994,0.007682797980085554,0.006064179787853871,0.010049131181715994
1990,17,60-64 years,48,43,211692.9924938235,169296.93850123388,269758.63646232954,12015425021.320929,9677404554.865435,15538048227.641401,0.012015425021320929,0.009677404554865435,0.015538048227641401
1990,18,65-69 years,48,43,196733.05745962542,154655.61875049854,257235.05646337467,15155863565.682068,12099871646.824617,19685820204.68523,0.015155863565682067,0.012099871646824618,0.01968582020468523
1990,19,70-74 years,48,43,165036.27379409265,131178.09006246986,210279.7782936141,18779573536.769325,14998962951.611334,24240624437.976692,0.018779573536769324,0.014998962951611334,0.024240624437976692
1990,20,75-79 years,48,43,117324.61514876553,94361.62009119596,147923.96135044761,22006041953.262722,17669795676.557846,27946768111.98025,0.022006041953262723,0.017669795676557846,0.027946768111980252
1990,30,80-84 years,48,43,65762.25469513709,51715.21976231704,81723.91228568104,19883429745.543137,15093391148.221664,25664139865.51522,0.019883429745543135,0.015093391148221665,0.02566413986551522
1990,31,85-89 years,48,43,24552.369541347947,18860.8533322599,30787.136969403655,12353376445.474201,8983771203.70077,16562599220.53677,0.012353376445474202,0.00898377120370077,0.01656259922053677
1990,32,90-94 years,48,43,5913.800346231848,4300.815470180027,7383.232248913579,4609157166.08594,3062368717.514564,6371622747.902528,0.00460915716608594,0.003062368717514564,0.006371622747902528
1990,235,95+ years,48,43,1080.732141723614,746.8559917374376,1444.6550929128912,1209695259.4843242,754410892.5625029,1828117244.0488296,0.0012096952594843242,7.544108925625028e-4,0.0018281172440488295
1991,1,<5 years,48,48,0,0,0,0,0,0,0,0,0
1991,6,5-9 years,48,48,0,0,0,0,0,0,0,0,0
1991,7,10-14 years,48,48,0,0,0,0,0,0,0,0,0
1991,8,15-19 years,48,48,0,0,0,0,0,0,0,0,0
1991,9,20-24 years,48,44,8386.8971552364,6210.140620917034,10991.096824827704,79290082.24416044,55599136.95467934,108571272.47521137,7.929008224416044e-5,5.559913695467934e-5,1.0857127247521137e-4
1991,10,25-29 years,48,44,11900.884400578389,8662.928096084239,15508.30619343406,129262176.2827714,90897399.69188671,175119375.3174232,1.292621762827714e-4,9.08973996918867e-5,1.751193753174232e-4
1991,11,30-34 years,48,44,20621.51474095739,15327.076022946994,27164.200214482604,274653220.7092304,197310407.72624993,373163521.7627163,2.7465322070923043e-4,1.9731040772624995e-4,3.731635217627163e-4
1991,12,35-39 years,48,44,38702.96443257931,28569.75860745883,51403.81520441016,638328097.9315065,463077633.1280433,868803957.4018201,6.383280979315065e-4,4.630776331280433e-4,8.688039574018201e-4
1991,13,40-44 years,48,44,59854.55704089404,44428.77354925293,78884.42387692512,1403417414.440235,1034395408.6722589,1880347136.23687,0.0014034174144402349,0.0010343954086722588,0.00188034713623687
1991,14,45-49 years,48,44,83898.77363199531,62433.78029744101,108289.1356065528,2446483028.3539104,1852714242.4135787,3226910972.4728446,0.0024464830283539105,0.0018527142424135787,0.003226910972472845
1991,15,50-54 years,48,44,128600.66480778443,97532.3493377985,167202.33690731207,4871924032.780338,3751081668.1403446,6369377646.171273,0.004871924032780338,0.0037510816681403446,0.0063693776461712735
1991,16,55-59 years,48,44,177510.58885237723,138058.1004137902,231352.29462039785,8414403896.576342,6633265307.859679,10990125418.962124,0.008414403896576342,0.006633265307859679,0.010990125418962124
1991,17,60-64 years,48,44,219856.09317582377,174065.89216740135,282006.64701955015,13244595296.016056,10666562449.434519,17128278163.54098,0.013244595296016057,0.010666562449434518,0.01712827816354098
1991,18,65-69 years,48,44,205415.66345000494,161714.20373679366,268231.2501948026,16928929960.895634,13587836664.85832,21954662466.571712,0.016928929960895633,0.01358783666485832,0.02195466246657171
1991,19,70-74 years,48,44,170982.8065741575,135714.27615319032,217518.615606379,20202136575.42018,16161320173.36374,26090088561.141293,0.020202136575420183,0.01616132017336374,0.026090088561141294
1991,20,75-79 years,48,44,121566.79711168645,97236.46193500732,153040.03817222544,23795764057.77417,19022751005.90062,30107093150.597874,0.02379576405777417,0.01902275100590062,0.030107093150597872
1991,30,80-84 years,48,44,69195.55999651592,54722.43050902345,85795.039059387607,22029229003.06225,16699524946.36825,28462861061.94759,0.02202922900306225,0.01669952494636825,0.02846286106194759
1991,31,85-89 years,48,44,25958.95276139463,19941.728451372153,32504.49421470536,13520817403.48179,9781261218.13157,18126975580.143734,0.01352081740348179,0.009781261218131571,0.018126975580143735
1991,32,90-94 years,48,44,6655.15581750045,4826.590097374313,8297.504271631466,5491059311.610607,3621988434.1764913,7596812630.466418,0.0054910593116106075,0.0036219884341764912,0.007596812630466418
1991,235,95+ years,48,44,1198.4287419417074,828.7715030410757,1586.7119162394943,1425705648.781974,892541620.7645168,2139918854.026471,0.001425705648781974,8.925416207645168e-4,0.002139918854026471
1992,1,<5 years,48,48,0,0,0,0,0,0,0,0,0
1992,6,5-9 years,48,48,0,0,0,0,0,0,0,0,0
1992,7,10-14 years,48,48,0,0,0,0,0,0,0,0,0
1992,8,15-19 years,48,48,0,0,0,0,0,0,0,0,0
1992,9,20-24 years,48,44,8234.964286681095,6105.768524379803,10847.470431800064,85897012.05200289,60230124.11844751,117919506.4997465,8.589701205200289e-5,6.023012411844751e-5,1.179195064997465e-4
1992,10,25-29 years,48,44,12428.184169905202,9076.649538673675,16224.986363432687,144689505.44142196,101801439.69343854,195763517.66479734,1.4468950544142196e-4,1.0180143969343854e-4,1.9576351766479734e-4
1992,11,30-34 years,48,44,21276.884234338402,15990.823515707378,27858.685774146616,306418409.7812531,221177587.25706485,415533326.16631156,3.064184097812531e-4,2.2117758725706484e-4,4.1553332616631156e-4
1992,12,35-39 years,48,44,39279.12027205868,29111.040745495116,52060.888940988596,681305201.8496014,493142889.0472086,928003050.7192641,6.813052018496014e-4,4.931428890472086e-4,9.280030507192641e-4
1992,13,40-44 years,48,44,61805.529924661045,46340.830166225074,81215.3248968871,1508849956.6083655,1115994699.5309181,2018016736.2779162,0.0015088499566083655,0.0011159946995309181,0.0020180167362779163
1992,14,45-49 years,48,44,86191.54813018764,64321.43924080143,111037.17734242596,2611407330.6544213,1976510239.370687,3437445745.316674,0.0026114073306544214,0.001976510239370687,0.003437445745316674
1992,15,50-54 years,48,44,128164.49618469198,97315.69369466807,166644.33772535963,5101600904.322682,3909780556.800554,6690142884.7179,0.005101600904322682,0.0039097805568005534,0.0066901428847179
1992,16,55-59 years,48,44,179154.85552506518,139965.66346784288,236198.81537214527,8902033895.173141,7028538493.120761,11728031198.520668,0.00890203389517314,0.007028538493120761,0.011728031198520669
1992,17,60-64 years,48,44,223880.24891929,178878.2931750069,289601.39901354426,14098788411.106339,11369973486.673605,18250474415.90911,0.01409878841110634,0.011369973486673604,0.018250474415909112
1992,18,65-69 years,48,44,211793.51565942197,167964.1914363706,273210.7406691508,18405708515.078457,14843085059.454687,23849911115.956066,0.018405708515078455,0.014843085059454687,0.023849911115956066
1992,19,70-74 years,48,44,175927.32490835447,140035.41308294272,223430.424651707,21522174981.23466,17189842692.639317,27884390413.323555,0.02152217498123466,0.017189842692639318,0.027884390413323554
1992,20,75-79 years,48,44,124476.08059197196,99583.68217265091,157684.17500825963,24918936008.936,19851958274.888912,31718129276.908947,0.024918936008936,0.019851958274888913,0.031718129276908945
1992,30,80-84 years,48,44,72096.17425910088,56935.930878037274,88861.34860762599,23705588896.886616,17857826984.367332,30688263962.773247,0.023705588896886617,0.01785782698436733,0.030688263962773247
1992,31,85-89 years,48,44,27683.302506507673,21222.314064388604,34369.883051389326,14859968584.950533,10666093778.309679,19908877416.003086,0.014859968584950534,0.010666093778309679,0.019908877416003085
1992,32,90-94 years,48,44,7327.435922005799,5278.329621408888,9142.964235071362,6194787683.212775,4047752749.6001687,8633846064.868092,0.006194787683212776,0.004047752749600168,0.008633846064868092
1992,235,95+ years,48,44,1324.7044199411805,918.9846933172873,1751.814207063464,1627224856.0616763,1020879125.3534496,2441513686.2622085,0.0016272248560616762,0.0010208791253534496,0.0024415136862622083
1993,1,<5 years,48,48,0,0,0,0,0,0,0,0,0
1993,6,5-9 years,48,48,0,0,0,0,0,0,0,0,0
1993,7,10-14 years,48,48,0,0,0,0,0,0,0,0,0
1993,8,15-19 years,48,48,0,0,0,0,0,0,0,0,0
1993,9,20-24 years,48,44,8050.791445773048,5973.060031889581,10603.518750273224,91213164.0124225,64340316.88039414,124929380.46509255,9.121316401242251e-5,6.434031688039414e-5,1.2492938046509256e-4
1993,10,25-29 years,48,44,12764.253086216317,9225.851256543941,16746.3558000525,157997334.677386,110589110.719169,215647347.9302807,1.5799733467738598e-4,1.10589110719169e-4,2.156473479302807e-4
1993,11,30-34 years,48,44,22354.871193588966,16673.50364190973,29469.013399147032,337512828.8404512,242427601.52692166,460451195.53886217,3.375128288404512e-4,2.4242760152692167e-4,4.604511955388622e-4
1993,12,35-39 years,48,44,39331.653087584076,29123.868271959243,51940.178194802305,715594226.033606,511733513.2652001,980422833.8471603,7.155942260336061e-4,5.117335132652001e-4,9.804228338471603e-4
1993,13,40-44 years,48,44,63738.50434204384,47766.57799864635,83733.21434553181,1552207316.515865,1138498248.6100354,2094030027.3026946,0.001552207316515865,0.0011384982486100355,0.0020940300273026946
1993,14,45-49 years,48,44,88704.9515972597,65686.54690660733,112818.25086456446,2839429284.021743,2136805820.0299766,3726010236.2120304,0.002839429284021743,0.0021368058200299765,0.0037260102362120305
1993,15,50-54 years,48,44,128164.02486449911,98249.17037683234,166448.5515183739,5360575245.663084,4109496037.8808985,7057510022.605999,0.005360575245663084,0.004109496037880899,0.007057510022605999
1993,16,55-59 years,48,44,178494.23492492764,139274.12091042646,230858.7968352458,9183534794.469194,7226889440.92598,12028738895.140839,0.009183534794469194,0.00722688944092598,0.012028738895140839
1993,17,60-64 years,48,44,226542.1850219303,182132.4162203697,293376.6768418819,14806474533.824352,11942137288.80415,19224825248.791786,0.014806474533824353,0.01194213728880415,0.019224825248791787
1993,18,65-69 years,48,44,216119.4446992064,171873.08028520297,278514.30706448,19512229708.015293,15722603507.16264,25292317389.026974,0.019512229708015295,0.01572260350716264,0.025292317389026972
1993,19,70-74 years,48,44,180699.226214186,143231.91752851958,229828.03775425922,22766115004.80603,18166224591.13314,29662479129.666454,0.02276611500480603,0.01816622459113314,0.029662479129666453
1993,20,75-79 years,48,44,127144.46128501002,101827.22643788774,159651.61241177117,25718817688.088997,20441834552.80344,32927950007.60578,0.025718817688088997,0.02044183455280344,0.03292795000760578
1993,30,80-84 years,48,44,74870.41922799681,58761.75031679941,92244.39717230632,25053728197.589027,18760880888.418797,32646412084.100616,0.025053728197589026,0.018760880888418797,0.032646412084100615
1993,31,85-89 years,48,44,29592.613180895387,22639.664024702808,36679.37811887646,16159078110.74485,11473560567.243057,21745418444.884556,0.01615907811074485,0.011473560567243057,0.021745418444884555
1993,32,90-94 years,48,44,7986.611566099999,5729.957022837673,9935.630335882122,6828388828.638648,4459195420.279843,9522254430.75936,0.006828388828638648,0.004459195420279843,0.00952225443075936
1993,235,95+ years,48,44,1551.8606644452527,1074.2581941331391,2020.6788831123743,1989572981.0447755,1226876219.9412808,2963124461.106117,0.0019895729810447756,0.001226876219941281,0.002963124461106117
1994,1,<5 years,48,48,0,0,0,0,0,0,0,0,0
1994,6,5-9 years,48,48,0,0,0,0,0,0,0,0,0
1994,7,10-14 years,48,48,0,0,0,0,0,0,0,0,0
1994,8,15-19 years,48,48,0,0,0,0,0,0,0,0,0
1994,9,20-24 years,48,45,7805.088331819678,5851.595247635559,10315.278988856779,95629569.32858561,67793726.3263376,131584653.80551662,9.562956932858561e-5,6.779372632633761e-5,1.315846538055166e-4
1994,10,25-29 years,48,45,12983.075877012967,9478.28852075438,17145.03721192085,171627170.150129,120190930.98850635,236885752.96515322,1.71627170150129e-4,1.2019093098850635e-4,2.3688575296515322e-4
1994,11,30-34 years,48,45,23576.8950740285,17388.618201703637,30568.354256484436,367553762.5503911,259937239.76928392,502731924.2567043,3.6755376255039106e-4,2.599372397692839e-4,5.027319242567042e-4
1994,12,35-39 years,48,45,39095.31895733387,28856.135312903985,51573.73566724809,752948303.1746229,534715464.5910606,1033616767.7693212,7.529483031746229e-4,5.347154645910606e-4,0.0010336167677693212
1994,13,40-44 years,48,45,65237.39691082558,48842.95547709051,85523.60349961677,1607606381.279862,1161301943.0865698,2179808517.1590266,0.001607606381279862,0.0011613019430865698,0.0021798085171590266
1994,14,45-49 years,48,45,92609.42851669698,68482.65347631047,118949.53135093581,3000725482.4213734,2221090482.374681,3969757776.058633,0.0030007254824213733,0.0022210904823746808,0.003969757776058633
1994,15,50-54 years,48,45,127897.10379962847,98445.81400538515,165704.50683291713,5548050247.70943,4249301679.492953,7320140688.711508,0.00554805024770943,0.004249301679492953,0.007320140688711508
1994,16,55-59 years,48,45,175325.32857707975,136973.04486028742,227026.0927573204,9195903953.645407,7163580430.011953,12154904888.977392,0.009195903953645407,0.007163580430011953,0.012154904888977393
1994,17,60-64 years,48,45,227688.57497281383,181050.53255915476,292717.27849518944,15229768581.370308,12199075634.408525,19750805014.847,0.015229768581370307,0.012199075634408526,0.019750805014847002
1994,18,65-69 years,48,45,220060.17859509142,173735.25125681108,283688.5950751807,20519346927.396717,16408875304.821781,26685762816.174633,0.020519346927396716,0.016408875304821782,0.026685762816174633
1994,19,70-74 years,48,45,185910.98248504655,148603.99866367417,233459.28708426023,24152795148.333836,19347779210.91766,31385991690.280045,0.024152795148333836,0.01934777921091766,0.03138599169028004
1994,20,75-79 years,48,45,127875.14495506951,102215.26205665615,160015.71345846844,25933004821.735874,20608013964.4904,33416248802.770348,0.025933004821735873,0.0206080139644904,0.033416248802770346
1994,30,80-84 years,48,45,77144.37424443378,60226.53133730431,95190.39814459908,26177963433.28365,19601712793.087914,34279524232.810413,0.02617796343328365,0.019601712793087915,0.034279524232810415
1994,31,85-89 years,48,45,32047.735832452927,24401.771177335653,39851.1358832747,18049153654.221497,12765592478.39148,24386780200.11362,0.018049153654221498,0.01276559247839148,0.02438678020011362
1994,32,90-94 years,48,45,8878.252265170173,6307.7419855041435,11035.334532536528,7792990801.392358,5023553896.139219,10860568635.563196,0.0077929908013923575,0.005023553896139219,0.010860568635563197
1994,235,95+ years,48,45,1779.93035793709,1234.6667772019227,2323.291765255529,2381759792.4078245,1473182075.448392,3534273574.588417,0.0023817597924078245,0.0014731820754483919,0.003534273574588417
1995,1,<5 years,48,48,0,0,0,0,0,0,0,0,0
1995,6,5-9 years,48,48,0,0,0,0,0,0,0,0,0
1995,7,10-14 years,48,48,0,0,0,0,0,0,0,0,0
1995,8,15-19 years,48,48,0,0,0,0,0,0,0,0,0
1995,9,20-24 years,48,45,7531.405695508985,5665.607652059444,9970.467557809865,100296767.22488128,71246925.29740052,137619378.4330492,1.0029676722488127e-4,7.124692529740052e-5,1.376193784330492e-4
1995,10,25-29 years,48,45,13070.717674167943,9786.832681845955,17335.383564726646,187039661.92841047,132227512.08401796,260387908.72100583,1.8703966192841048e-4,1.3222751208401796e-4,2.6038790872100583e-4
1995,11,30-34 years,48,45,24794.983001675017,18246.85761422181,32467.708955635455,406890264.4069214,287240904.7511639,560408538.2812642,4.068902644069214e-4,2.872409047511639e-4,5.604085382812642e-4
1995,12,35-39 years,48,45,38892.8312153475,28248.080891846952,51534.79000726013,806596717.7134943,563464160.7095126,1111197310.264957,8.065967177134943e-4,5.634641607095126e-4,0.001111197310264957
1995,13,40-44 years,48,45,67541.91147684214,50852.19291997743,89425.33175111566,1719091897.4316096,1234262942.2931902,2343910501.0619826,0.0017190918974316096,0.0012342629422931902,0.0023439105010619825
1995,14,45-49 years,48,45,95280.40373064067,70396.8231142373,123192.4127262003,3311530312.681771,2445665503.797176,4374563253.1129265,0.0033115303126817707,0.002445665503797176,0.004374563253112926
1995,15,50-54 years,48,45,127130.0063492099,97393.79700508658,164956.54514999088,5760440386.464431,4390228106.445162,7616784180.579595,0.005760440386464431,0.004390228106445162,0.007616784180579594
1995,16,55-59 years,48,45,172973.40040749518,134197.7434960933,222255.77641782557,9510345291.122799,7369293831.122829,12535445955.44695,0.0095103452911228,0.007369293831122829,0.012535445955446952
1995,17,60-64 years,48,45,227646.3543929957,180220.65581482602,291917.3504791899,15897522514.527918,12623218120.661911,20622388872.21925,0.015897522514527918,0.012623218120661911,0.02062238887221925
1995,18,65-69 years,48,45,223481.93831488464,175423.09458252465,288866.705751201,21839322568.1142,17448316530.411407,28543917842.27873,0.0218393225681142,0.017448316530411408,0.028543917842278728
1995,19,70-74 years,48,45,189854.36350529865,151612.3435306225,238691.87079586583,25989756320.855625,20764302919.567566,33747105576.448185,0.025989756320855626,0.020764302919567566,0.03374710557644819
1995,20,75-79 years,48,45,131429.85129733072,105915.56025421385,164909.62634010008,28146339555.432545,22458586254.592907,36223010388.492386,0.028146339555432543,0.02245858625459291,0.036223010388492384
1995,30,80-84 years,48,45,79235.5590876475,61519.446747189904,97188.79409033939,28347464121.636555,21096050208.632473,37047369026.24002,0.028347464121636554,0.021096050208632474,0.03704736902624002
1995,31,85-89 years,48,45,33971.51519606547,25754.04757134303,42500.609163875895,20380969096.6141,14382417058.568,27538592386.533417,0.0203809690966141,0.014382417058568001,0.027538592386533417
1995,32,90-94 years,48,45,9835.836130728794,7067.657155316723,12345.817597649591,9123373392.9061,5964783609.800433,12835119143.70054,0.009123373392906099,0.005964783609800433,0.01283511914370054
1995,235,95+ years,48,45,2046.6717263511564,1431.1639351699857,2672.7109418981904,2929390361.9162083,1837379176.0746675,4353907256.08647,0.0029293903619162084,0.0018373791760746675,0.0043539072560864695
1996,1,<5 years,48,48,0,0,0,0,0,0,0,0,0
1996,6,5-9 years,48,48,0,0,0,0,0,0,0,0,0
1996,7,10-14 years,48,48,0,0,0,0,0,0,0,0,0
1996,8,15-19 years,48,48,0,0,0,0,0,0,0,0,0
1996,9,20-24 years,48,45,7271.285508002,5450.221284410094,9722.626507776822,104255692.2653345,74234489.86230393,144112214.9220795,1.042556922653345e-4,7.423448986230393e-5,1.4411221492207951e-4
1996,10,25-29 years,48,45,13125.088820421051,9771.815141366444,17245.229394403246,202001664.17423388,143506360.75674477,276974784.98094755,2.020016641742339e-4,1.4350636075674477e-4,2.769747849809476e-4
1996,11,30-34 years,48,45,25902.451742241617,19171.319172220075,33707.603013461616,440879836.2474587,312099777.7000694,602342712.5593961,4.408798362474587e-4,3.120997777000694e-4,6.023427125593961e-4
1996,12,35-39 years,48,45,39347.41218420045,28880.17872134622,52034.84157455123,853115300.2221787,598472751.3888323,1170642831.6065001,8.531153002221787e-4,5.984727513888323e-4,0.0011706428316065002
1996,13,40-44 years,48,45,69044.36118068553,51193.01531912623,91100.55496279914,1814127236.7218554,1280617165.3498182,2467674051.813684,0.0018141272367218555,0.0012806171653498182,0.002467674051813684
1996,14,45-49 years,48,45,100161.62520676714,73536.68508672008,130039.6552596585,3656739111.8555155,2684640188.001939,4829287651.25106,0.0036567391118555153,0.002684640188001939,0.00482928765125106
1996,15,50-54 years,48,45,128211.3732472137,95486.09287113298,167239.1667332271,5884787875.409701,4405966727.294873,7828352617.610406,0.005884787875409701,0.0044059667272948735,0.007828352617610406
1996,16,55-59 years,48,45,173001.46290151917,132858.28281645608,225274.35840659944,9882071620.387535,7574446619.125947,13081767993.666264,0.009882071620387536,0.007574446619125947,0.013081767993666263
1996,17,60-64 years,48,45,230423.61041622376,182947.94515521472,295623.2517545293,16472442937.476768,12994330152.38689,21431273609.45504,0.01647244293747677,0.01299433015238689,0.02143127360945504
1996,18,65-69 years,48,45,226658.29045842838,178868.57437636267,291761.9324599605,22507103088.302925,17951562163.780155,29476350429.144775,0.022507103088302925,0.017951562163780157,0.029476350429144774
1996,19,70-74 years,48,45,194185.95695980618,155066.30851770143,244096.35494762153,27201997350.505314,21616246982.897,35200441325.01643,0.027201997350505314,0.021616246982897,0.035200441325016436
1996,20,75-79 years,48,45,134143.2294469395,107750.4734795084,171182.44321684894,28940043793.348743,22848242744.918488,37550504528.94375,0.028940043793348743,0.02284824274491849,0.03755050452894375
1996,30,80-84 years,48,45,80645.17372593342,62924.683602293204,98646.06817191119,28959567256.714016,21583217802.03266,37820679297.46737,0.028959567256714017,0.02158321780203266,0.037820679297467366
1996,31,85-89 years,48,45,35121.44496751873,26744.20571081534,44114.44611319555,21313345696.267937,15056771660.539137,29024780234.47951,0.021313345696267937,0.015056771660539137,0.029024780234479512
1996,32,90-94 years,48,45,10245.19855282778,7304.562747013985,12905.012031804412,9738052434.045305,6290746399.111632,13783849611.30806,0.009738052434045305,0.0062907463991116325,0.01378384961130806
1996,235,95+ years,48,45,2304.6398908628744,1608.8797936592466,3025.9395185295652,3450672272.833327,2164885692.075132,5161175629.3011055,0.003450672272833327,0.002164885692075132,0.005161175629301106
1997,1,<5 years,48,48,0,0,0,0,0,0,0,0,0
1997,6,5-9 years,48,48,0,0,0,0,0,0,0,0,0
1997,7,10-14 years,48,48,0,0,0,0,0,0,0,0,0
1997,8,15-19 years,48,48,0,0,0,0,0,0,0,0,0
1997,9,20-24 years,48,45,6971.838545672116,5235.498333444003,9193.68029587628,104933418.66500197,74851773.64258768,144091208.58414385,1.0493341866500198e-4,7.485177364258767e-5,1.4409120858414385e-4
1997,10,25-29 years,48,45,13042.014288644757,9590.17929221396,17011.81495835559,208751317.01574093,147639083.80891722,284233012.6647569,2.0875131701574094e-4,1.4763908380891722e-4,2.842330126647569e-4
1997,11,30-34 years,48,45,26651.70249339532,19676.151949631752,34238.522822406885,466049757.8291707,330060801.7689125,628411171.7367277,4.660497578291707e-4,3.300608017689125e-4,6.284111717367278e-4
1997,12,35-39 years,48,45,40186.65546313801,29039.21413720995,53393.661642744344,886079364.7107844,613442482.4664066,1221152251.9865184,8.860793647107845e-4,6.134424824664066e-4,0.0012211522519865183
1997,13,40-44 years,48,45,69647.11028374215,51871.36208608159,91870.49701846,1860224622.6381907,1308326941.942519,2533844080.292249,0.0018602246226381907,0.001308326941942519,0.0025338440802922494
1997,14,45-49 years,48,45,102519.8872134539,74482.30020857492,134607.69188447823,3725851708.132415,2702013858.8725734,4941665426.78193,0.0037258517081324148,0.0027020138588725734,0.00494166542678193
1997,15,50-54 years,48,45,130543.21583717821,97811.14593633005,169772.72939227504,6048320052.182102,4529052307.853073,8007820393.724157,0.006048320052182102,0.004529052307853073,0.008007820393724158
1997,16,55-59 years,48,45,173125.19246614847,133326.90278182828,230967.97173334836,10158562418.18025,7752557369.490997,13560104276.792768,0.01015856241818025,0.007752557369490997,0.01356010427679277
1997,17,60-64 years,48,45,232842.03750530674,185275.71041015792,300922.2779576455,16963542114.555676,13342553432.706898,22141724775.434723,0.016963542114555676,0.013342553432706898,0.02214172477543472
1997,18,65-69 years,48,45,231329.79629679472,183719.11173605316,299399.151965093,23368609102.933315,18652931096.25195,30637808791.814423,0.023368609102933317,0.01865293109625195,0.030637808791814422
1997,19,70-74 years,48,45,199846.47189300798,159138.99451784126,254405.9202455099,28557467293.54157,22751351789.68151,37175767412.356995,0.02855746729354157,0.02275135178968151,0.037175767412356994
1997,20,75-79 years,48,45,138771.90909688332,110474.40496670787,175061.24243437653,30354065038.681583,23815574165.71388,39364069722.02998,0.030354065038681582,0.02381557416571388,0.039364069722029986
1997,30,80-84 years,48,45,83579.09120875393,64657.99359523005,101673.9367809699,30472626804.510902,22531225803.084747,39767789687.20513,0.0304726268045109,0.022531225803084746,0.03976778968720513
1997,31,85-89 years,48,45,37598.14143404647,28745.3444840534,46749.41613199725,23391164810.037884,16607722220.367758,31806049404.374886,0.023391164810037883,0.016607722220367757,0.031806049404374884
1997,32,90-94 years,48,45,11365.99375291836,8040.584196842302,14240.643485150156,11124159571.82854,7120357690.290889,15598339091.423786,0.011124159571828541,0.007120357690290889,0.015598339091423786
1997,235,95+ years,48,45,2701.1879928871276,1884.6399980596807,3532.764171801927,4175243629.0689273,2613849672.7833796,6235795860.754051,0.0041752436290689275,0.0026138496727833795,0.006235795860754051
1998,1,<5 years,48,48,0,0,0,0,0,0,0,0,0
1998,6,5-9 years,48,48,0,0,0,0,0,0,0,0,0
1998,7,10-14 years,48,48,0,0,0,0,0,0,0,0,0
1998,8,15-19 years,48,48,0,0,0,0,0,0,0,0,0
1998,9,20-24 years,48,45,6745.091740798185,5000.491166612095,8975.293763361215,102589156.90807128,72759474.35155027,141563248.58110437,1.0258915690807128e-4,7.275947435155027e-5,1.4156324858110436e-4
1998,10,25-29 years,48,45,12980.356944117408,9375.735534459069,17068.195928492667,210218507.04249844,147807082.32744414,286995111.2833588,2.1021850704249843e-4,1.4780708232744414e-4,2.869951112833588e-4
1998,11,30-34 years,48,45,27326.325514339078,20370.146626124595,35227.09136989899,481213592.9570448,344147016.75963706,649236277.942584,4.8121359295704477e-4,3.441470167596371e-4,6.492362779425841e-4
1998,12,35-39 years,48,45,42014.35919940722,30647.434489927877,57234.54345388251,912064189.4010631,639555397.6331277,1269269705.3489597,9.120641894010631e-4,6.395553976331277e-4,0.0012692697053489597
1998,13,40-44 years,48,45,70029.65158989384,52317.87542832915,92739.44677604784,1849597007.7703114,1313385320.7985766,2512087153.8560095,0.0018495970077703114,0.0013133853207985765,0.0025120871538560096
1998,14,45-49 years,48,45,106070.07387166399,77143.32924507053,139219.4563119315,3657456309.532554,2646370194.151954,4859921368.476451,0.003657456309532554,0.0026463701941519544,0.004859921368476451
1998,15,50-54 years,48,45,134030.25455697355,100358.44783914869,174554.21342673097,6074510092.269411,4555279581.93465,8004576404.645989,0.006074510092269411,0.00455527958193465,0.00800457640464599
1998,16,55-59 years,48,45,174568.17161223583,135567.6127122592,231177.89149167604,10107505333.082216,7777397171.5003,13389209978.123728,0.010107505333082216,0.0077773971715003,0.013389209978123727
1998,17,60-64 years,48,45,234690.97944761525,186088.26334765804,302665.4287562736,16769902486.135191,13123498846.332367,21847832469.054543,0.01676990248613519,0.013123498846332366,0.021847832469054543
1998,18,65-69 years,48,45,237448.7336739861,186506.76175096503,310654.3580442036,23556847143.385513,18679306879.07907,31042813001.263374,0.023556847143385514,0.01867930687907907,0.031042813001263374
1998,19,70-74 years,48,45,207741.14485953312,164272.06794561553,260787.37110984622,29427424854.46801,23306593987.069176,37968198521.06187,0.02942742485446801,0.023306593987069177,0.03796819852106187
1998,20,75-79 years,48,45,144874.00074963787,114910.62430973705,181589.57773092997,31112826637.412666,24287412406.49013,40374287542.36825,0.031112826637412667,0.02428741240649013,0.04037428754236825
1998,30,80-84 years,48,45,86303.76848194936,67330.84666288726,104795.01806608174,30664673745.715137,22795556938.363117,40136118749.23119,0.03066467374571514,0.022795556938363118,0.040136118749231196
1998,31,85-89 years,48,45,39625.3749011906,30139.953648112885,49404.48881892872,24284515406.851,17111277254.249166,33062369620.77651,0.024284515406851,0.017111277254249168,0.03306236962077651
1998,32,90-94 years,48,45,12362.739400718903,8713.318224031515,15459.741648312925,12023928219.499004,7645795557.586009,16809700851.195686,0.012023928219499004,0.007645795557586009,0.016809700851195687
1998,235,95+ years,48,45,3043.6538607615917,2122.6339484101377,3992.8501719169876,4683092432.515196,2921559945.697205,7022039601.421772,0.004683092432515196,0.0029215599456972052,0.007022039601421772
1999,1,<5 years,48,48,0,0,0,0,0,0,0,0,0
1999,6,5-9 years,48,48,0,0,0,0,0,0,0,0,0
1999,7,10-14 years,48,48,0,0,0,0,0,0,0,0,0
1999,8,15-19 years,48,48,0,0,0,0,0,0,0,0,0
1999,9,20-24 years,48,45,6654.440278192929,4994.406889452244,8751.108783299456,105906370.26055825,75629363.89245684,145469934.83417603,1.0590637026055824e-4,7.562936389245685e-5,1.4546993483417604e-4
1999,10,25-29 years,48,45,13025.477963971323,9224.276219476755,17421.1839942888,222306101.02241692,153267180.7512716,308995191.8404032,2.223061010224169e-4,1.532671807512716e-4,3.089951918404032e-4
1999,11,30-34 years,48,45,28003.739058963158,20912.613233355245,36730.78467337833,516441572.6662904,368889172.172806,711690486.8645666,5.164415726662904e-4,3.68889172172806e-4,7.116904868645665e-4
1999,12,35-39 years,48,45,44650.032630724345,33183.858883156325,61064.097699236765,999568997.1847,710143046.0612218,1399578906.4550352,9.995689971847e-4,7.101430460612219e-4,0.0013995789064550352
1999,13,40-44 years,48,45,70639.74999949874,53044.17464471099,93463.97344095213,1949262627.6642516,1393296664.628906,2651321625.1865344,0.0019492626276642515,0.001393296664628906,0.0026513216251865344
1999,14,45-49 years,48,45,108989.93910656804,78964.5553387404,141779.4759105781,3781434627.3805785,2710989847.568984,5034754548.685165,0.0037814346273805787,0.002710989847568984,0.005034754548685166
1999,15,50-54 years,48,45,141692.12258779493,105439.26236789812,183485.27556582208,6581395482.443447,4913119805.967286,8680041085.311773,0.0065813954824434475,0.0049131198059672865,0.008680041085311773
1999,16,55-59 years,48,45,176754.02909954597,137877.2693522252,234738.1864423568,10662893501.174446,8219789593.346125,14125933429.454231,0.010662893501174445,0.008219789593346124,0.014125933429454231
1999,17,60-64 years,48,45,237037.86278947679,186320.2121974082,311349.80849597027,17432379574.68778,13520527457.728464,22951662853.47819,0.017432379574687778,0.013520527457728464,0.022951662853478192
1999,18,65-69 years,48,45,244276.97023377926,192265.436373439,320812.270052971,24755183406.16028,19611219134.253258,32667781097.338387,0.02475518340616028,0.019611219134253257,0.03266778109733839
1999,19,70-74 years,48,45,217580.77606496942,171476.3477335235,270223.8885853547,31854638841.126083,25034648345.554512,40835907840.50218,0.03185463884112608,0.02503464834555451,0.04083590784050218
1999,20,75-79 years,48,45,153236.01152608957,121254.10854563263,189811.91287906212,34087120991.511364,26480973459.262585,44316933265.138275,0.034087120991511365,0.026480973459262584,0.044316933265138275
1999,30,80-84 years,48,45,89322.54807029742,69726.06505045318,108967.08263483988,32327743309.058907,24048640694.149204,42451022425.82366,0.03232774330905891,0.024048640694149203,0.04245102242582366
1999,31,85-89 years,48,45,42291.19143764795,32150.679492673542,52453.16639820568,26587016680.182056,18682749317.317245,36350848061.71263,0.026587016680182058,0.018682749317317244,0.03635084806171263
1999,32,90-94 years,48,45,13842.337342178067,9716.314760776235,17287.199124143477,13832904757.691504,8763435427.904623,19480120094.4263,0.013832904757691503,0.008763435427904623,0.0194801200944263
1999,235,95+ years,48,45,3460.425975335629,2380.677576635646,4533.836551117463,5419075843.920841,3343234446.392326,8139177506.753042,0.005419075843920841,0.003343234446392326,0.008139177506753041
2000,1,<5 years,48,48,0,0,0,0,0,0,0,0,0
2000,6,5-9 years,48,48,0,0,0,0,0,0,0,0,0
2000,7,10-14 years,48,48,0,0,0,0,0,0,0,0,0
2000,8,15-19 years,48,48,0,0,0,0,0,0,0,0,0
2000,9,20-24 years,48,46,6630.592838432745,4904.956179710072,8831.444015825367,113266916.11594866,80421859.39706695,156362864.66913137,1.1326691611594867e-4,8.042185939706695e-5,1.5636286466913136e-4
2000,10,25-29 years,48,46,12963.04315179804,9066.01567843068,17506.06657485778,238428625.59060147,163100863.02589583,333645687.5970102,2.3842862559060149e-4,1.6310086302589584e-4,3.336456875970102e-4
2000,11,30-34 years,48,46,28470.49128385968,20969.96245807757,37294.35500199129,563599138.8624505,396877921.4671393,775891667.9707358,5.635991388624505e-4,3.968779214671393e-4,7.758916679707358e-4
2000,12,35-39 years,48,46,47306.16942256221,35019.43879273882,64380.5451954484,1106629909.546666,784529280.1885077,1554346521.0498745,0.0011066299095466659,7.845292801885077e-4,0.0015543465210498745
2000,13,40-44 years,48,46,71410.43153720269,54038.375777894566,93257.33494163553,2069623485.5028415,1492438723.6135855,2794568964.427024,0.0020696234855028415,0.0014924387236135855,0.002794568964427024
2000,14,45-49 years,48,46,113738.09769735068,83056.80498649024,147240.91375958256,4025474690.12682,2872576430.6666,5362672282.313078,0.0040254746901268205,0.0028725764306666004,0.005362672282313078
2000,15,50-54 years,48,46,146631.402925281,109736.21408980434,188682.93496301997,7274587346.707749,5443692067.207717,9546108098.005497,0.007274587346707749,0.005443692067207717,0.009546108098005497
2000,16,55-59 years,48,46,177498.3076535218,139088.23650673722,230491.05245958056,11107060071.295746,8563025138.447789,14584711233.213812,0.011107060071295746,0.00856302513844779,0.014584711233213811
2000,17,60-64 years,48,46,237479.97752969622,187919.51641443363,308279.0184327613,18301147258.89787,14234506951.213224,23964033108.670795,0.01830114725889787,0.014234506951213224,0.023964033108670794
2000,18,65-69 years,48,46,248376.49020044808,194698.29675925255,325132.70035081956,26206310429.754494,20661672397.629078,34646407448.98601,0.026206310429754492,0.020661672397629078,0.034646407448986005
2000,19,70-74 years,48,46,223843.1269016056,174492.31090435103,279291.2914276435,33677561097.294674,26195272889.937756,43462793787.99443,0.033677561097294674,0.026195272889937754,0.04346279378799443
2000,20,75-79 years,48,46,157920.08586046772,123637.04204548137,193417.95091657992,36183295293.30776,27881918001.922127,46965246153.86851,0.036183295293307764,0.027881918001922128,0.04696524615386851
2000,30,80-84 years,48,46,91760.09794682953,71213.58690671367,111830.44706948476,33892799843.338486,25055000555.019978,44612631109.00061,0.033892799843338484,0.02505500055501998,0.04461263110900061
2000,31,85-89 years,48,46,43386.331721605464,32612.3863180953,53777.17908598698,27982875257.746174,19308677077.847458,38580264092.64776,0.027982875257746172,0.019308677077847457,0.03858026409264776
2000,32,90-94 years,48,46,14998.059235593564,10538.12274158683,18725.704584039788,15945233962.325254,10093828552.303606,22555024776.173534,0.015945233962325254,0.010093828552303606,0.022555024776173535
2000,235,95+ years,48,46,3752.3664211748273,2587.0229250221764,4910.838903778277,6197758118.138844,3819535915.4277945,9280296900.68023,0.006197758118138844,0.0038195359154277945,0.009280296900680229
2001,1,<5 years,48,48,0,0,0,0,0,0,0,0,0
2001,6,5-9 years,48,48,0,0,0,0,0,0,0,0,0
2001,7,10-14 years,48,48,0,0,0,0,0,0,0,0,0
2001,8,15-19 years,48,48,0,0,0,0,0,0,0,0,0
2001,9,20-24 years,48,46,6575.030922105712,4796.122002716853,8797.571182300622,117488783.30865456,82912473.08149096,162122735.08861932,1.1748878330865456e-4,8.291247308149097e-5,1.6212273508861932e-4
2001,10,25-29 years,48,46,12667.471822214042,9002.183785490917,17096.81953646746,245738378.89805245,169867481.50467414,342259977.15594244,2.4573837889805243e-4,1.6986748150467414e-4,3.4225997715594246e-4
2001,11,30-34 years,48,46,28624.65906862494,21247.597196653493,38115.263230187884,594425150.488664,420994251.70561713,829726738.5356623,5.94425150488664e-4,4.209942517056171e-4,8.297267385356623e-4
2001,12,35-39 years,48,46,49119.64545106998,36274.422242050554,65964.52972179328,1174230572.9832327,825985573.8736676,1638254911.660589,0.0011742305729832328,8.259855738736676e-4,0.001638254911660589
2001,13,40-44 years,48,46,72473.76091515717,54735.69464912771,95043.09222101596,2175558101.2946215,1570560338.7823188,2952426090.42816,0.0021755581012946213,0.0015705603387823187,0.0029524260904281604
2001,14,45-49 years,48,46,117240.26331651247,85588.13937066722,152645.52022278655,4243177347.4147797,3016951667.665309,5692405068.454518,0.00424317734741478,0.003016951667665309,0.005692405068454518
2001,15,50-54 years,48,46,153779.77527621362,115531.5360215129,196714.51227507612,7845787499.890269,5904693414.004999,10237429493.866598,0.00784578749989027,0.0059046934140049995,0.010237429493866598
2001,16,55-59 years,48,46,180204.46966560787,139777.83434023897,231562.29937514468,11234238017.404829,8588055535.154951,14720379203.270876,0.01123423801740483,0.00858805553515495,0.014720379203270876
2001,17,60-64 years,48,46,238595.555872734,187904.32678599504,309349.26109363115,18812634462.933033,14544635678.767134,24643347563.379337,0.018812634462933034,0.014544635678767133,0.024643347563379336
2001,18,65-69 years,48,46,252394.32195372498,196848.1629919332,328151.8494505073,27040400966.766624,21093610831.623253,35758638744.00817,0.027040400966766624,0.02109361083162325,0.03575863874400817
2001,19,70-74 years,48,46,229779.43803983714,180586.6162897312,286661.4520040848,35121180435.96846,27333403837.694294,45395916344.25136,0.03512118043596846,0.027333403837694295,0.04539591634425136
2001,20,75-79 years,48,46,163919.2312499691,128099.88582170663,200700.9401141947,38348458414.60806,29620310519.003883,49876342804.98223,0.038348458414608065,0.029620310519003882,0.04987634280498223
2001,30,80-84 years,48,46,94785.70552572822,73424.65882446522,115626.68077646541,35374484000.41771,25989314123.908157,46792313103.58283,0.03537448400041771,0.025989314123908158,0.04679231310358283
2001,31,85-89 years,48,46,45455.22385761095,33987.55629202043,56222.211057009394,29847388762.436417,20494348362.838703,41196318672.0063,0.029847388762436415,0.020494348362838703,0.0411963186720063
2001,32,90-94 years,48,46,16522.48836015031,11568.518694952467,20457.56444588803,18211088775.076126,11500997541.04118,25520498062.75203,0.018211088775076125,0.01150099754104118,0.02552049806275203
2001,235,95+ years,48,46,4069.9890861796157,2827.246049554642,5320.596885348121,6894476718.540844,4277295969.796069,10359981348.557959,0.006894476718540844,0.004277295969796069,0.01035998134855796
2002,1,<5 years,48,48,0,0,0,0,0,0,0,0,0
2002,6,5-9 years,48,48,0,0,0,0,0,0,0,0,0
2002,7,10-14 years,48,48,0,0,0,0,0,0,0,0,0
2002,8,15-19 years,48,48,0,0,0,0,0,0,0,0,0
2002,9,20-24 years,48,46,6445.069352975644,4651.696548399404,8565.102999605708,120974250.5456452,85034580.36691268,166929060.51639786,1.2097425054564521e-4,8.503458036691268e-5,1.6692906051639787e-4
2002,10,25-29 years,48,46,12180.143190056706,8693.032640098065,16127.956150175385,250567736.8881498,173412395.32169613,344876857.6139562,2.5056773688814977e-4,1.7341239532169613e-4,3.4487685761395623e-4
2002,11,30-34 years,48,46,28340.381417211356,20863.22710576676,37092.02189604281,619757148.6831934,436993664.4837658,851364075.2810191,6.197571486831934e-4,4.369936644837658e-4,8.513640752810191e-4
2002,12,35-39 years,48,46,49964.55566444378,36497.0462357139,66518.00237140783,1239404670.2378147,867199219.1425645,1719504681.1645567,0.0012394046702378146,8.671992191425646e-4,0.0017195046811645568
2002,13,40-44 years,48,46,73336.51000719325,55528.029687638715,96693.84010021768,2254102571.1346965,1631802661.8228304,3064304336.114466,0.0022541025711346964,0.0016318026618228304,0.003064304336114466
2002,14,45-49 years,48,46,118324.86620834393,85193.41755467036,152972.22426313514,4380970182.538356,3085632674.6581297,5869955530.970312,0.004380970182538356,0.0030856326746581298,0.0058699555309703125
2002,15,50-54 years,48,46,158138.5457560035,117318.44205285957,202545.32919332667,8168025629.205108,6067732441.532379,10741797971.61242,0.008168025629205107,0.006067732441532379,0.01074179797161242
2002,16,55-59 years,48,46,185947.10884662616,142498.9327734652,238372.3083777355,11854264626.237017,9010955640.303993,15534429373.29824,0.011854264626237017,0.009010955640303993,0.01553442937329824
2002,17,60-64 years,48,46,239716.36403884113,186610.81847250552,305899.4031712682,19575121595.7387,15089634275.940199,25490504124.195595,0.019575121595738702,0.015089634275940199,0.025490504124195595
2002,18,65-69 years,48,46,255985.78016789895,197988.2033468114,334145.8667757324,28135897069.14152,21798048550.032967,37423138038.8189,0.028135897069141522,0.021798048550032968,0.0374231380388189
2002,19,70-74 years,48,46,235257.00727535135,183194.0067803759,294073.2630022638,36978006226.66942,28575489276.342354,48072242354.39485,0.03697800622666942,0.028575489276342354,0.048072242354394855
2002,20,75-79 years,48,46,169817.16793890216,132931.78483350915,208366.73105112082,40741353176.25146,31351468971.842567,53085726022.29364,0.04074135317625146,0.031351468971842565,0.05308572602229364
2002,30,80-84 years,48,46,98219.44701621923,75635.90072046417,119953.45960688865,37500313409.956276,27303503300.786415,49744859497.44309,0.03750031340995628,0.027303503300786416,0.04974485949744309
2002,31,85-89 years,48,46,47227.225055536386,35445.07793781015,58376.75806184496,31567363000.93381,21736451891.833275,43540626636.797585,0.03156736300093381,0.021736451891833274,0.043540626636797586
2002,32,90-94 years,48,46,17727.151571348713,12338.161959055707,21970.68908344811,20104720312.07679,12558868551.959156,28364897112.07075,0.02010472031207679,0.012558868551959156,0.028364897112070752
2002,235,95+ years,48,46,4594.22624914748,3213.401151377395,5968.901124708581,8075358533.033641,5054531954.058976,12133638086.989815,0.008075358533033641,0.005054531954058976,0.012133638086989815
2003,1,<5 years,48,48,0,0,0,0,0,0,0,0,0
2003,6,5-9 years,48,48,0,0,0,0,0,0,0,0,0
2003,7,10-14 years,48,48,0,0,0,0,0,0,0,0,0
2003,8,15-19 years,48,48,0,0,0,0,0,0,0,0,0
2003,9,20-24 years,48,46,6376.937401248195,4631.164476382956,8423.075336826121,127960073.07898824,90924185.15614098,175206712.95569357,1.2796007307898824e-4,9.092418515614099e-5,1.7520671295569358e-4
2003,10,25-29 years,48,46,11674.65934576727,8306.32693631206,15524.13602788263,258417778.03514928,179448955.48440674,356076027.9521779,2.5841777803514926e-4,1.7944895548440673e-4,3.560760279521779e-4
2003,11,30-34 years,48,46,27674.76962273111,20248.882635793325,36045.10032100103,651160669.0745829,461084426.5400829,891326444.8577598,6.51160669074583e-4,4.610844265400829e-4,8.913264448577598e-4
2003,12,35-39 years,48,46,50917.38944922249,37119.91619927383,67172.2574616616,1334459782.3986359,941070282.0203465,1840835334.6513188,0.0013344597823986358,9.410702820203465e-4,0.001840835334651319
2003,13,40-44 years,48,46,75646.43599331382,56738.37080694901,99273.82168819709,2426060712.799064,1748048923.5257127,3303243525.2146797,0.002426060712799064,0.0017480489235257128,0.00330324352521468
2003,14,45-49 years,48,46,118766.98073273587,84712.46682114356,153567.81837925824,4618017708.783236,3227923506.718247,6184106685.828311,0.0046180177087832355,0.003227923506718247,0.006184106685828311
2003,15,50-54 years,48,46,163306.47217376123,120693.43686211237,208598.2794262021,8588681336.775254,6332347497.507476,11331358956.85061,0.008588681336775254,0.006332347497507476,0.01133135895685061
2003,16,55-59 years,48,46,191238.9022936075,145790.3169670087,246353.34455259293,12710979960.866985,9658324714.579374,16794972168.636562,0.012710979960866986,0.009658324714579374,0.01679497216863656
2003,17,60-64 years,48,46,240029.4475992443,187502.18195797072,306162.1978278859,20397717496.590748,15682070718.406567,26731193189.616516,0.020397717496590747,0.015682070718406566,0.026731193189616517
2003,18,65-69 years,48,46,258736.86870297443,200464.4476285316,337951.79975421634,29447798088.862957,22669699174.835632,39545834312.472046,0.029447798088862956,0.022669699174835634,0.03954583431247204
2003,19,70-74 years,48,46,239932.88763371966,187379.5227070357,300270.7128493858,38913271967.88262,30012956728.34745,51034074253.71834,0.03891327196788262,0.03001295672834745,0.05103407425371834
2003,20,75-79 years,48,46,176004.7591275781,137296.82600748778,218687.36275257528,43444614489.12548,33277441887.7384,57204850423.72089,0.04344461448912548,0.0332774418877384,0.057204850423720886
2003,30,80-84 years,48,46,102508.0190661485,78606.5013784516,125417.162400504,40524730926.511696,29256564015.831802,54005915173.38864,0.040524730926511696,0.029256564015831803,0.05400591517338864
2003,31,85-89 years,48,46,49065.349802938086,36817.791718503424,61247.53579119338,33751220106.255577,23171591097.829346,47086629283.80724,0.03375122010625558,0.023171591097829347,0.047086629283807246
2003,32,90-94 years,48,46,19150.897483003264,13357.364733141792,23745.616235203437,22586455708.498222,14130635465.551865,32088185786.583336,0.022586455708498224,0.014130635465551865,0.03208818578658334
2003,235,95+ years,48,46,5213.53266416029,3591.504171411668,6788.53889675737,9573653785.22009,5905149318.069185,14442457020.819416,0.00957365378522009,0.005905149318069185,0.014442457020819416
2004,1,<5 years,48,48,0,0,0,0,0,0,0,0,0
2004,6,5-9 years,48,48,0,0,0,0,0,0,0,0,0
2004,7,10-14 years,48,48,0,0,0,0,0,0,0,0,0
2004,8,15-19 years,48,48,0,0,0,0,0,0,0,0,0
2004,9,20-24 years,48,46,6329.51584078151,4550.850966604597,8323.219208153765,138510300.6650194,98026913.12949003,189095818.54226932,1.3851030066501938e-4,9.802691312949003e-5,1.8909581854226933e-4
2004,10,25-29 years,48,46,11184.360572296202,8002.430082929966,14735.706409320652,271412035.78945833,189709327.14064965,371860304.2842085,2.714120357894583e-4,1.8970932714064965e-4,3.7186030428420846e-4
2004,11,30-34 years,48,46,26827.631495407375,19938.38037166475,34838.3392422689,693960610.4559577,499110446.31239015,942368945.0343319,6.939606104559577e-4,4.991104463123901e-4,9.423689450343319e-4
2004,12,35-39 years,48,46,50996.3074292732,37433.79388122731,66987.64559005317,1445161395.2292545,1029517061.9935284,1985895602.3503675,0.0014451613952292544,0.0010295170619935283,0.0019858956023503676
2004,13,40-44 years,48,46,77912.1054313943,57890.87643884489,102147.04089666963,2659718446.513234,1916994358.4352086,3638670927.3352485,0.002659718446513234,0.0019169943584352086,0.0036386709273352486
2004,14,45-49 years,48,46,117426.95818570016,84996.06082211119,148687.51910365294,4978468763.668111,3527068268.331607,6596975380.2537,0.004978468763668111,0.003527068268331607,0.006596975380253701
2004,15,50-54 years,48,46,166349.70079456636,125048.51249698308,211992.025441869,9136321797.875036,6787703210.589399,12086520905.55831,0.009136321797875036,0.006787703210589399,0.012086520905558309
2004,16,55-59 years,48,46,198861.16393889402,152167.99741544094,256400.57414603018,14102914141.813402,10706972028.609762,18685696822.112797,0.014102914141813402,0.010706972028609762,0.018685696822112796
2004,17,60-64 years,48,46,240905.93361260043,187514.03426653944,305040.6885180626,21942294021.806313,16832300229.308838,28697621330.89834,0.02194229402180631,0.016832300229308837,0.02869762133089834
2004,18,65-69 years,48,46,257706.62296766494,197427.3074610506,332925.306941457,30894022805.122616,23582414422.146343,41334561281.215515,0.030894022805122615,0.02358241442214634,0.041334561281215515
2004,19,70-74 years,48,46,243507.52325735256,189334.6705352431,305103.41826876823,41634993853.95465,31924237244.414604,54867590689.83454,0.04163499385395465,0.0319242372444146,0.054867590689834544
2004,20,75-79 years,48,46,181904.01111752717,142553.00332321334,225395.43495387293,47416511841.375885,36152328898.919975,62431594316.920586,0.04741651184137589,0.03615232889891998,0.06243159431692059
2004,30,80-84 years,48,46,106587.48514585446,81002.56346795434,129969.12029404803,44410710270.43122,31691784427.722614,59178266226.3709,0.04441071027043122,0.031691784427722615,0.0591782662263709
2004,31,85-89 years,48,46,49940.92016723492,37252.064687392725,62056.84117232305,35609102541.89133,24236199054.84319,49634217456.86487,0.03560910254189133,0.02423619905484319,0.04963421745686487
2004,32,90-94 years,48,46,20251.55007874196,13933.720263989446,25176.101570328497,25142462447.548588,15458556440.247808,35855904692.60895,0.02514246244754859,0.015458556440247809,0.03585590469260895
2004,235,95+ years,48,46,5860.004991481115,4002.362737707752,7629.0291316201865,11458586913.810495,6947892048.11433,17374992061.254147,0.011458586913810496,0.00694789204811433,0.017374992061254146
2005,1,<5 years,48,48,0,0,0,0,0,0,0,0,0
2005,6,5-9 years,48,48,0,0,0,0,0,0,0,0,0
2005,7,10-14 years,48,48,0,0,0,0,0,0,0,0,0
2005,8,15-19 years,48,48,0,0,0,0,0,0,0,0,0
2005,9,20-24 years,48,46,6394.805442711138,4588.156875793482,8452.11738449315,150837855.93903676,106908659.04548469,204948440.62966734,1.5083785593903676e-4,1.0690865904548469e-4,2.0494844062966735e-4
2005,10,25-29 years,48,46,10904.562050248049,7942.34706454641,14301.919371617,288423416.79879606,205450710.01795748,392426224.15618885,2.8842341679879605e-4,2.0545071001795747e-4,3.9242622415618886e-4
2005,11,30-34 years,48,46,26376.99974411306,19607.865663805536,34001.7580098429,736030229.189844,533274164.4537315,992087292.8239315,7.36030229189844e-4,5.332741644537315e-4,9.920872928239316e-4
2005,12,35-39 years,48,46,50913.861027060724,37479.64854938584,66612.87004237722,1554391005.151846,1111261961.3699698,2135176100.5590625,0.001554391005151846,0.0011112619613699698,0.0021351761005590623
2005,13,40-44 years,48,46,81105.27547031202,60412.09788715327,106671.77009429317,2950099853.7451735,2138375905.8108015,4053419815.7353463,0.0029500998537451734,0.0021383759058108015,0.004053419815735346
2005,14,45-49 years,48,46,117244.7964942021,84189.25998028401,150608.14348705966,5308225661.9994755,3745555876.6792245,7129730222.806649,0.005308225661999476,0.0037455558766792247,0.007129730222806649
2005,15,50-54 years,48,46,172730.18364724107,129604.22873199382,219757.62591809794,9907639933.543633,7355258186.355342,13149092451.666258,0.009907639933543632,0.007355258186355342,0.013149092451666258
2005,16,55-59 years,48,46,204506.39275943505,157754.14206618853,261689.5181014438,15563613888.454111,11897390888.95755,20557021942.42291,0.015563613888454111,0.01189739088895755,0.02055702194242291
2005,17,60-64 years,48,46,244736.6291510845,188440.79808747402,309275.04952889815,23272905248.25389,17787826369.360283,30474340236.321186,0.02327290524825389,0.01778782636936028,0.030474340236321187
2005,18,65-69 years,48,46,261526.05990072174,199875.88928834206,328822.83923850034,33116857145.36389,25254807524.515606,43504003845.715324,0.033116857145363894,0.025254807524515605,0.043504003845715324
2005,19,70-74 years,48,46,251866.98962895293,196334.1458144131,312048.4916817931,45373895726.762436,34817204927.71059,59489335038.5401,0.04537389572676244,0.034817204927710586,0.0594893350385401
2005,20,75-79 years,48,46,190190.84175241372,149731.60963343308,234145.1872998397,52211547454.08372,39970982546.68209,68495058234.9384,0.05221154745408372,0.03997098254668209,0.0684950582349384
2005,30,80-84 years,48,46,113185.03534143852,86541.12332353942,137900.19980699712,49638932837.81254,35511059861.94116,66112528046.37992,0.04963893283781254,0.03551105986194116,0.06611252804637992
2005,31,85-89 years,48,46,53630.112382292915,40162.859847885564,66474.69330141298,39944162363.59554,27205058963.7259,55661559632.18543,0.03994416236359554,0.0272050589637259,0.055661559632185435
2005,32,90-94 years,48,46,21751.070227278018,14928.502575707093,27187.48354317077,28067618415.826496,17264288983.08619,40374642402.19467,0.028067618415826497,0.017264288983086188,0.04037464240219467
2005,235,95+ years,48,46,6638.560300965469,4502.432960082185,8685.025012700316,13630161699.075672,8176483361.07443,20869081545.04936,0.013630161699075672,0.00817648336107443,0.020869081545049357
2006,1,<5 years,48,48,0,0,0,0,0,0,0,0,0
2006,6,5-9 years,48,48,0,0,0,0,0,0,0,0,0
2006,7,10-14 years,48,48,0,0,0,0,0,0,0,0,0
2006,8,15-19 years,48,48,0,0,0,0,0,0,0,0,0
2006,9,20-24 years,48,46,6465.5505529321135,4682.246213309759,8544.327479954809,165677829.47271195,117962968.66279177,225145911.65875703,1.6567782947271196e-4,1.1796296866279178e-4,2.2514591165875703e-4
2006,10,25-29 years,48,46,10792.376197586562,7831.594874460778,14224.613719609786,313184722.25738513,221960606.1340353,426375861.6824729,0.00031318472225738513,2.219606061340353e-4,4.263758616824729e-4
2006,11,30-34 years,48,46,25776.094063147004,19043.3270636158,33466.74335208256,786930374.4735458,567502322.3731886,1069280860.8372527,7.869303744735458e-4,5.675023223731886e-4,0.0010692808608372528
2006,12,35-39 years,48,46,50682.85448001584,37305.808262176404,66122.39606440399,1699465465.3348322,1218071899.0600882,2323989134.294351,0.0016994654653348321,0.0012180718990600881,0.002323989134294351
2006,13,40-44 years,48,46,82550.23806523642,62591.386096513954,108554.6102365766,3232452800.4633813,2369433716.407241,4454114412.1903305,0.003232452800463381,0.002369433716407241,0.004454114412190331
2006,14,45-49 years,48,46,117795.27296165876,86154.50767957614,152363.42302626985,5723854727.732902,4094429940.9567347,7708474045.011996,0.005723854727732901,0.0040944299409567345,0.007708474045011997
2006,15,50-54 years,48,46,175659.4190594478,130781.74772416228,226070.0684487676,10725003824.259586,7918899705.023162,14400067252.892263,0.010725003824259586,0.007918899705023161,0.014400067252892263
2006,16,55-59 years,48,46,212868.57267078717,163244.51234044172,274558.2192303653,17198878854.912277,13113868040.36139,22944191737.089508,0.017198878854912277,0.013113868040361389,0.022944191737089507
2006,17,60-64 years,48,46,247907.4841176602,189731.0381849184,316148.45560006605,24273299950.50448,18516421588.527897,32240975431.48299,0.02427329995050448,0.018516421588527898,0.03224097543148299
2006,18,65-69 years,48,46,264616.33600142156,203976.2098551004,337394.2858923965,35406894149.71784,27069198919.016144,47066983131.147865,0.035406894149717844,0.027069198919016144,0.04706698313114786
2006,19,70-74 years,48,46,260295.39677525905,204158.36869317474,323288.8191830333,48991109493.85352,37612771740.0963,64624224507.42192,0.048991109493853525,0.0376127717400963,0.06462422450742192
2006,20,75-79 years,48,46,197528.37860247755,155197.3471991405,244363.23382903216,56277400925.29263,42966383154.526794,74581807899.94165,0.05627740092529263,0.04296638315452679,0.07458180789994165
2006,30,80-84 years,48,46,119128.98598533863,91102.69454384763,145657.02169056077,54095652013.08528,38832431668.15088,72529636798.70654,0.054095652013085284,0.038832431668150875,0.07252963679870654
2006,31,85-89 years,48,46,55798.18447932019,41349.405808408104,69915.1761776725,42599017739.51228,28793886117.309956,59957430741.87721,0.04259901773951228,0.028793886117309955,0.05995743074187721
2006,32,90-94 years,48,46,22847.40398804487,15802.624976582882,28553.48607766135,30606748180.3099,19003208941.02565,44032438130.54093,0.0306067481803099,0.01900320894102565,0.04403243813054093
2006,235,95+ years,48,46,7157.525884090188,4859.084452175705,9339.447903538157,15335783062.662113,9213704684.431463,23512260034.59277,0.015335783062662114,0.009213704684431463,0.02351226003459277
2007,1,<5 years,48,48,0,0,0,0,0,0,0,0,0
2007,6,5-9 years,48,48,0,0,0,0,0,0,0,0,0
2007,7,10-14 years,48,48,0,0,0,0,0,0,0,0,0
2007,8,15-19 years,48,48,0,0,0,0,0,0,0,0,0
2007,9,20-24 years,48,46,6501.269462321423,4772.217042716217,8615.201408620924,182072220.05628535,130754623.0795547,248268399.01682582,1.8207222005628534e-4,1.307546230795547e-4,2.482683990168258e-4
2007,10,25-29 years,48,46,10727.061835105182,7743.055438218053,14295.877491137002,343945199.5125126,243748971.118492,475372600.76082355,3.4394519951251265e-4,2.43748971118492e-4,4.753726007608235e-4
2007,11,30-34 years,48,46,25251.35674421009,18632.460446079363,33151.20365273315,846733532.6726788,608065173.8966662,1160964500.528426,8.467335326726789e-4,6.080651738966661e-4,0.001160964500528426
2007,12,35-39 years,48,46,50869.714539235465,37706.702272637565,67485.21692991792,1866670252.2145488,1345287532.228106,2588747880.3259263,0.001866670252214549,0.0013452875322281061,0.0025887478803259265
2007,13,40-44 years,48,46,84354.65942645434,63058.77723207219,109877.75279365065,3595344453.5558567,2627320563.6878004,4935348560.884992,0.003595344453555857,0.0026273205636878003,0.004935348560884991
2007,14,45-49 years,48,46,120802.89373544024,89284.54932794553,154619.76146689858,6319518322.137629,4554674533.741249,8498521654.966819,0.006319518322137629,0.004554674533741249,0.008498521654966819
2007,15,50-54 years,48,46,179039.85255490214,135101.90890032568,230480.59828613236,11673344505.049082,8683361784.125507,15791992106.960894,0.011673344505049081,0.008683361784125508,0.015791992106960893
2007,16,55-59 years,48,46,221668.58268354958,169446.9278362517,290411.48087354883,18955289834.728218,14444419081.48609,25737717483.95923,0.018955289834728217,0.01444441908148609,0.025737717483959227
2007,17,60-64 years,48,46,258482.34874231703,195983.89310785147,330977.87195904134,26658095332.93014,20193734638.84045,35556206436.718094,0.02665809533293014,0.02019373463884045,0.03555620643671809
2007,18,65-69 years,48,46,272361.96160812984,209961.36074470816,349984.01715895155,38531725289.69139,29453729339.391903,51714128726.65699,0.03853172528969139,0.0294537293393919,0.05171412872665699
2007,19,70-74 years,48,46,268310.40902430797,208975.84930799276,332793.8035895406,53216320956.15847,40668958386.60187,70626147282.87001,0.05321632095615847,0.04066895838660187,0.07062614728287
2007,20,75-79 years,48,46,206143.60324235426,162510.7440490716,255584.44471526355,61262820090.43182,46587584808.026924,81577184579.54674,0.061262820090431824,0.046587584808026924,0.08157718457954674
2007,30,80-84 years,48,46,125708.53567641097,95148.4845519938,155016.00598805406,59472025476.74342,42486858833.67714,80019878153.26276,0.05947202547674342,0.04248685883367714,0.08001987815326275
2007,31,85-89 years,48,46,58974.499279887954,43324.24192761768,74286.61485771245,46850944285.80923,31274341293.969307,66546914541.649185,0.04685094428580923,0.031274341293969304,0.06654691454164918
2007,32,90-94 years,48,46,24049.239598475113,16612.003007148694,30166.643023350276,33397509195.40243,20714571402.28665,48042037979.012665,0.03339750919540243,0.020714571402286653,0.048042037979012665
2007,235,95+ years,48,46,8062.991745475999,5500.926370041788,10556.01414240013,18122835471.8022,10990449313.943972,27930748424.168877,0.018122835471802202,0.010990449313943971,0.027930748424168875
2008,1,<5 years,48,48,0,0,0,0,0,0,0,0,0
2008,6,5-9 years,48,48,0,0,0,0,0,0,0,0,0
2008,7,10-14 years,48,48,0,0,0,0,0,0,0,0,0
2008,8,15-19 years,48,48,0,0,0,0,0,0,0,0,0
2008,9,20-24 years,48,46,6432.587260163231,4721.923373187934,8612.021797772179,191982531.97871688,137940917.74203897,263922947.28356427,1.9198253197871688e-4,1.3794091774203896e-4,2.639229472835643e-4
2008,10,25-29 years,48,46,10393.45766911975,7548.475830524465,13820.841207537445,355918310.4884236,253206858.85828948,489944329.9736685,3.559183104884236e-4,2.5320685885828946e-4,4.899443299736685e-4
2008,11,30-34 years,48,46,24028.412728773143,18031.962847933937,31906.757398541726,859299851.7406602,626530820.6372739,1188852963.580037,8.592998517406602e-4,6.265308206372739e-4,0.0011888529635800372
2008,12,35-39 years,48,46,49710.265733059154,37281.07691628274,65700.36500106812,1940958217.350159,1416706193.9038067,2685941865.0894494,0.001940958217350159,0.0014167061939038066,0.0026859418650894496
2008,13,40-44 years,48,46,84306.86722854164,62028.18575990818,111158.32796766568,3788857260.898519,2740129196.8351417,5262678984.116295,0.003788857260898519,0.0027401291968351415,0.005262678984116295
2008,14,45-49 years,48,46,122582.21148105236,91396.0224230657,158052.1641629867,6670763197.142163,4861581442.997025,8998596898.214472,0.006670763197142163,0.004861581442997025,0.008998596898214473
2008,15,50-54 years,48,46,178223.23233714682,135373.3167049237,231954.86660084903,12034039521.78458,8969829294.879005,16462234000.776894,0.01203403952178458,0.008969829294879005,0.016462234000776895
2008,16,55-59 years,48,46,227251.91071483455,173905.06579300662,296340.65409234585,19702278639.948498,15005956947.51089,26871543568.103016,0.019702278639948497,0.015005956947510888,0.026871543568103017
2008,17,60-64 years,48,46,265428.01967492496,201172.90636634882,342570.8921997056,28280259649.29003,21334802336.075058,38023689116.062904,0.02828025964929003,0.021334802336075057,0.0380236891160629
2008,18,65-69 years,48,46,273832.7345335028,210856.38822537,351547.96612841,39654967731.44757,30151414464.26075,53351963190.87174,0.03965496773144757,0.03015141446426075,0.053351963190871744
2008,19,70-74 years,48,46,271422.6857682558,211655.45431601047,336193.11251357826,55399396679.37131,42159977781.87879,73380088727.6277,0.055399396679371306,0.04215997778187879,0.0733800887276277
2008,20,75-79 years,48,46,210685.66177571003,165634.7654089773,260694.86393865338,64048255720.846855,48388031367.916824,85695107004.751,0.06404825572084685,0.04838803136791683,0.08569510700475101
2008,30,80-84 years,48,46,131456.88200969703,99964.55550517872,161027.2701600391,63559112141.09024,45326398970.6579,85374277479.14388,0.06355911214109024,0.0453263989706579,0.08537427747914388
2008,31,85-89 years,48,46,62245.36589209143,45276.194310652616,78185.75245239247,50342865015.895004,33132876006.830093,71203130432.44637,0.050342865015895,0.03313287600683009,0.07120313043244636
2008,32,90-94 years,48,46,25201.556593507765,17463.87145974737,31639.31748351431,35197982522.5596,21726198126.63848,51176388960.505615,0.0351979825225596,0.02172619812663848,0.051176388960505616
2008,235,95+ years,48,46,8933.274029278004,6126.0443888332175,11626.803042913605,20329387112.1749,12273665962.180252,31342294942.293407,0.0203293871121749,0.012273665962180252,0.03134229494229341
2009,1,<5 years,48,48,0,0,0,0,0,0,0,0,0
2009,6,5-9 years,48,48,0,0,0,0,0,0,0,0,0
2009,7,10-14 years,48,48,0,0,0,0,0,0,0,0,0
2009,8,15-19 years,48,48,0,0,0,0,0,0,0,0,0
2009,9,20-24 years,48,46,6367.3498704803105,4692.628465459395,8458.386943632951,196995677.2013752,142098941.47219148,268887075.2938182,1.9699567720137518e-4,1.4209894147219147e-4,2.6888707529381815e-4
2009,10,25-29 years,48,46,10145.530513104004,7432.300950051156,13760.54989330017,358947153.4196619,257601631.73539203,501505595.11747473,3.589471534196619e-4,2.57601631735392e-4,5.015055951174747e-4
2009,11,30-34 years,48,46,23085.18908335763,17308.884584672305,31169.807219939183,849924121.8024458,620656173.5309151,1194082008.6094906,8.499241218024458e-4,6.206561735309151e-4,0.0011940820086094907
2009,12,35-39 years,48,46,48275.420542597574,35940.713258852425,65392.564565497814,1931524937.7137902,1405869475.5962338,2739654365.9605136,0.00193152493771379,0.0014058694755962337,0.0027396543659605134
2009,13,40-44 years,48,46,84182.96114087477,62200.00070998272,111661.89710643805,3871055052.1596127,2800907982.3695307,5429129181.440796,0.0038710550521596125,0.002800907982369531,0.005429129181440796
2009,14,45-49 years,48,46,124577.71841379395,94658.38565885193,162157.86023105527,6869118860.512446,5078618937.875165,9404854853.30409,0.0068691188605124465,0.005078618937875165,0.009404854853304091
2009,15,50-54 years,48,46,176332.74977467608,135668.30545137223,230693.78880621094,12040433769.796116,9049844183.257969,16679637988.646805,0.012040433769796115,0.00904984418325797,0.016679637988646804
2009,16,55-59 years,48,46,229169.89967456635,175801.43499284028,303143.03868668474,19593074632.600544,14904731520.779192,27288092333.973507,0.019593074632600543,0.014904731520779192,0.02728809233397351
2009,17,60-64 years,48,46,277315.6457073742,211923.50132457426,352996.5695167877,29558820940.40599,22345125532.683346,39713116324.6716,0.029558820940405992,0.022345125532683346,0.0397131163246716
2009,18,65-69 years,48,46,274957.35377580207,214739.19563497335,352615.3803308218,39522232500.46757,30270524489.088356,53447589392.00254,0.03952223250046757,0.030270524489088357,0.05344758939200254
2009,19,70-74 years,48,46,268758.3702996511,208591.50951953395,334636.3542307077,53493486748.23736,40420063495.4565,71174671524.55547,0.05349348674823736,0.040420063495456494,0.07117467152455546
2009,20,75-79 years,48,46,212934.6856070959,166168.95290930156,262746.3526065673,63058083707.69541,47317371813.04448,84346930339.10518,0.06305808370769542,0.047317371813044476,0.08434693033910518
2009,30,80-84 years,48,46,134532.52054156436,102247.63802613334,163935.50949138726,62584324982.92029,44326577955.91207,84211517368.82669,0.06258432498292028,0.04432657795591207,0.08421151736882669
2009,31,85-89 years,48,46,64612.545422186704,46973.127317300656,80944.59517799088,49927914104.75705,32699175174.301105,70594444767.03145,0.04992791410475705,0.032699175174301105,0.07059444476703144
2009,32,90-94 years,48,46,25546.950836609638,17895.034030779778,32080.90699034586,33743842269.265892,21054083459.100357,49001575771.819336,0.03374384226926589,0.021054083459100356,0.049001575771819336
2009,235,95+ years,48,46,9329.352674547705,6430.800769786581,12090.801906402981,20135706548.88574,12194940877.689095,30946461814.389156,0.02013570654888574,0.012194940877689095,0.030946461814389155
2010,1,<5 years,48,48,0,0,0,0,0,0,0,0,0
2010,6,5-9 years,48,48,0,0,0,0,0,0,0,0,0
2010,7,10-14 years,48,48,0,0,0,0,0,0,0,0,0
2010,8,15-19 years,48,48,0,0,0,0,0,0,0,0,0
2010,9,20-24 years,48,46,6199.965956618052,4492.001154499287,8350.662317395085,207007283.93635693,147665059.91905704,284907103.7447198,2.0700728393635692e-4,1.4766505991905705e-4,2.849071037447198e-4
2010,10,25-29 years,48,46,10077.430365595326,7361.588540176894,13635.63049144816,383145040.8446029,275646143.68907833,535867893.7942828,3.8314504084460287e-4,2.756461436890783e-4,5.358678937942828e-4
2010,11,30-34 years,48,46,22648.579633626083,16828.779723962667,30455.179308416693,895838120.3431249,651503200.5887206,1254422964.5641334,8.958381203431248e-4,6.515032005887205e-4,0.0012544229645641335
2010,12,35-39 years,48,46,47267.508997449826,34809.82974413324,63784.53864510475,2028851698.189633,1464140517.0984,2878574602.5852456,0.0020288516981896328,0.0014641405170984002,0.0028785746025852457
2010,13,40-44 years,48,46,83724.35681185318,62726.308119964124,109982.33206867074,4126282168.437282,3035915249.377936,5749882715.910136,0.004126282168437282,0.003035915249377936,0.005749882715910136
2010,14,45-49 years,48,46,127311.37203547606,97944.86113387533,167375.1612712052,7513107777.126244,5633748070.356029,10416281379.531939,0.007513107777126243,0.005633748070356028,0.010416281379531938
2010,15,50-54 years,48,46,175616.0238104841,136471.06140253163,233186.69596583306,12794132217.677635,9706810135.395943,18057245483.36474,0.012794132217677636,0.009706810135395942,0.01805724548336474
2010,16,55-59 years,48,46,235801.58118421465,181753.9982807565,313749.30052376114,21283017898.46636,16209446515.464552,29945555538.242893,0.021283017898466358,0.016209446515464552,0.029945555538242893
2010,17,60-64 years,48,46,286616.8283181888,219871.1523816871,365162.70262193156,32887528591.315617,24981781020.1626,44218902683.49383,0.032887528591315614,0.024981781020162602,0.04421890268349383
2010,18,65-69 years,48,46,279232.23139844765,218407.28902256952,359759.71077447006,42543819030.42821,32694283662.178894,57925637244.21947,0.042543819030428205,0.03269428366217889,0.057925637244219466
2010,19,70-74 years,48,46,270439.4633398307,211097.52391085212,342142.8657833706,57296951833.05715,43457414238.488655,77209744662.39313,0.05729695183305715,0.04345741423848865,0.07720974466239312
2010,20,75-79 years,48,46,217077.78678658346,169029.22501438388,269505.6275738627,68655777239.59398,51386019721.581924,92169214802.62918,0.06865577723959398,0.051386019721581924,0.09216921480262918
2010,30,80-84 years,48,46,139709.60471776876,105755.20969790814,170073.57670436602,69276001811.13054,49061120551.76559,92998826407.16808,0.06927600181113054,0.049061120551765584,0.09299882640716807
2010,31,85-89 years,48,46,68913.91358815812,50082.29751718904,86183.76751461087,57119375605.7797,37294429613.081985,80746053754.10597,0.057119375605779704,0.037294429613081985,0.08074605375410597
2010,32,90-94 years,48,46,27679.844608627704,19396.273591023102,34673.91370483778,38756950645.07114,24223785472.2164,56298075229.28153,0.038756950645071134,0.0242237854722164,0.056298075229281534
2010,235,95+ years,48,46,10201.03684809748,6984.672479981791,13246.205289359095,23222191193.600468,13953278633.243105,35743628856.63769,0.02322219119360047,0.013953278633243105,0.03574362885663769
2011,1,<5 years,48,48,0,0,0,0,0,0,0,0,0
2011,6,5-9 years,48,48,0,0,0,0,0,0,0,0,0
2011,7,10-14 years,48,48,0,0,0,0,0,0,0,0,0
2011,8,15-19 years,48,48,0,0,0,0,0,0,0,0,0
2011,9,20-24 years,48,46,5982.06576261908,4283.857234130318,8074.726485372316,213163412.52354679,151104791.8583419,294320717.1636535,2.1316341252354678e-4,1.5110479185834191e-4,2.943207171636535e-4
2011,10,25-29 years,48,46,10120.163896909575,7431.933419315361,13721.121511641279,407637410.01880336,294683795.4436089,570362227.6009929,4.0763741001880333e-4,2.946837954436089e-4,5.703622276009929e-4
2011,11,30-34 years,48,46,22265.147345963498,16595.609435928,30298.50267848866,938364516.8653197,685276509.5202389,1327829416.9059167,9.383645168653198e-4,6.852765095202389e-4,0.0013278294169059167
2011,12,35-39 years,48,46,46045.87308735872,33521.71117701835,62139.45462368058,2087772765.5699675,1496623376.9832473,2959457756.840801,0.0020877727655699676,0.0014966233769832472,0.002959457756840801
2011,13,40-44 years,48,46,82162.432773079,62442.092991138896,107546.8050759985,4295509186.647449,3190567777.949142,5978266128.364337,0.004295509186647449,0.003190567777949142,0.005978266128364337
2011,14,45-49 years,48,46,128294.5860742093,97797.23692182812,170016.29618069375,7935729515.290179,5917467303.029936,11151202422.735327,0.00793572951529018,0.005917467303029936,0.011151202422735327
2011,15,50-54 years,48,46,175212.04467968261,134853.49585942103,232497.939127373,13422240261.78821,10117073632.072563,18999787675.46292,0.01342224026178821,0.010117073632072563,0.018999787675462922
2011,16,55-59 years,48,46,234490.32040681114,180890.38816849544,312481.235771867,22180243296.672127,16812206504.099087,31489491021.952225,0.022180243296672127,0.016812206504099085,0.031489491021952226
2011,17,60-64 years,48,46,295511.8630691132,226105.72731577436,375488.0666623439,35805600539.8,27152233761.858753,48323269249.086494,0.0358056005398,0.027152233761858754,0.048323269249086497
2011,18,65-69 years,48,46,279209.8103105897,216870.86480042664,361632.0285899662,43797920795.25671,33379474188.098114,60338472527.24866,0.043797920795256705,0.03337947418809811,0.06033847252724866
2011,19,70-74 years,48,46,265971.68503358006,207103.26680560783,334062.2034212374,59165348379.684235,44597308924.0407,79768916741.33374,0.059165348379684235,0.0445973089240407,0.07976891674133374
2011,20,75-79 years,48,46,217440.228209403,169883.08696855383,273032.5085067705,72151365431.25385,53955683754.52926,97796956029.11241,0.07215136543125385,0.053955683754529256,0.09779695602911241
2011,30,80-84 years,48,46,143401.01912680693,109779.73267973609,174704.88947613008,74219135782.91763,52671389543.80596,99676532824.50111,0.07421913578291764,0.052671389543805965,0.09967653282450112
2011,31,85-89 years,48,46,73244.58888015641,53568.70537148545,91404.66862764354,63303161948.76994,41472347817.63746,89336876703.63107,0.06330316194876995,0.04147234781763746,0.08933687670363108
2011,32,90-94 years,48,46,29520.149820697396,20926.273375021505,36957.716177562965,42475663883.93259,26858980126.76574,61749238121.756325,0.042475663883932584,0.026858980126765738,0.061749238121756325
2011,235,95+ years,48,46,11048.942319845188,7533.98320347214,14373.963499303874,25863836256.5764,15485218863.236553,39819794610.096985,0.0258638362565764,0.015485218863236554,0.039819794610096985
2012,1,<5 years,48,48,0,0,0,0,0,0,0,0,0
2012,6,5-9 years,48,48,0,0,0,0,0,0,0,0,0
2012,7,10-14 years,48,48,0,0,0,0,0,0,0,0,0
2012,8,15-19 years,48,48,0,0,0,0,0,0,0,0,0
2012,9,20-24 years,48,46,5746.5542869480405,4070.5611409903704,7819.1776479649625,213437665.83786714,150290195.41933456,297706278.35874784,2.1343766583786715e-4,1.5029019541933455e-4,2.9770627835874785e-4
2012,10,25-29 years,48,46,10122.580673148826,7419.7319239564185,13543.456282109806,425335096.56427944,307020812.7707168,590221669.8330673,4.2533509656427946e-4,3.070208127707168e-4,5.902216698330673e-4
2012,11,30-34 years,48,46,22047.308860047568,16453.351616273616,29644.240775781796,972649729.0835727,710195079.7759424,1365330350.291348,9.726497290835727e-4,7.101950797759424e-4,0.001365330350291348
2012,12,35-39 years,48,46,44344.27218742692,32312.733413729773,59186.27770184825,2110149026.0106034,1515065530.1728258,2967739463.1392193,0.0021101490260106034,0.001515065530172826,0.0029677394631392193
2012,13,40-44 years,48,46,81131.1788348129,60943.546157188444,107677.4340920809,4480951909.886542,3302564025.192399,6322058535.121438,0.004480951909886542,0.003302564025192399,0.006322058535121438
2012,14,45-49 years,48,46,129692.2042178623,98899.39542789766,171103.5880806132,8486858657.057373,6325643227.195113,11863334082.378515,0.008486858657057374,0.006325643227195113,0.011863334082378515
2012,15,50-54 years,48,46,178617.1413257943,137591.5889149118,239449.51415310873,14350484763.10676,10816053843.425205,20486900857.755135,0.01435048476310676,0.010816053843425205,0.020486900857755133
2012,16,55-59 years,48,46,233204.1327712434,179350.70449822882,311855.86724496813,23033764667.246796,17344310785.78375,32944806249.395878,0.023033764667246794,0.01734431078578375,0.03294480624939588
2012,17,60-64 years,48,46,300791.2781634015,229317.13494198656,382659.3225311164,38165134688.153,28716619136.33187,51776985631.48306,0.038165134688153,0.02871661913633187,0.051776985631483065
2012,18,65-69 years,48,46,285453.5464263314,221249.18678648316,369142.25431480556,47028101398.8833,35605558477.76409,64873352596.32732,0.047028101398883304,0.035605558477764095,0.06487335259632732
2012,19,70-74 years,48,46,262896.9206047955,204098.24305108935,331629.2622663054,61583012057.43056,46193041746.85956,83371986186.66833,0.06158301205743056,0.04619304174685956,0.08337198618666833
2012,20,75-79 years,48,46,218555.72787592743,171906.05725822187,276551.7593902535,75782472815.15103,56786874348.67988,103770656282.87764,0.07578247281515103,0.05678687434867988,0.10377065628287764
2012,30,80-84 years,48,46,148061.95759221507,113904.99396203403,181763.80466054956,79421012549.30823,56492238228.85286,107521467847.97957,0.07942101254930822,0.05649223822885286,0.10752146784797957
2012,31,85-89 years,48,46,77452.33579378457,56799.55226865929,96353.75703609044,69177739840.57932,45435688106.57789,96981453263.5679,0.06917773984057932,0.04543568810657789,0.0969814532635679
2012,32,90-94 years,48,46,31652.343296493233,22642.019872021763,39536.893324122095,46923518594.88403,29890635450.68329,68386711818.607506,0.046923518594884035,0.029890635450683288,0.0683867118186075
2012,235,95+ years,48,46,11880.268870196014,8133.476651171343,15352.39851353663,28583463635.640892,17173046844.676493,43618384840.454285,0.02858346363564089,0.017173046844676493,0.043618384840454286
2013,1,<5 years,48,48,0,0,0,0,0,0,0,0,0
2013,6,5-9 years,48,48,0,0,0,0,0,0,0,0,0
2013,7,10-14 years,48,48,0,0,0,0,0,0,0,0,0
2013,8,15-19 years,48,48,0,0,0,0,0,0,0,0,0
2013,9,20-24 years,48,46,5575.019121607189,3916.378688717941,7590.793005713574,207979157.25157535,145207980.2034623,292395034.66983545,2.0797915725157535e-4,1.452079802034623e-4,2.9239503466983545e-4
2013,10,25-29 years,48,46,10113.13567458608,7482.638410320741,13623.049440186503,431848016.9562123,313909048.1771563,602636757.4776976,4.318480169562123e-4,3.1390904817715635e-4,6.026367574776976e-4
2013,11,30-34 years,48,46,21900.04874104239,16348.396039335243,29259.884503747497,981880501.3772658,721398409.8722124,1377384652.1611578,9.818805013772657e-4,7.213984098722124e-4,0.001377384652161158
2013,12,35-39 years,48,46,43124.826591870165,31576.565864187287,57523.197806640885,2089949764.6322815,1508969172.6527948,2951175586.4523563,0.0020899497646322813,0.0015089691726527948,0.002951175586452356
2013,13,40-44 years,48,46,80173.98333381792,59707.66566685655,107476.9657057524,4542300192.3956785,3319675567.747408,6479075671.970222,0.004542300192395678,0.003319675567747408,0.0064790756719702225
2013,14,45-49 years,48,46,130867.8443198501,99855.27247910495,174557.4175429289,8753303776.005133,6525507565.690389,12366200099.657032,0.008753303776005132,0.0065255075656903885,0.012366200099657032
2013,15,50-54 years,48,46,183751.47370304144,141546.49897218216,246223.27355308557,15091579050.30953,11374825180.87208,21588497900.422535,0.01509157905030953,0.01137482518087208,0.021588497900422533
2013,16,55-59 years,48,46,232278.3022355845,178951.96544519288,311435.88965198305,23426396646.66061,17649704060.02169,33529107808.662777,0.02342639664666061,0.01764970406002169,0.03352910780866278
2013,17,60-64 years,48,46,306869.90123575064,235611.2033611603,395556.82104406913,39672246070.01668,30028628030.23074,54555496030.58458,0.03967224607001668,0.03002862803023074,0.05455549603058458
2013,18,65-69 years,48,46,290249.52687901305,227152.33734476642,375204.4691743512,49769896606.824135,38053133181.30829,68584673643.34003,0.049769896606824134,0.03805313318130829,0.06858467364334003
2013,19,70-74 years,48,46,258545.10827817928,204043.32260698956,327786.72425403487,62790507548.59327,47694374105.09619,85278191978.2557,0.06279050754859326,0.04769437410509619,0.0852781919782557
2013,20,75-79 years,48,46,215824.1317247604,171170.41218120867,273246.2001917238,77527369533.34601,58380908713.842094,106402116338.73003,0.077527369533346,0.05838090871384209,0.10640211633873002
2013,30,80-84 years,48,46,150797.57861559445,116309.07077264684,184860.69457780488,83715875678.82614,59810478548.97005,112959706317.59596,0.08371587567882614,0.05981047854897005,0.11295970631759596
2013,31,85-89 years,48,46,80309.94742651434,59353.333851742296,101307.35649107613,74241209404.28278,49124551695.584366,104910159035.35236,0.07424120940428278,0.04912455169558436,0.10491015903535236
2013,32,90-94 years,48,46,33161.58919475528,23731.68761569721,41688.29850936166,51100277000.38818,32512663323.017426,75030917670.8356,0.05110027700038818,0.03251266332301742,0.0750309176708356
2013,235,95+ years,48,46,12374.90871393392,8409.606750890913,15847.785184892771,30989040387.386925,18373632219.2522,46922822200.837845,0.030989040387386924,0.0183736322192522,0.04692282220083784
2014,1,<5 years,48,48,0,0,0,0,0,0,0,0,0
2014,6,5-9 years,48,48,0,0,0,0,0,0,0,0,0
2014,7,10-14 years,48,48,0,0,0,0,0,0,0,0,0
2014,8,15-19 years,48,48,0,0,0,0,0,0,0,0,0
2014,9,20-24 years,48,45,5423.188240373636,3833.8908893560056,7434.32352925939,202877072.1367328,142883729.50389802,287256851.0424258,2.0287707213673277e-4,1.4288372950389802e-4,2.872568510424258e-4
2014,10,25-29 years,48,45,10147.495230082941,7512.218467826404,13862.645629323993,436645045.14104074,318117757.3970531,619405383.7513949,4.3664504514104074e-4,3.1811775739705315e-4,6.194053837513949e-4
2014,11,30-34 years,48,45,21968.18918724545,16274.353174139529,29333.0498305603,989829887.604103,721291946.8479149,1387441717.8695946,9.89829887604103e-4,7.21291946847915e-4,0.0013874417178695946
2014,12,35-39 years,48,45,42697.37466618638,31304.158653286944,57149.842977716,2074739223.4597778,1494716930.3839374,2938749169.259189,0.002074739223459778,0.0014947169303839373,0.002938749169259189
2014,13,40-44 years,48,45,79585.3811165633,59362.01723270389,105974.22073661677,4568735112.031904,3342247970.934789,6500323886.80824,0.004568735112031905,0.003342247970934789,0.00650032388680824
2014,14,45-49 years,48,45,133727.76356549695,101325.96919587752,181118.1549545414,9012980110.020182,6697204514.303239,13017651822.277096,0.009012980110020182,0.006697204514303239,0.013017651822277095
2014,15,50-54 years,48,45,191239.63964413657,146505.0727422601,257686.13750981106,15867406237.328815,11952162182.797209,22918303806.09307,0.015867406237328817,0.011952162182797208,0.022918303806093072
2014,16,55-59 years,48,45,234305.43640481896,178729.5560482283,312613.2020910246,23803222080.043694,17793517235.096474,34002639804.55701,0.023803222080043693,0.017793517235096475,0.03400263980455701
2014,17,60-64 years,48,45,314509.3819533863,240956.85889387675,402417.45922088146,40749912465.285286,30576347818.841736,55910040597.71406,0.04074991246528529,0.030576347818841734,0.05591004059771406
2014,18,65-69 years,48,45,304515.43474313914,236700.5254596911,393870.2027270471,53143188617.05259,40192771251.18547,73425148135.24284,0.05314318861705259,0.04019277125118547,0.07342514813524284
2014,19,70-74 years,48,45,260439.30144001872,207314.31812629575,329375.8614718295,64313388259.10237,49119802963.967476,87215911825.7761,0.06431338825910238,0.04911980296396748,0.0872159118257761
2014,20,75-79 years,48,45,214245.77289117084,170528.24144829554,270712.40769554995,77705701193.04832,58401070618.940285,106421659053.9401,0.07770570119304833,0.05840107061894029,0.10642165905394009
2014,30,80-84 years,48,45,153602.2237988399,117606.35359440089,188096.92324039218,85662864052.05684,60643308925.36806,115860803504.2271,0.08566286405205684,0.06064330892536806,0.1158608035042271
2014,31,85-89 years,48,45,83259.54178700583,61629.21855752474,105813.73942346305,77004185208.23537,50866975794.267296,110088762994.99167,0.07700418520823536,0.05086697579426729,0.11008876299499167
2014,32,90-94 years,48,45,34932.28145424884,24825.278066863804,44073.06595789128,54064406114.96952,34204237756.1607,79650991992.41418,0.05406440611496952,0.0342042377561607,0.07965099199241418
2014,235,95+ years,48,45,12384.5793754978,8341.567944605837,15902.865167436767,30887552751.35105,18178256867.42247,46814955502.65537,0.030887552751351053,0.01817825686742247,0.046814955502655374
2015,1,<5 years,48,48,0,0,0,0,0,0,0,0,0
2015,6,5-9 years,48,48,0,0,0,0,0,0,0,0,0
2015,7,10-14 years,48,48,0,0,0,0,0,0,0,0,0
2015,8,15-19 years,48,48,0,0,0,0,0,0,0,0,0
2015,9,20-24 years,48,45,5291.54502284087,3765.41722760752,7350.237784771448,192733774.2100048,136196656.86967984,275336301.2734477,1.927337742100048e-4,1.3619665686967985e-4,2.753363012734477e-4
2015,10,25-29 years,48,45,10091.67929244518,7457.670916309967,13802.916409778736,424850033.4940314,310745058.95279163,602712751.9607185,4.2485003349403144e-4,3.107450589527916e-4,6.027127519607186e-4
2015,11,30-34 years,48,45,22260.47585909012,16405.108786007026,29605.923254431218,987890811.4214772,716306055.0827918,1378876328.5168583,9.878908114214773e-4,7.163060550827918e-4,0.0013788763285168583
2015,12,35-39 years,48,45,42824.86369025519,30972.221948865717,57355.59368449338,2070185967.7612834,1476058740.0603352,2927784992.88728,0.0020701859677612834,0.0014760587400603352,0.00292778499288728
2015,13,40-44 years,48,45,79822.83275643071,58966.22660803375,105982.45848754527,4580643396.463472,3311536185.743659,6497537276.044893,0.004580643396463472,0.003311536185743659,0.006497537276044893
2015,14,45-49 years,48,45,136626.80628564063,103497.5726393427,182324.27173854527,9301063003.26343,6927405226.874598,13232715184.397121,0.00930106300326343,0.006927405226874597,0.013232715184397122
2015,15,50-54 years,48,45,200557.43590402367,154479.14941247672,272461.2637906652,16849517778.315817,12695888143.91859,24519953569.496513,0.016849517778315816,0.012695888143918591,0.024519953569496513
2015,16,55-59 years,48,45,239401.19061334388,181669.15943497574,317586.2881636571,24500302069.2125,18242551218.06399,34976235160.51637,0.024500302069212502,0.018242551218063993,0.03497623516051637
2015,17,60-64 years,48,45,329359.22684774606,253660.0626201387,425871.6534013735,43064594746.64948,32350361680.29685,59725751168.90518,0.04306459474664948,0.03235036168029685,0.05972575116890518
2015,18,65-69 years,48,45,316236.0648776107,248892.75932027682,408916.1116866866,57138359894.39528,43739527906.90548,79101620462.39378,0.05713835989439528,0.04373952790690548,0.07910162046239379
2015,19,70-74 years,48,45,264110.77260153467,211540.5882253099,336935.00254354667,66408807158.624054,50990532152.089264,90704738017.04233,0.06640880715862406,0.05099053215208926,0.09070473801704233
2015,20,75-79 years,48,45,216892.23749977569,172284.99101070507,276356.3746097092,80533498690.43413,60537582020.952415,111229605203.12778,0.08053349869043412,0.06053758202095241,0.11122960520312777
2015,30,80-84 years,48,45,159614.7421697714,121891.90232356703,196123.12650370746,91116083453.56305,64408904795.11434,123545639248.53107,0.09111608345356305,0.06440890479511434,0.12354563924853107
2015,31,85-89 years,48,45,88254.90721005177,65556.75708733092,111600.9680518888,83714110420.32816,55329692242.077644,119522408100.92018,0.08371411042032816,0.05532969224207764,0.11952240810092019
2015,32,90-94 years,48,45,37767.72887266265,26750.086708484832,47742.55317984167,60375412724.54203,38041957300.75558,89168715806.95488,0.06037541272454203,0.038041957300755574,0.08916871580695487
2015,235,95+ years,48,45,13784.8827807998,9151.38295058522,17693.187452916623,35543667799.41777,20587323031.310135,53681409759.92633,0.03554366779941777,0.020587323031310136,0.05368140975992633
2016,1,<5 years,48,48,0,0,0,0,0,0,0,0,0
2016,6,5-9 years,48,48,0,0,0,0,0,0,0,0,0
2016,7,10-14 years,48,48,0,0,0,0,0,0,0,0,0
2016,8,15-19 years,48,48,0,0,0,0,0,0,0,0,0
2016,9,20-24 years,48,45,5178.956432268182,3670.732479838459,7340.3564871843555,191089857.23708203,134921116.143117,278277011.34237814,1.9108985723708205e-4,1.3492111614311702e-4,2.7827701134237816e-4
2016,10,25-29 years,48,45,9866.34184582256,7271.579299677791,13590.7223636101,421453941.8185663,308578497.21789515,604423828.5881716,4.214539418185663e-4,3.0857849721789517e-4,6.044238285881716e-4
2016,11,30-34 years,48,45,22709.111732345496,16545.146462279674,30437.114857184515,1025419574.3232356,732545618.1708283,1444744594.7746289,0.0010254195743232355,7.325456181708284e-4,0.0014447445947746288
2016,12,35-39 years,48,45,43147.78716602485,31391.865213277255,57660.622412950936,2124561247.457789,1515194487.6383276,3016741490.4742646,0.002124561247457789,0.0015151944876383276,0.003016741490474265
2016,13,40-44 years,48,45,79914.90485541336,58987.15393614117,105812.69512486024,4705892153.606677,3407593594.110175,6665879920.986914,0.0047058921536066774,0.003407593594110175,0.006665879920986914
2016,14,45-49 years,48,45,139107.84900223,105817.52729329983,183789.0756033051,9823964242.881742,7307463245.897879,13881759322.112667,0.009823964242881742,0.007307463245897879,0.013881759322112667
2016,15,50-54 years,48,45,209481.79068091794,163102.76879647482,285933.9951337829,18132178022.05111,13720397705.396566,26554024305.693897,0.01813217802205111,0.013720397705396566,0.026554024305693896
2016,16,55-59 years,48,45,247899.87790876193,187536.70036100614,333591.45242390793,25951395508.585575,19193848796.1445,37703005146.51842,0.025951395508585575,0.0191938487961445,0.03770300514651842
2016,17,60-64 years,48,45,341415.9254686488,262546.06116490363,446523.0675727237,45709648315.64543,34090950701.389584,64444589574.90677,0.04570964831564543,0.03409095070138958,0.06444458957490677
2016,18,65-69 years,48,45,336088.35355673835,267753.8718025131,435172.38312420424,62048363828.88958,47777288946.475464,86067238704.61746,0.06204836382888958,0.04777728894647546,0.08606723870461747
2016,19,70-74 years,48,45,270228.2320414086,214725.96554866512,345803.84329592047,67734584554.60503,51460621403.67763,93289374957.08003,0.06773458455460503,0.051460621403677624,0.09328937495708003
2016,20,75-79 years,48,45,222723.12373917468,176275.93168390074,285443.24505360355,83953851131.05592,62373637586.46228,116991671514.45398,0.08395385113105593,0.06237363758646228,0.11699167151445398
2016,30,80-84 years,48,45,166854.47182411686,128199.74753047914,206278.0729612882,96025622708.66898,67799023918.04359,131121897428.01674,0.09602562270866898,0.06779902391804359,0.13112189742801675
2016,31,85-89 years,48,45,92824.6253183545,68958.17184920688,117687.86500223268,87973211159.03772,57983064346.41468,126035679994.356,0.08797321115903772,0.05798306434641468,0.126035679994356
2016,32,90-94 years,48,45,40488.18670216951,28445.523761320186,51074.35829584301,64786776644.81355,40349020841.18226,95558101298.49106,0.06478677664481355,0.04034902084118226,0.09555810129849106
2016,235,95+ years,48,45,14707.959835359537,9663.026156347887,18721.234473852357,37730284847.554535,21547527662.908165,56694953020.58561,0.037730284847554536,0.021547527662908166,0.05669495302058561
2017,1,<5 years,48,48,0,0,0,0,0,0,0,0,0
2017,6,5-9 years,48,48,0,0,0,0,0,0,0,0,0
2017,7,10-14 years,48,48,0,0,0,0,0,0,0,0,0
2017,8,15-19 years,48,48,0,0,0,0,0,0,0,0,0
2017,9,20-24 years,48,46,5117.663760136586,3600.7954770209694,7174.756292496497,195724348.1228773,137604515.35810834,282642708.31487,1.957243481228773e-4,1.3760451535810834e-4,2.8264270831487e-4
2017,10,25-29 years,48,46,9615.789889442052,6998.639928968593,13391.978542695733,424774157.7612788,307974001.2046353,617288783.0759377,4.247741577612788e-4,3.079740012046353e-4,6.172887830759378e-4
2017,11,30-34 years,48,46,23156.85300732981,16900.57241236256,31446.38576409324,1081229471.9521987,774658973.2406064,1542594169.5308142,0.0010812294719521989,7.746589732406064e-4,0.001542594169530814
2017,12,35-39 years,48,46,43433.28523326374,31771.910740251744,58190.02206231547,2214091999.5287137,1584787447.3581042,3159293338.167373,0.0022140919995287138,0.0015847874473581042,0.003159293338167373
2017,13,40-44 years,48,46,79421.57614104409,58845.41974637363,106394.85230200521,4827541857.740539,3504039838.335161,6909066503.072962,0.004827541857740539,0.0035040398383351613,0.006909066503072962
2017,14,45-49 years,48,46,139823.30396476816,106725.95669701,186511.94808253442,10268734372.276924,7663326628.263141,14625781205.23116,0.010268734372276924,0.007663326628263141,0.01462578120523116
2017,15,50-54 years,48,46,213883.34544407626,166777.93560817192,292632.250342732,19219489459.857864,14536465743.53266,28307343068.81506,0.019219489459857863,0.01453646574353266,0.02830734306881506
2017,16,55-59 years,48,46,257308.9925082164,196251.48886621287,345554.3263298623,27932552953.20852,20773351974.22997,40663684108.90394,0.02793255295320852,0.02077335197422997,0.04066368410890394
2017,17,60-64 years,48,46,347863.9221489603,266062.8486150624,461293.8601646194,48042125691.91379,35689130593.174805,68761437588.46596,0.04804212569191379,0.03568913059317481,0.06876143758846595
2017,18,65-69 years,48,46,348296.20610774006,276648.27194338426,459957.14786609047,65972422382.35785,50487765537.97336,93326306338.55052,0.06597242238235784,0.05048776553797336,0.09332630633855052
2017,19,70-74 years,48,46,283455.4671172323,224369.0458171246,365989.33422871935,72925062501.26837,55059892718.79248,101339842827.26173,0.07292506250126837,0.05505989271879248,0.10133984282726173
2017,20,75-79 years,48,46,229226.36746273574,182650.35383727227,297950.4558538464,89345458074.12898,66711099642.843414,125883010660.46411,0.08934545807412898,0.06671109964284341,0.12588301066046412
2017,30,80-84 years,48,46,171795.40252705937,131979.72194200975,213773.73859511517,101818815937.20932,71746122122.0941,139745125214.64194,0.10181881593720932,0.0717461221220941,0.13974512521464194
2017,31,85-89 years,48,46,96901.0836196144,72428.11201931174,122096.02818307589,94453413989.26967,62814163196.53891,134888559337.6879,0.09445341398926967,0.06281416319653892,0.1348885593376879
2017,32,90-94 years,48,46,43311.52214359131,30336.150373741028,54619.69185032888,71155074032.40312,44222582548.7846,104557851747.8952,0.07115507403240312,0.0442225825487846,0.1045578517478952
2017,235,95+ years,48,46,16041.96139512679,10529.022551507165,20538.12397291293,42131623132.25053,24022785432.79324,63516742819.35058,0.04213162313225052,0.02402278543279324,0.06351674281935057
2018,1,<5 years,48,48,0,0,0,0,0,0,0,0,0
2018,6,5-9 years,48,48,0,0,0,0,0,0,0,0,0
2018,7,10-14 years,48,48,0,0,0,0,0,0,0,0,0
2018,8,15-19 years,48,48,0,0,0,0,0,0,0,0,0
2018,9,20-24 years,48,46,5125.466184708951,3592.3634553109323,7221.40504741151,205295139.0026487,143769895.20937443,297124952.7219486,2.052951390026487e-4,1.4376989520937443e-4,2.971249527219486e-4
2018,10,25-29 years,48,46,9469.231005531496,6849.7594551139555,13270.80913753136,436088581.4940943,314015927.63725543,638266791.6031113,4.360885814940943e-4,3.1401592763725543e-4,6.382667916031113e-4
2018,11,30-34 years,48,46,23513.684988530367,17392.399731894617,32274.66889942618,1153553377.0664499,836565482.2718395,1668614691.1922917,0.00115355337706645,8.365654822718395e-4,0.0016686146911922917
2018,12,35-39 years,48,46,44269.17720927098,32092.084268814884,59663.06472804288,2380373064.958529,1690660691.4112465,3427937483.3910136,0.002380373064958529,0.0016906606914112465,0.0034279374833910137
2018,13,40-44 years,48,46,78864.37973885812,58672.71624778894,106049.9184425086,5040247141.827017,3682946025.883841,7259944145.038863,0.005040247141827017,0.003682946025883841,0.007259944145038863
2018,14,45-49 years,48,46,137690.0003244293,104404.23880335213,186071.12896830318,10687693749.525808,7919827183.505047,15411593283.650993,0.010687693749525808,0.007919827183505047,0.015411593283650993
2018,15,50-54 years,48,46,211005.48178796557,163455.48994718195,290615.8243570666,20020357033.44918,15059120983.048965,29753231833.355923,0.02002035703344918,0.015059120983048966,0.029753231833355924
2018,16,55-59 years,48,46,262945.730137066,203409.33257270374,358637.9141541438,30123774310.378307,22700980762.545254,44451928542.58462,0.03012377431037831,0.022700980762545255,0.04445192854258462
2018,17,60-64 years,48,46,340896.36798735143,261042.00777744135,456645.83869641984,49236266641.59325,36634630050.773026,71297006402.25182,0.049236266641593245,0.036634630050773026,0.07129700640225181
2018,18,65-69 years,48,46,349332.2409956671,275085.4454293751,466626.3523207633,68228528231.54644,51693363883.64781,97793504496.56068,0.06822852823154645,0.051693363883647814,0.09779350449656068
2018,19,70-74 years,48,46,290059.3217137336,230916.80573164762,377657.295537641,77638320607.63087,58858415965.50875,109290410692.12135,0.07763832060763087,0.058858415965508754,0.10929041069212135
2018,20,75-79 years,48,46,230854.13874068178,182899.24426823432,299687.8983630417,93479419951.48726,69325821594.30035,131659680505.86517,0.09347941995148726,0.06932582159430035,0.13165968050586518
2018,30,80-84 years,48,46,171968.84578476677,132535.34658210241,214808.62161701222,105581669513.05084,74413096014.90408,145784250761.65662,0.10558166951305084,0.07441309601490409,0.1457842507616566
2018,31,85-89 years,48,46,98693.2707809182,73218.53742410977,124959.81165741393,99041497812.46207,65304331049.43908,141792544501.29657,0.09904149781246206,0.06530433104943908,0.14179254450129658
2018,32,90-94 years,48,46,45173.649661857395,31652.040995433053,57325.44078665617,76003828837.66826,47137538543.27329,112123248060.60606,0.07600382883766826,0.047137538543273294,0.11212324806060607
2018,235,95+ years,48,46,17078.513252523084,11279.31149828248,21861.582656943116,45747635396.8017,26227408475.8726,69338587906.57857,0.0457476353968017,0.0262274084758726,0.06933858790657857
2019,1,<5 years,48,48,0,0,0,0,0,0,0,0,0
2019,6,5-9 years,48,48,0,0,0,0,0,0,0,0,0
2019,7,10-14 years,48,48,0,0,0,0,0,0,0,0,0
2019,8,15-19 years,48,48,0,0,0,0,0,0,0,0,0
2019,9,20-24 years,48,46,5164.047800525495,3667.004159287219,7267.201327552225,211581868.67282224,149933826.83184314,305544716.8353738,2.1158186867282222e-4,1.4993382683184313e-4,3.055447168353738e-4
2019,10,25-29 years,48,46,9343.55385204875,6716.440943714129,13031.644725497204,440173393.759506,315182448.50619227,639556831.467491,4.40173393759506e-4,3.1518244850619226e-4,6.39556831467491e-4
2019,11,30-34 years,48,46,24021.698718749714,17669.452885307383,32833.65212665136,1211100859.6125605,877516403.1717399,1747239241.096845,0.0012111008596125605,8.7751640317174e-4,0.001747239241096845
2019,12,35-39 years,48,46,45560.21212063397,33248.679670648125,62563.62548386681,2528292953.954733,1812884683.6655622,3697581384.3737025,0.002528292953954733,0.0018128846836655622,0.0036975813843737027
2019,13,40-44 years,48,46,79491.37965416754,59354.99957573456,108525.17445933996,5224379355.78803,3810120552.9028096,7642034107.99784,0.00522437935578803,0.0038101205529028096,0.00764203410799784
2019,14,45-49 years,48,46,136379.8079710051,102838.33111063442,184716.92396402315,10963135231.752804,8102593686.936732,15860019901.39662,0.010963135231752803,0.008102593686936733,0.01586001990139662
2019,15,50-54 years,48,46,208610.1791005405,161030.70416872567,288219.8409023273,20457188072.097233,15386405253.447071,30552806532.195248,0.020457188072097232,0.015386405253447071,0.030552806532195248
2019,16,55-59 years,48,46,270995.2177169356,208847.4523160004,370603.27247372526,32113761823.17647,24108396971.36752,47763588725.32439,0.03211376182317647,0.02410839697136752,0.04776358872532439
2019,17,60-64 years,48,46,333767.75667575846,255703.53217663013,442992.0771522668,49320014004.070915,36757320069.19927,71077741624.0515,0.04932001400407091,0.036757320069199274,0.0710777416240515
2019,18,65-69 years,48,46,346742.968569256,271477.53120405943,467341.1914842918,68518245891.94292,51618076196.84774,99534979717.98512,0.06851824589194291,0.05161807619684774,0.09953497971798513
2019,19,70-74 years,48,46,301452.2754857733,240666.8439912792,393206.1288733331,82245335191.32162,62302263231.816086,116036169407.64664,0.08224533519132163,0.062302263231816084,0.11603616940764663
2019,20,75-79 years,48,46,231500.38415459462,183322.1500454191,300403.5996111972,95101041597.4021,70516561497.8924,134188411262.50688,0.0951010415974021,0.0705165614978924,0.13418841126250688
2019,30,80-84 years,48,46,168623.26043410023,129800.63457842966,211608.69290326798,104254503733.11168,73257235026.75345,144422000357.81738,0.10425450373311168,0.07325723502675345,0.14442200035781738
2019,31,85-89 years,48,46,99035.0309902584,73398.15210850198,126435.77929808338,100326014165.70883,66193342024.251015,144668748393.34702,0.10032601416570883,0.06619334202425102,0.144668748393347
2019,32,90-94 years,48,46,47310.708399276795,33096.30051551789,59942.1088492175,80923430997.5451,49961793916.92995,119209473012.64432,0.0809234309975451,0.049961793916929946,0.11920947301264431
2019,235,95+ years,48,46,18173.13169482386,12060.120854951214,23176.90174857017,49363035898.20827,28480565682.45712,74230701937.81264,0.049363035898208264,0.028480565682457118,0.07423070193781264
2020,1,<5 years,48,48,0,0,0,0,0,0,0,0,0
2020,6,5-9 years,48,48,0,0,0,0,0,0,0,0,0
2020,7,10-14 years,48,48,0,0,0,0,0,0,0,0,0
2020,8,15-19 years,48,48,0,0,0,0,0,0,0,0,0
2020,9,20-24 years,48,46,5083.084354237204,3570.945439399315,7213.315983825905,206943682.43232334,145538970.0957747,302128121.15051615,2.0694368243232334e-4,1.4553897009577472e-4,3.0212812115051614e-4
2020,10,25-29 years,48,46,9179.416243771062,6551.952612443644,12738.541937800679,427243460.41970813,303757388.4840562,617565565.0434167,4.272434604197081e-4,3.0375738848405616e-4,6.175655650434167e-4
2020,11,30-34 years,48,46,24297.9998800541,17874.11355059491,32946.495744574655,1216545437.1955585,874955489.227048,1739233328.6325161,0.0012165454371955585,8.74955489227048e-4,0.0017392333286325161
2020,12,35-39 years,48,46,47752.271428160384,34664.39282621392,65040.35812178641,2622810773.226738,1865173554.5590944,3824684737.3842683,0.002622810773226738,0.0018651735545590945,0.0038246847373842683
2020,13,40-44 years,48,46,81857.72666303525,61207.760827351405,111440.04536666017,5312769845.865706,3864248508.8026633,7774778585.328053,0.005312769845865707,0.0038642485088026634,0.007774778585328054
2020,14,45-49 years,48,46,137898.37879444688,103324.30257667135,187205.7938851348,10960025651.714712,8030171026.142547,16015567826.806421,0.010960025651714712,0.008030171026142547,0.01601556782680642
2020,15,50-54 years,48,46,210009.9986285685,159984.7523020532,288620.38936850516,20368876409.206623,15080736877.525892,30449316100.015633,0.020368876409206624,0.015080736877525893,0.030449316100015632
2020,16,55-59 years,48,46,285120.8317788065,219196.72760120584,390706.2957253245,33569797354.71871,25010440325.10783,50173050067.90366,0.03356979735471871,0.02501044032510783,0.050173050067903666
2020,17,60-64 years,48,46,337314.6787626219,259393.93847733032,450142.6985610619,49218066111.459854,36633192476.19298,71574181826.31186,0.04921806611145985,0.036633192476192976,0.07157418182631185
2020,18,65-69 years,48,46,356678.7236791382,277837.9991604311,474224.19772858167,69596131841.3396,52050591932.281685,100457400270.59024,0.0695961318413396,0.05205059193228168,0.10045740027059025
2020,19,70-74 years,48,46,310117.50852253375,247865.41146804433,404521.4566028437,85036323083.85768,64511471627.120224,120241063365.72974,0.08503632308385768,0.06451147162712022,0.12024106336572973
2020,20,75-79 years,48,46,234574.5496243902,188795.7963487092,304344.5385605187,95598590153.52188,71803939574.51741,135131468083.89052,0.09559859015352189,0.07180393957451742,0.1351314680838905
2020,30,80-84 years,48,46,168257.9515780183,130244.60756029993,212753.01237619488,103797778533.75204,73242975743.52588,144813335217.62268,0.10379777853375205,0.07324297574352588,0.14481333521762269
2020,31,85-89 years,48,46,100730.72558552994,74528.73746303975,129391.33243334205,101516678994.61317,66816906436.93084,147242510800.77188,0.10151667899461317,0.06681690643693083,0.1472425108007719
2020,32,90-94 years,48,46,49060.17208645241,34570.625569265365,62148.975974467234,83839085638.9376,52124285404.06254,123582402897.42035,0.0838390856389376,0.05212428540406254,0.12358240289742035
2020,235,95+ years,48,46,19247.17031640067,12911.152523350112,24680.773337220853,52195364373.09705,30468247593.86372,78849615851.4706,0.052195364373097054,0.03046824759386372,0.0788496158514706
2021,1,<5 years,48,48,0,0,0,0,0,0,0,0,0
2021,6,5-9 years,48,48,0,0,0,0,0,0,0,0,0
2021,7,10-14 years,48,48,0,0,0,0,0,0,0,0,0
2021,8,15-19 years,48,48,0,0,0,0,0,0,0,0,0
2021,9,20-24 years,48,46,5263.353842828135,3689.093647604901,7440.91013697473,240598697.69758466,167714976.04279894,348757823.29034656,2.4059869769758465e-4,1.6771497604279893e-4,3.4875782329034654e-4
2021,10,25-29 years,48,46,9584.047672807737,6742.520430399151,13224.951115882064,498649966.542488,348775203.1595496,715124965.7440187,4.98649966542488e-4,3.487752031595496e-4,7.151249657440186e-4
2021,11,30-34 years,48,46,26337.97286415626,19120.71235044981,36092.22459929007,1471511161.4745402,1044721648.3159587,2120241598.9372709,0.0014715111614745403,0.0010447216483159588,0.002120241598937271
2021,12,35-39 years,48,46,54219.645931025494,39016.66265654286,74261.81636502531,3336127332.9787173,2341543350.1883516,4869791191.247027,0.0033361273329787174,0.0023415433501883516,0.004869791191247028
2021,13,40-44 years,48,46,90350.11340083812,67211.74535187814,122353.6774566584,6550300053.020163,4727567157.352166,9491442319.001942,0.006550300053020162,0.004727567157352166,0.009491442319001942
2021,14,45-49 years,48,46,148593.1811954412,108364.62570902401,204542.75004748965,13084375648.964453,9261682431.976797,19390653426.96589,0.013084375648964452,0.009261682431976797,0.01939065342696589
2021,15,50-54 years,48,46,229115.48417460857,171722.18279941214,312698.6896691833,24857735929.574894,18035892504.76425,36844149067.13036,0.024857735929574895,0.018035892504764253,0.03684414906713036
2021,16,55-59 years,48,46,322306.3367319726,245511.94263115645,448178.1575922682,42544200535.75863,31209130252.15396,64590587526.1338,0.04254420053575863,0.031209130252153962,0.0645905875261338
2021,17,60-64 years,48,46,370599.2031205948,278613.23151164973,491702.0042303273,59763676073.432175,43424106297.00812,86756799895.1014,0.05976367607343217,0.043424106297008117,0.08675679989510139
2021,18,65-69 years,48,46,384724.6970427643,297488.8914901613,512017.08833831974,83437517485.16927,61598396463.12385,121171554044.47171,0.08343751748516927,0.061598396463123845,0.1211715540444717
2021,19,70-74 years,48,46,334001.8766028611,266676.07063302264,440341.35213017405,102676854590.07256,77532250417.9535,147294591350.46646,0.10267685459007256,0.0775322504179535,0.14729459135046646
2021,20,75-79 years,48,46,242124.20593227205,192675.63249474246,317383.22174814943,108214315551.04805,80435354684.89502,154954195570.2628,0.10821431555104805,0.08043535468489502,0.1549541955702628
2021,30,80-84 years,48,46,171762.36209799416,132939.4378543395,217082.9969526577,117700232687.5717,83200501292.35844,164676137113.32974,0.1177002326875717,0.08320050129235844,0.16467613711332973
2021,31,85-89 years,48,46,107152.23333331666,79763.04185624074,138249.16796552262,119163083212.72522,78989270440.47252,173287284484.21475,0.11916308321272522,0.07898927044047252,0.17328728448421477
2021,32,90-94 years,48,46,52666.5553401322,37646.79374165187,66012.76138714646,98823675728.97942,62381043125.89068,144359108439.3385,0.09882367572897942,0.06238104312589068,0.1443591084393385
2021,235,95+ years,48,46,21243.50656339601,14557.029097002434,27364.421536002454,64126779177.08272,38261172768.33934,97801098116.81088,0.06412677917708272,0.03826117276833934,0.09780109811681088
2022,1,<5 years,48,48,0,0,0,0,0,0,0,0,0
2022,6,5-9 years,48,48,0,0,0,0,0,0,0,0,0
2022,7,10-14 years,48,48,0,0,0,0,0,0,0,0,0
2022,8,15-19 years,48,48,0,0,0,0,0,0,0,0,0
2022,9,20-24 years,48,46,5183.834304509836,3551.031855915997,7434.45320142786,262072117.28062627,178230260.96320933,389500107.2686717,2.6207211728062626e-4,1.7823026096320933e-4,3.895001072686717e-4
2022,10,25-29 years,48,46,9675.548426921952,6652.564561406903,13652.909644323903,549568819.2684382,374541538.36886305,804991608.0927138,5.495688192684382e-4,3.7454153836886304e-4,8.049916080927138e-4
2022,11,30-34 years,48,46,26294.652038787055,18661.50330338691,36949.93430526503,1611902734.6464996,1117002702.5029213,2395213157.1111894,0.0016119027346464996,0.0011170027025029213,0.0023952131571111893
2022,12,35-39 years,48,46,54877.286360961465,38154.41774080493,74788.32239930329,3752947110.9201784,2532271709.4199963,5456042168.009074,0.0037529471109201784,0.0025322717094199963,0.005456042168009074
2022,13,40-44 years,48,46,91326.9856116765,65450.70509886259,125130.0826402386,7284356955.598652,5016411551.108228,10687101587.086514,0.007284356955598652,0.005016411551108228,0.010687101587086514
2022,14,45-49 years,48,46,146885.19349122953,104247.24314960594,207092.5640983815,14132265479.653667,9737667601.814981,21460422183.527622,0.014132265479653667,0.009737667601814982,0.021460422183527623
2022,15,50-54 years,48,46,232903.2923317186,167674.85444279484,328054.24748183583,27658229379.11466,19247042466.783577,42187283227.6985,0.02765822937911466,0.019247042466783576,0.042187283227698505
2022,16,55-59 years,48,46,336240.6297360068,246338.25367968788,471420.80754641956,49076496613.04108,34562096071.3346,74671971043.45341,0.049076496613041073,0.034562096071334605,0.07467197104345341
2022,17,60-64 years,48,46,371030.8881041667,270402.14860586333,514068.70440432895,66287841509.371254,46374626361.32908,99601880043.27716,0.06628784150937125,0.04637462636132908,0.09960188004327716
2022,18,65-69 years,48,46,389763.4211038759,293741.0951218932,537382.2777528663,93318519439.0131,66821925836.73334,140084420458.72433,0.0933185194390131,0.06682192583673334,0.14008442045872432
2022,19,70-74 years,48,46,360856.8356224203,277427.28010087303,482198.26653184026,121226707243.16136,88020703635.15988,176179099527.0374,0.12122670724316136,0.08802070363515987,0.17617909952703742
2022,20,75-79 years,48,46,259841.95641143137,201847.64925267172,355185.7147061835,127398518620.35434,91897577546.89061,189641345341.18695,0.12739851862035434,0.09189757754689061,0.18964134534118696
2022,30,80-84 years,48,46,183161.7006451801,138071.248336692,238384.61826481926,138806160285.79715,96118575393.4435,199366721775.38565,0.13880616028579715,0.0961185753934435,0.19936672177538564
2022,31,85-89 years,48,46,119648.05233966798,88042.17063135747,157836.9196334842,146689015324.878,96531290167.58292,217378601071.42004,0.146689015324878,0.09653129016758291,0.21737860107142004
2022,32,90-94 years,48,46,56603.02946150088,40085.665259549445,72211.71381575608,116647245442.87483,72877193392.0259,173394365625.37552,0.11664724544287483,0.07287719339202589,0.17339436562537552
2022,235,95+ years,48,46,22769.476893557334,15609.463315359859,29298.372295950947,76511705046.25052,45789919657.42573,116975150243.28798,0.07651170504625052,0.04578991965742573,0.11697515024328797
2023,1,<5 years,48,48,0,0,0,0,0,0,0,0,0
2023,6,5-9 years,48,48,0,0,0,0,0,0,0,0,0
2023,7,10-14 years,48,48,0,0,0,0,0,0,0,0,0
2023,8,15-19 years,48,48,0,0,0,0,0,0,0,0,0
2023,9,20-24 years,48,46,5259.929767525686,3484.5236471487697,7872.055758317467,279259131.72595847,182449422.83157605,428237136.84622395,2.7925913172595845e-4,1.8244942283157604e-4,4.2823713684622395e-4
2023,10,25-29 years,48,46,10028.371188996982,6772.427152597105,14571.685230519737,602022216.4796587,401643196.50240386,905234743.5934069,6.020222164796588e-4,4.0164319650240384e-4,9.052347435934069e-4
2023,11,30-34 years,48,46,27122.019657848472,18818.770888636373,38580.294365925125,1760872204.3994799,1183625530.0700045,2630568337.8927946,0.00176087220439948,0.0011836255300700044,0.0026305683378927947
2023,12,35-39 years,48,46,56654.00476603034,38310.077208426585,82012.23506880805,4112010782.3847523,2697345555.7883506,6307945462.347356,0.004112010782384753,0.0026973455557883505,0.006307945462347355
2023,13,40-44 years,48,46,94243.07878563683,64789.3209624051,133762.76487831297,7952793310.808232,5296773673.3348,12075355584.247007,0.007952793310808233,0.0052967736733348,0.012075355584247008
2023,14,45-49 years,48,46,150681.19654137926,102906.36028974838,214133.58194994772,15370056288.597254,10166587240.962866,23362079538.60301,0.015370056288597254,0.010166587240962865,0.023362079538603007
2023,15,50-54 years,48,46,238131.21931923338,166939.33041492547,338831.6239750619,29958008158.001987,20272395556.483208,46120438141.35545,0.029958008158001988,0.02027239555648321,0.046120438141355455
2023,16,55-59 years,48,46,327509.44498096657,232433.06768231484,466258.87686628767,49904916484.62771,33890396217.248695,77186233510.08302,0.04990491648462771,0.033890396217248694,0.07718623351008302
2023,17,60-64 years,48,46,388427.5717365953,272170.3382686875,545074.8367196117,73655221563.10594,49541177339.57802,112212790781.17607,0.07365522156310594,0.04954117733957802,0.11221279078117607
2023,18,65-69 years,48,46,397698.16716847994,291289.195785323,556769.3769499918,100511942130.9046,69768009709.18275,152915835926.3203,0.1005119421309046,0.06976800970918276,0.15291583592632033
2023,19,70-74 years,48,46,369516.0043133711,278618.0680831815,499737.26618894306,131300853036.87186,93539515968.57518,193305788622.79233,0.13130085303687186,0.09353951596857518,0.19330578862279232
2023,20,75-79 years,48,46,266902.89392308414,202149.53610764982,362184.5283104513,137463801559.21185,96929075961.05037,204682230880.18988,0.13746380155921184,0.09692907596105037,0.20468223088018989
2023,30,80-84 years,48,46,194680.76397825195,145196.72068329388,254088.05054628497,153217513180.78064,103375366301.70447,221839278553.95206,0.15321751318078064,0.10337536630170446,0.22183927855395205
2023,31,85-89 years,48,46,122337.36046917741,88321.89655949536,162813.10522415309,154940647948.29214,100090036706.31207,234712347901.36685,0.15494064794829215,0.10009003670631207,0.23471234790136686
2023,32,90-94 years,48,46,60151.35253502866,41152.392482604846,78709.37338402495,123307257314.38953,73927292521.5204,190150279217.1698,0.12330725731438953,0.0739272925215204,0.1901502792171698
2023,235,95+ years,48,46,24715.22193855773,16164.994173691506,32895.46752651134,79608832985.3788,45067098254.19547,126312927223.42206,0.0796088329853788,0.04506709825419547,0.12631292722342205
