Country Name,Country Code,Series Name,Series Code,1990 [YR1990],1991 [YR1991],1992 [YR1992],1993 [YR1993],1994 [YR1994],1995 [YR1995],1996 [YR1996],1997 [YR1997],1998 [YR1998],1999 [YR1999],2000 [YR2000],2001 [YR2001],2002 [YR2002],2003 [YR2003],2004 [YR2004],2005 [YR2005],2006 [YR2006],2007 [YR2007],2008 [YR2008],2009 [YR2009],2010 [YR2010],2011 [YR2011],2012 [YR2012],2013 [YR2013],2014 [YR2014],2015 [YR2015],2016 [YR2016],2017 [YR2017],2018 [YR2018],2019 [YR2019],2020 [YR2020],2021 [YR2021],2022 [YR2022],2023 [YR2023],2024 [YR2024]
Afghanistan,AFG,"GDP per capita, PPP (current international $)",NY.GDP.PCAP.PP.CD,..,..,..,..,..,..,..,..,..,..,813.550256,747.6880455,926.507941,966.9620321,971.633503,1076.087353,1121.834471,1286.949843,1333.747267,1570.698145,1765.538028,1744.060623,1988.429304,2133.241271,2224.490748,2284.075848,2213.181441,2335.795862,2432.276701,2583.485332,2561.981761,2144.16657,2122.995815,2201.722907,..
Afghanistan,AFG,"GDP, PPP (constant 2021 international $)",NY.GDP.MKTP.PP.KD,..,..,..,..,..,..,..,..,..,..,32567375970,29495629513,37931379899,41281584746,41865355064,46566715049,49061481754,55844878996,58036781460,70451155677,80569661677,80913174278,91231454558,96341095376,98965950295,1.00402E+11,1.02672E+11,1.05389E+11,1.06643E+11,1.10814E+11,1.08209E+11,85767546198,80415503801,82238478028,..
Albania,ALB,"GDP per capita, PPP (current international $)",NY.GDP.PCAP.PP.CD,2655.059901,1988.181406,1898.820304,2142.681185,2384.728785,2776.187606,3053.329987,2759.428026,3085.572796,3549.284425,3976.926083,4451.000524,4840.347882,5169.842511,5595.55058,6014.326823,6754.356795,7584.970687,8469.260125,9025.926107,9755.92876,10273.46683,10463.60624,10588.15788,11317.28378,11747.31803,12208.37535,13004.77763,13696.534,14792.03082,14511.88937,16126.77749,19444.7069,21259.79778,23487.99363
Albania,ALB,"GDP, PPP (constant 2021 international $)",NY.GDP.MKTP.PP.KD,18274942062,13157566899,12211917973,13379305485,14490171371,16420600300,17625269554,15561073194,16854202298,18918964811,20330860426,22132933135,23157332899,24392374658,25676940952,26994379070,28619165682,30479437956,32584671726,33461444277,34456304689,35305141557,35652590005,36261261117,37073595662,37899485664,39380952118,40673898060,42167207396,43036938898,41610799594,45343111967,47531686193,49402826580,51360027803
Algeria,DZA,"GDP per capita, PPP (current international $)",NY.GDP.PCAP.PP.CD,7602.187257,7582.071945,7704.516443,7537.938682,7462.647588,7746.716839,8052.768567,8128.798914,8502.888359,8776.442095,9186.815903,9543.520354,10080.1825,10802.75067,11431.68567,12246.26922,12791.34126,13320.96412,13666.2182,13651.4473,14201.36599,14639.87794,14441.32934,14370.82066,14694.14383,13807.35158,13437.84602,13493.56075,13727.12664,13892.53334,12676.51306,14496.86547,15836.09444,16824.4879,17552.77425
Algeria,DZA,"GDP, PPP (constant 2021 international $)",NY.GDP.MKTP.PP.KD,2.97621E+11,2.9405E+11,2.99343E+11,2.93057E+11,2.90419E+11,3.01455E+11,3.13815E+11,3.17267E+11,3.33447E+11,3.44118E+11,3.57194E+11,3.6791E+11,3.87777E+11,4.12982E+11,4.31567E+11,4.54871E+11,4.68063E+11,4.82572E+11,4.94637E+11,5.00572E+11,5.246E+11,5.40338E+11,5.53306E+11,5.67692E+11,5.90967E+11,6.09878E+11,6.33664E+11,6.43169E+11,6.52173E+11,6.58042E+11,6.2514E+11,6.48896E+11,6.72256E+11,6.99818E+11,7.22912E+11
American Samoa,ASM,"GDP per capita, PPP (current international $)",NY.GDP.PCAP.PP.CD,..,..,..,..,..,..,..,..,..,..,..,..,..,..,..,..,..,..,..,..,..,..,..,..,..,..,..,..,..,..,..,..,..,..,..
American Samoa,ASM,"GDP, PPP (constant 2021 international $)",NY.GDP.MKTP.PP.KD,..,..,..,..,..,..,..,..,..,..,..,..,..,..,..,..,..,..,..,..,..,..,..,..,..,..,..,..,..,..,..,..,..,..,..
Andorra,AND,"GDP per capita, PPP (current international $)",NY.GDP.PCAP.PP.CD,24908.87094,24510.24608,23816.84047,22958.32578,23509.45998,24934.38277,26541.58145,29121.60371,30072.72727,31589.95824,33458.11816,36895.44025,38787.05225,41147.8807,42717.23777,44577.81933,46852.65839,47501.43093,44838.995,42522.99456,43853.17124,46436.11586,45503.04448,45609.23072,48505.60174,50733.239,53110.14263,53084.86396,55244.65541,57475.06928,52095.8414,59332.20291,68470.07595,71730.66868,74939.4746
Andorra,AND,"GDP, PPP (constant 2021 international $)",NY.GDP.MKTP.PP.KD,2631759312,2698763997,2723841291,2695745293,2759989816,2836096580,2967967659,3237093233,3340511674,3477441884,3600138635,3892446769,4069411498,4423214424,4783072833,5041253346,5283671526,5365736886,5067445572,4798726710,4703953873,4703574275,4469597620,4311034331,4419002699,4482377402,4648659174,4664746876,4738858765,4834372721,4293699379,4649508749,5094216232,5225828101,5402033635
Angola,AGO,"GDP per capita, PPP (current international $)",NY.GDP.PCAP.PP.CD,3340.598482,3372.596968,3143.44061,2369.241832,2374.020821,2695.805985,3013.332813,3178.494803,3254.244475,3262.975529,3326.779914,3427.85395,3824.284804,3878.507955,4262.906013,4876.287684,5404.38383,6095.999267,6651.377741,6498.169282,6607.022197,6711.390257,7354.942966,7561.039205,7990.274457,7119.726443,6843.735897,6992.728834,7347.799936,7528.382418,6450.749946,7408.126591,7924.888806,8046.817299,8347.952791
Angola,AGO,"GDP, PPP (constant 2021 international $)",NY.GDP.MKTP.PP.KD,85939173895,86791139889,81724029491,62123814348,62955878002,72399259721,82205283158,88185123455,92322016744,94336012047,97217622733,1.01307E+11,1.15151E+11,1.18594E+11,1.3158E+11,1.51356E+11,1.68838E+11,1.92492E+11,2.13994E+11,2.15834E+11,2.25327E+11,2.33151E+11,2.53067E+11,2.65605E+11,2.78414E+11,2.81041E+11,2.7379E+11,2.73387E+11,2.69788E+11,2.67894E+11,2.52789E+11,2.55821E+11,2.6361E+11,2.66452E+11,2.78239E+11
Antigua and Barbuda,ATG,"GDP per capita, PPP (current international $)",NY.GDP.PCAP.PP.CD,12996.04535,13658.49861,13908.45127,14719.50952,15736.16811,15062.35225,16016.93319,16836.06194,17496.14875,18088.38224,19318.89658,18568.67991,18812.78278,20127.34557,21628.68365,23484.80011,26949.40858,29850.56757,29978.20959,26156.91517,24071.0298,23804.07901,23011.73866,21760.52329,21671.47379,20985.43883,21320.43751,21422.00216,24524.2138,26550.58984,22370.09187,25745.49581,29933.88937,31601.75271,33602.354
Antigua and Barbuda,ATG,"GDP, PPP (constant 2021 international $)",NY.GDP.MKTP.PP.KD,1329089238,1358021545,1373754915,1446287620,1542847661,1475582825,1573044257,1659109533,1737606636,1802032676,1913822712,1826779954,1845545275,1957692356,2070594498,2204638355,2484807048,2716271365,2715890908,2390992152,2203526249,2160364841,2233237031,2219815671,2268613699,2300864764,2395668849,2460656795,2625816199,2709112916,2197936455,2377570792,2594115333,2657083929,2772069806
Argentina,ARG,"GDP per capita, PPP (current international $)",NY.GDP.PCAP.PP.CD,7158.308492,7960.97844,8667.852804,9472.445099,10103.02974,9890.924709,10495.83925,11403.48079,11835.67699,11463.85331,11499.9828,11117.75492,9953.464929,10933.39255,12117.67974,13464.81285,14843.57787,16455.11298,17276.75709,16182.07535,17847.61104,19104.99094,19430.41781,19928.98949,19487.41817,19899.14993,20105.76136,23385.07409,24410.39191,23516.8262,22393.34796,26300.27426,29597.69384,30082.30452,30175.53597
Argentina,ARG,"GDP, PPP (constant 2021 international $)",NY.GDP.MKTP.PP.KD,5.57089E+11,6.07968E+11,6.56225E+11,7.10081E+11,7.51523E+11,7.3014E+11,7.70493E+11,8.32988E+11,8.65059E+11,8.35773E+11,8.29179E+11,7.92622E+11,7.0627E+11,7.68683E+11,8.38092E+11,9.12277E+11,9.85689E+11,1.07448E+12,1.11807E+12,1.0519E+12,1.15841E+12,1.22796E+12,1.21535E+12,1.24459E+12,1.21331E+12,1.24645E+12,1.22052E+12,1.25492E+12,1.22208E+12,1.19762E+12,1.07905E+12,1.19173E+12,1.25453E+12,1.23432E+12,1.2131E+12
Armenia,ARM,"GDP per capita, PPP (current international $)",NY.GDP.PCAP.PP.CD,2760.2495,2476.603092,1491.612672,1440.393678,1591.478835,1766.910148,1921.549989,2039.788323,2239.427583,2376.519169,2530.743947,2844.362664,3282.117063,3836.225568,4377.227597,5172.218921,6072.759245,7136.754055,7827.316667,6811.69248,7095.21268,7624.267726,8942.635379,9454.878528,9736.234975,9756.840848,10570.27204,12066.00431,12877.49375,14975.75395,14706.3173,15921.70528,19161.37005,21534.03054,22823.17953
Armenia,ARM,"GDP, PPP (constant 2021 international $)",NY.GDP.MKTP.PP.KD,21801542439,19250762305,11203943133,10217996272,10769768355,11512882201,12188158880,12592937351,13512221776,13958125094,14781654475,16200693305,18339184821,20906670696,23101871119,26313031204,29786351323,33867081455,36203910075,31099158754,31783340247,33277157238,35673112560,36850325274,38176936984,39398598967,39477396165,42438200878,44644987324,48038006360,44579269902,47164867557,53107640869,57515575061,60908993990
Aruba,ABW,"GDP per capita, PPP (current international $)",NY.GDP.PCAP.PP.CD,21732.85831,23099.94009,23889.04502,24575.66066,25791.04318,26254.7428,26004.49563,27240.80279,27412.75519,27765.65326,30245.70697,31920.23907,31888.50874,32507.08431,35059.2731,35098.79767,35937.59466,37768.56601,38904.99925,34339.93916,33729.51191,35324.07206,34095.64717,35901.65331,35657.2872,35972.86644,36117.50821,37524.92848,39287.01952,39110.27619,28976.46355,35696.30937,41649.45079,44967.34451,..
Aruba,ABW,"GDP, PPP (constant 2021 international $)",NY.GDP.MKTP.PP.KD,2169949833,2342740155,2480548423,2661819292,2880192320,2953554956,2988577872,3199179219,3262906371,3303302517,3555110647,3703785432,3668786383,3709528424,3980091340,3964842111,4009542195,4133418781,4209298230,3717747269,3616124254,3737960057,3699055373,3936959476,3874496656,3850334291,3916545601,4192604626,4293104973,4197263893,3097084627,3844492519,4171963244,4349844051,..
Australia,AUS,"GDP per capita, PPP (current international $)",NY.GDP.PCAP.PP.CD,17381.22527,17835.83046,18253.96976,19216.30665,20170.78476,21038.66679,22132.1929,23124.96391,24378.24531,25485.39145,26541.66532,27645.81403,29032.49096,30121.81842,31763.79609,33036.58348,34846.71563,36653.84172,37532.99904,40312.39512,39372.8511,42022.73922,42863.34832,45930.85051,46903.7703,46263.73139,47260.15299,48371.141,50183.68981,52673.06382,53984.1247,58182.33695,65871.77152,70513.47487,71193.21585
Australia,AUS,"GDP, PPP (constant 2021 international $)",NY.GDP.MKTP.PP.KD,6.17848E+11,6.15486E+11,6.18122E+11,6.43136E+11,6.68735E+11,6.94721E+11,7.21565E+11,7.49801E+11,7.84766E+11,8.24222E+11,8.56544E+11,8.7389E+11,9.08667E+11,9.36751E+11,9.76323E+11,1.00712E+12,1.03487E+12,1.07392E+12,1.11243E+12,1.13348E+12,1.15865E+12,1.18654E+12,1.23301E+12,1.26509E+12,1.29793E+12,1.32635E+12,1.36295E+12,1.39402E+12,1.43415E+12,1.46529E+12,1.46354E+12,1.49444E+12,1.55784E+12,1.61146E+12,1.63452E+12
Austria,AUT,"GDP per capita, PPP (current international $)",NY.GDP.PCAP.PP.CD,19382.96647,20522.18551,21194.7574,21632.31867,22538.07427,23588.4563,24417.6643,25294.72389,26529.18157,27500.08495,29214.73865,29556.40356,30952.17082,31962.92553,33523.0205,34776.66995,37396.0351,39193.81736,41046.79004,40665.50466,41740.11492,44171.56187,46156.48321,47519.85228,48355.49776,49562.59393,52397.86352,53869.83212,56636.4953,60354.92794,58523.03378,62968.94223,70734.94256,70478.78736,71617.90175
Austria,AUT,"GDP, PPP (constant 2021 international $)",NY.GDP.MKTP.PP.KD,3.32535E+11,3.43979E+11,3.51181E+11,3.53031E+11,3.61511E+11,3.71156E+11,3.7938E+11,3.87521E+11,4.01056E+11,4.16144E+11,4.29417E+11,4.35072E+11,4.4153E+11,4.46571E+11,4.58026E+11,4.68654E+11,4.83976E+11,5.02247E+11,5.09546E+11,4.91273E+11,5.0016E+11,5.14802E+11,5.18036E+11,5.16737E+11,5.20643E+11,5.27429E+11,5.38596E+11,5.50834E+11,5.64518E+11,5.74426E+11,5.38132E+11,5.63937E+11,5.93701E+11,5.88031E+11,5.81131E+11
Azerbaijan,AZE,"GDP per capita, PPP (current international $)",NY.GDP.PCAP.PP.CD,5342.570821,5412.097607,4220.146377,3272.237954,2647.765387,2356.897804,2406.772319,2565.408284,2826.706937,3051.942337,3439.144432,3834.898157,4230.405903,4718.42115,5247.538351,6854.936195,9398.013239,11973.95964,13216.84348,14245.50355,14930.41003,14804.57445,15994.14665,17267.51189,17563.61225,15075.27263,14535.80202,14315.92964,15282.99952,16675.31794,15163.57033,20111.3757,22552.08867,23651.59946,25088.95018
Azerbaijan,AZE,"GDP, PPP (constant 2021 international $)",NY.GDP.MKTP.PP.KD,77320440962,76779197739,59427098799,45699439738,36696649543,32366445224,32787208820,34688866980,38157753543,40981427801,45530365936,50037872023,54760904902,60351062364,65935829773,84372501916,1.13453E+11,1.42341E+11,1.57417E+11,1.72166E+11,1.80411E+11,1.77573E+11,1.81485E+11,1.9209E+11,1.97464E+11,1.99536E+11,1.93423E+11,1.9372E+11,1.96627E+11,2.01503E+11,1.93042E+11,2.03884E+11,2.13497E+11,2.16388E+11,2.25198E+11
"Bahamas, The",BHS,"GDP per capita, PPP (current international $)",NY.GDP.PCAP.PP.CD,19817.33977,19296.10818,18635.89911,18780.87007,19440.9086,20377.3197,21287.33803,21606.2277,22555.7698,24183.56794,25421.60221,26351.05454,27171.28626,27030.87489,27659.5154,29142.87645,30401.4829,31232.1059,30678.60153,29196.59404,29624.95123,30073.65241,31035.55006,30294.47683,31726.17409,32137.57847,32285.27604,34282.17104,35227.76191,36116.0002,27204.62591,31064.68222,36791.25308,39090.16651,41197.91838
"Bahamas, The",BHS,"GDP, PPP (constant 2021 international $)",NY.GDP.MKTP.PP.KD,9126074163,8744441360,8409915560,8435801834,8701438146,9082452546,9466052687,9587952083,10040196469,10757478537,11203743854,11497955268,11808969928,11659596298,11762477514,12161941155,12468007620,12648307467,12354405315,11838556009,12020711429,12094418914,12641101658,12279151519,12505985015,12630638288,12484594381,12905479582,13215020091,13104139293,10471575966,12313201284,13652564215,14068800174,14544115518
Bahrain,BHR,"GDP per capita, PPP (current international $)",NY.GDP.PCAP.PP.CD,26902.06115,31657.36404,33648.22687,37869.50464,37579.16865,38839.43652,40105.8477,40965.34573,42281.29521,43560.53775,45687.52174,46161.57585,45091.48942,45426.93459,46317.02848,47268.27216,48009.49174,49347.49462,50330.32486,48625.65692,49254.57701,52677.45112,56712.56927,56310.31175,54299.05646,48034.24689,47428.90189,50184.50058,51993.13078,56599.52144,53436.0317,54954.67579,61677.65385,64171.08574,67210.98909
Bahrain,BHR,"GDP, PPP (constant 2021 international $)",NY.GDP.MKTP.PP.KD,21547623543,23967421295,25570841331,28861810335,28789655411,29921086679,31150845231,32114340636,33652618706,35099680719,36959988158,37880642522,39149095032,41614094816,44519158861,47532659557,50606596423,54803887940,58226396743,59705280669,62293086037,63494195104,65908897751,69397206738,72387433087,74202817291,77033649780,80849769947,82509283149,84203097859,79225547128,82671890844,87781147011,91185401848,93936691918
Bangladesh,BGD,"GDP per capita, PPP (current international $)",NY.GDP.PCAP.PP.CD,940.6544708,987.3131994,1044.891886,1099.385888,1145.110166,1206.366467,1260.754895,1315.469233,1372.953839,1429.986453,1511.905006,1597.587406,1658.802309,1746.127258,1861.512563,2019.738396,2195.294855,2388.100252,2554.857882,2675.259459,2833.695444,3051.269833,3434.278151,3691.104311,3972.506477,4212.235781,4579.132287,4882.606926,5490.158819,6047.124015,6640.584373,7441.06914,8450.549025,9147.777507,9646.769844
Bangladesh,BGD,"GDP, PPP (constant 2021 international $)",NY.GDP.MKTP.PP.KD,2.31057E+11,2.3911E+11,2.52124E+11,2.64003E+11,2.74273E+11,2.8832E+11,3.0136E+11,3.14891E+11,3.31193E+11,3.4666E+11,3.6501E+11,3.83543E+11,3.98244E+11,4.17119E+11,4.38974E+11,4.67666E+11,4.98868E+11,5.34081E+11,5.66199E+11,5.94765E+11,6.27904E+11,6.68494E+11,7.12089E+11,7.54912E+11,8.00667E+11,8.53132E+11,9.1382E+11,9.74043E+11,1.04534E+12,1.12773E+12,1.16661E+12,1.24756E+12,1.33614E+12,1.4133E+12,1.47299E+12
Barbados,BRB,"GDP per capita, PPP (current international $)",NY.GDP.PCAP.PP.CD,11071.64797,10966.13882,10541.23241,10845.00633,11273.68295,11723.09406,12400.82232,13207.17806,13851.24542,14089.91532,15075.95101,15030.00683,15283.41194,15826.66356,16387.82602,17478.13018,19019.13374,19846.04229,20250.11414,19253.26878,18977.54268,19165.01013,17936.99373,18004.66912,17752.51772,17804.749,18013.67344,17898.89946,18551.16865,18760.37001,15824.49107,15683.88471,19786.36152,21336.15756,22671.94669
Barbados,BRB,"GDP, PPP (constant 2021 international $)",NY.GDP.MKTP.PP.KD,4389884980,4218683553,3978534107,4010086598,4090720719,4173107760,4339050404,4544725877,4714174359,4729950629,4940300503,4823439440,4861419300,4967178543,5037295151,5236543206,5554429981,5669916793,5705833481,5419556103,5299366019,5260604624,5244122563,5191136901,5195414682,5151456355,5243766864,5250502273,5188857959,5222719689,4436472511,4425161020,5214293923,5427757737,5634012548
Belarus,BLR,"GDP per capita, PPP (current international $)",NY.GDP.PCAP.PP.CD,5220.474731,5329.797812,4917.121155,4640.856636,4190.323889,3845.706818,4039.340424,4596.486158,5061.334995,5331.41744,5795.65224,6238.098627,6697.154364,7361.721615,8482.920206,9636.891123,10994.59813,12320.02402,13886.13141,14034.19112,15339.0999,16563.20141,18114.75086,19014.05297,19037.88474,18133.53131,17832.47789,18413.74756,20025.98155,22301.59324,24872.30667,27611.18011,28429.49488,30834.17737,33006.41667
Belarus,BLR,"GDP, PPP (constant 2021 international $)",NY.GDP.MKTP.PP.KD,1.25855E+11,1.24345E+11,1.12408E+11,1.03865E+11,91712578582,82174470042,84475358964,94105554457,1.0201E+11,1.05479E+11,1.11597E+11,1.1687E+11,1.22766E+11,1.31413E+11,1.46459E+11,1.60226E+11,1.76249E+11,1.91407E+11,2.1093E+11,2.11352E+11,2.27732E+11,2.40371E+11,2.44476E+11,2.46918E+11,2.50994E+11,2.41382E+11,2.35284E+11,2.41242E+11,2.48839E+11,2.52438E+11,2.5074E+11,2.56855E+11,2.4489E+11,2.54995E+11,2.6522E+11
Belgium,BEL,"GDP per capita, PPP (current international $)",NY.GDP.PCAP.PP.CD,18675.31219,19587.85535,20258.54745,20459.18915,21504.01177,22431.45936,22736.75807,23727.89752,24368.75741,25440.84119,27788.09088,28796.57958,30282.28865,30934.58265,32063.98269,33177.89095,35258.98506,36799.53187,37883.33194,37885.90591,39844.40544,41244.8495,42483.52507,43864.12042,45147.64295,46084.24246,48414.55181,50256.06318,52466.73308,56712.46957,56120.09584,60669.21377,68157.83479,69059.17683,72126.00289
Belgium,BEL,"GDP, PPP (constant 2021 international $)",NY.GDP.MKTP.PP.KD,4.15225E+11,4.22837E+11,4.29309E+11,4.2518E+11,4.389E+11,4.49367E+11,4.55305E+11,4.72577E+11,4.81849E+11,4.98919E+11,5.17463E+11,5.23153E+11,5.32082E+11,5.37605E+11,5.56804E+11,5.69732E+11,5.84273E+11,6.05756E+11,6.08463E+11,5.96863E+11,6.1304E+11,6.24879E+11,6.26228E+11,6.28141E+11,6.39231E+11,6.48654E+11,6.56396E+11,6.66074E+11,6.78583E+11,6.9516E+11,6.61841E+11,7.02925E+11,7.32865E+11,7.41672E+11,7.49229E+11
Belize,BLZ,"GDP per capita, PPP (current international $)",NY.GDP.PCAP.PP.CD,4473.902909,5060.510706,5714.306214,6083.96778,6081.740728,6100.070489,6096.384372,6252.020014,6342.855848,6800.701348,7555.134334,7863.517145,8165.866019,8863.005408,9258.882961,9480.480682,9924.689201,10242.84756,9985.978816,9744.230205,9734.892397,9697.853439,9266.091461,9514.403543,9489.946832,9538.190541,9401.53294,9121.747164,9527.70914,10531.32344,9618.016435,11677.46101,13465.98071,13823.43795,15092.78085
Belize,BLZ,"GDP, PPP (constant 2021 international $)",NY.GDP.MKTP.PP.KD,1509229600,1687027060,1901803195,2018535873,2018136104,2032927573,2055414605,2142464401,2225816331,2435595347,2733723411,2870244677,3025155337,3317586687,3476195214,3553350717,3713658265,3838186447,3773623682,3758932155,3800808004,3791513365,3933231633,4108430593,4274035085,4396964190,4399362807,4319608802,4367581136,4553973640,3920838780,4616637500,5062280490,5120446944,5537855017
Benin,BEN,"GDP per capita, PPP (current international $)",NY.GDP.PCAP.PP.CD,1186.116069,1239.224997,1265.252419,1311.344493,1316.244325,1395.266444,1443.967713,1507.924154,1537.143826,1592.137821,1671.357252,1745.982562,1799.882696,1841.602973,1915.346443,1945.564141,2020.605677,2135.537879,2215.351639,2213.328956,2220.328546,2264.841869,2346.084162,2511.653096,2670.415614,2725.337248,2842.024626,2885.89384,2965.306281,3148.979696,3244.587728,3464.288629,3844.154157,4129.96612,4434.564218
Benin,BEN,"GDP, PPP (constant 2021 international $)",NY.GDP.MKTP.PP.KD,11656583105,12149166926,12508504152,13238521979,13505993137,14322457252,14941800983,15798666707,16424453813,17301757698,18315245217,19292022099,20187756641,20882937540,21807985799,22181592484,23056376559,24436611801,25633169334,26227677416,26782147493,27575904171,28902642502,30981156881,32950839416,33536755117,34656773215,36622353579,39075045480,41757815653,43364987288,46467947985,49373564169,52510156788,56423799508
Bermuda,BMU,"GDP per capita, PPP (current international $)",NY.GDP.PCAP.PP.CD,35944.53835,35583.99186,36109.73286,37812.99849,38603.85388,40917.61041,42545.12022,44995.78546,46915.84584,48798.90501,54176.37775,59092.87597,58862.6908,61829.32401,64790.27392,67771.46838,73590.11607,77894.06462,77556.435,73336.98752,72188.69283,70911.54232,69149.05003,71519.63985,71988.53836,75943.4643,80412.18349,85680.97019,85978.21772,90984.45767,85146.40063,92319.67149,105142.41,114372.0499,119718.5847
Bermuda,BMU,"GDP, PPP (constant 2021 international $)",NY.GDP.MKTP.PP.KD,4590185345,4427950656,4425305478,4558443764,4585776802,4787511925,4912009996,5137962498,5338343040,5518920342,6033126782,6468865475,6373269189,6590642707,6743629136,6856531387,7236648326,7478724322,7339174630,6926221459,6752866566,6500124036,6155273014,6138056189,5910882581,5956723231,5917575270,6131283757,6104747481,6123495555,5705409424,5968282122,6354801544,6667280835,6807651687
Bhutan,BTN,"GDP per capita, PPP (current international $)",NY.GDP.PCAP.PP.CD,1637.871812,1656.841736,1840.090348,2001.134672,2145.745667,2373.568467,2547.838122,2682.594782,2818.995725,3017.488763,3113.045439,3338.492469,3662.809072,3942.281446,4172.782171,4523.359706,4860.270172,5728.915695,6035.217411,6466.097449,7245.772635,7935.46761,8577.407319,8666.910636,9323.394489,10213.81396,11273.28238,11677.41427,11969.5615,12909.10098,12475.048,13458.81267,15063.81058,16253.96295,..
Bhutan,BTN,"GDP, PPP (constant 2021 international $)",NY.GDP.MKTP.PP.KD,2010284102,2002084641,2094198378,2135796834,2241550894,2400120837,2533691711,2669848213,2827743862,3053510135,3155957488,3387237867,3740993528,4032288249,4240243732,4534307665,4790079125,5561511005,5813416798,6259160088,7005995173,7600752212,7993317392,8132108591,8610364851,9183884144,9962304965,10170202851,10526350322,11132157416,9994629330,10436528612,10980675421,11516817216,..
Bolivia,BOL,"GDP per capita, PPP (current international $)",NY.GDP.PCAP.PP.CD,2284.012683,2434.347096,2479.710288,2594.877374,2720.803789,2853.394103,2976.76635,3121.245299,3257.049132,3259.829448,3359.095105,3434.144157,3514.914263,3620.337722,3808.218004,4032.726398,4282.871648,4521.67932,4810.278583,4919.810319,5100.527572,5388.512935,5866.984142,6589.671455,7047.20153,7152.04465,7547.903766,8510.266857,8952.587853,9174.445636,8293.991212,9454.198147,10371.96291,10925.27305,11189.80551
Bolivia,BOL,"GDP, PPP (constant 2021 international $)",NY.GDP.MKTP.PP.KD,36538326983,38462627717,39095914184,40765034530,42667646760,44663757293,46611696478,48920937220,51381344702,51600684173,52894731708,53785372739,55122243536,56616794884,58979581087,61587323823,64541673182,67487603159,71637077005,74041933375,77097438566,81109660541,85264320876,91058893867,96031228059,1.00696E+11,1.04989E+11,1.09394E+11,1.14014E+11,1.16541E+11,1.06358E+11,1.12858E+11,1.16927E+11,1.20531E+11,1.222E+11
Bosnia and Herzegovina,BIH,"GDP per capita, PPP (current international $)",NY.GDP.PCAP.PP.CD,1042.54532,974.9252235,982.2480423,1066.761992,1269.027642,1506.508531,2268.080538,3040.395373,3523.082466,3874.341356,4147.038135,4307.123118,4664.685121,4917.864024,5408.161505,5955.839207,6870.506528,7686.413935,8586.778048,8693.618397,9086.748535,9761.515196,10121.15564,10808.31175,11167.86749,11848.63261,12899.1036,13626.91531,14858.27989,16428.39348,16369.76684,18285.67112,21115.63425,22508.8804,21971.0504
Bosnia and Herzegovina,BIH,"GDP, PPP (constant 2021 international $)",NY.GDP.MKTP.PP.KD,10735205687,9731675976,9105256975,8906639589,9898123634,11478685805,17700053180,24185552405,28204314367,30889807955,32562279754,33351365768,35028087074,36382671819,38683972651,40191555918,42367528191,44849047845,47290554231,45869730370,46266810525,46710745776,46326859830,47415474632,47962578604,50032044258,51654210820,53329925568,55371128046,56969882626,55252186459,59335302231,61843293319,63076692994,64641024680
Botswana,BWA,"GDP per capita, PPP (current international $)",NY.GDP.PCAP.PP.CD,5978.027024,6462.672647,6614.080887,6705.827328,6903.485002,7348.40042,7727.998159,8321.935661,8267.594111,8998.599023,9187.363776,9225.970543,9752.848308,10223.96828,10595.56228,11222.46057,12304.46718,13113.24885,13526.19118,11445.72764,12490.89232,13354.86178,12474.51317,13340.87826,15003.31975,14143.69407,16228.12312,15700.66505,15785.81963,15960.01561,15292.26247,17960.62544,19976.83438,21012.1032,20538.13202
Botswana,BWA,"GDP, PPP (constant 2021 international $)",NY.GDP.MKTP.PP.KD,13737121067,14761732983,15192343095,15483444652,16045171041,17173212391,18174376329,19687555071,19774901584,21686588919,22117652343,22173073418,23518874956,24606833357,25272650395,26424235521,28634324517,30292983737,31278133669,26854081059,29571639765,31593869884,31539889509,35041734071,37038112198,35241272984,37780203981,39334624593,40982231020,42224719387,38538973283,43131382325,45497577319,46957170594,45553212803
Brazil,BRA,"GDP per capita, PPP (current international $)",NY.GDP.PCAP.PP.CD,6687.922948,6866.630381,6869.410006,7259.988857,7727.245417,8096.911492,8300.634141,8601.609031,8598.805692,8634.607846,9091.768514,9303.645292,9616.594855,9801.962125,10525.71138,11081.24747,11750.53124,12672.50512,13445.24547,13390.68313,14451.71584,15211.79204,15198.08633,15722.33352,15827.30816,14821.43832,14309.20615,14559.04889,15463.74264,16069.83802,16101.61831,18075.706,19876.85335,21175.6187,22333.41166
Brazil,BRA,"GDP, PPP (constant 2021 international $)",NY.GDP.MKTP.PP.KD,1.88417E+12,1.90362E+12,1.89326E+12,1.9865E+12,2.10276E+12,2.19158E+12,2.23999E+12,2.31603E+12,2.32387E+12,2.33474E+12,2.43719E+12,2.47106E+12,2.54651E+12,2.57557E+12,2.72392E+12,2.81114E+12,2.92252E+12,3.09991E+12,3.25783E+12,3.25373E+12,3.49867E+12,3.63773E+12,3.70761E+12,3.81902E+12,3.83827E+12,3.70217E+12,3.58089E+12,3.62826E+12,3.69298E+12,3.73806E+12,3.61557E+12,3.78777E+12,3.90203E+12,4.02853E+12,4.16533E+12
British Virgin Islands,VGB,"GDP per capita, PPP (current international $)",NY.GDP.PCAP.PP.CD,..,..,..,..,..,..,..,..,..,..,..,..,..,..,..,..,..,..,..,..,..,..,..,..,..,..,..,..,..,..,..,..,..,..,..
British Virgin Islands,VGB,"GDP, PPP (constant 2021 international $)",NY.GDP.MKTP.PP.KD,..,..,..,..,..,..,..,..,..,..,..,..,..,..,..,..,..,..,..,..,..,..,..,..,..,..,..,..,..,..,..,..,..,..,..
Brunei Darussalam,BRN,"GDP per capita, PPP (current international $)",NY.GDP.PCAP.PP.CD,70200.74062,72609.80623,70015.77112,69387.25635,69778.57689,70440.02191,70007.64124,73980.41134,68256.86997,70584.60971,73086.93198,74253.88172,76838.17586,79632.1722,80403.75793,81534.17166,86114.33722,83693.32134,80476.72489,77957.14426,79542.67788,82735.39148,87256.04223,83237.14709,81225.54848,62707.82636,56679.51858,61657.68028,65148.82645,69353.67987,69787.96334,78248.79711,81801.74591,85032.60087,90007.07749
Brunei Darussalam,BRN,"GDP, PPP (constant 2021 international $)",NY.GDP.MKTP.PP.KD,30166243011,31044278636,30075505033,29884931646,30181609719,30588244682,30579889427,32519860855,30354961860,31648302534,32747978586,33228083768,34544394076,35782267886,35819674111,35818268121,37286248538,35882934535,34483245025,33827975829,34755323894,36056704462,36385950967,35612828399,34719698828,34583464463,33726514653,34174647795,34192545419,35515401717,35917994866,35346624879,34771064638,35163158529,36640142252
Bulgaria,BGR,"GDP per capita, PPP (current international $)",NY.GDP.PCAP.PP.CD,7545.585203,7213.047828,6914.765038,7029.738721,7335.235042,7737.756817,6846.442883,5749.364608,6177.635605,5807.813191,6422.789329,6961.039968,7786.421745,8417.470733,9201.739738,10291.44588,11408.04952,12822.31305,14346.87588,14180.72807,14955.91578,15747.42016,16327.28774,16893.81669,17990.82696,18901.1717,20745.4005,22316.9752,24053.25407,26814.47171,27376.49857,30971.91319,35813.69516,37501.73861,41086.11941
Bulgaria,BGR,"GDP, PPP (constant 2021 international $)",NY.GDP.MKTP.PP.KD,1.30375E+11,1.19365E+11,1.10684E+11,1.09046E+11,1.11028E+11,1.14206E+11,1.2015E+11,1.03191E+11,1.07101E+11,98108519307,1.02609E+11,1.06532E+11,1.12788E+11,1.18695E+11,1.26422E+11,1.35343E+11,1.4455E+11,1.54169E+11,1.63619E+11,1.58142E+11,1.60602E+11,1.63959E+11,1.65187E+11,1.6429E+11,1.6585E+11,1.71485E+11,1.76675E+11,1.81526E+11,1.86154E+11,1.93207E+11,1.86994E+11,2.01544E+11,2.09683E+11,2.1364E+11,2.19645E+11
Burkina Faso,BFA,"GDP per capita, PPP (current international $)",NY.GDP.PCAP.PP.CD,566.9441473,623.2680017,623.3849953,644.0354644,649.8424076,683.6391516,753.3091667,793.9708414,838.0793553,886.4340907,896.4774815,947.9193747,973.9839334,1037.837994,1079.000091,1171.764323,1244.002438,1290.49951,1351.360416,1359.692249,1449.422164,1531.343382,1571.838845,1642.892131,1661.317738,1691.579354,1881.758931,2042.402953,2073.323538,2232.16282,2380.722828,2486.430931,2641.870113,2754.713465,2896.187416
Burkina Faso,BFA,"GDP, PPP (constant 2021 international $)",NY.GDP.MKTP.PP.KD,10147246626,11067600318,11093355816,11477339563,11628267413,12292982652,13647023205,14509083107,15569366222,16720757878,17036525025,18163219550,18953857927,20432731534,21347801636,23196921150,24647462832,25660813448,27149138508,27953282649,30314295612,32321878820,34407503767,36400587616,37975584845,39464694412,41815991713,44410042331,47343134250,50131268465,51139294288,54689652541,55508487753,57151639723,60000707833
Burundi,BDI,"GDP per capita, PPP (current international $)",NY.GDP.PCAP.PP.CD,598.1641845,635.9966695,639.7262169,633.6631993,618.3740883,547.5608126,512.6244636,513.2123491,533.3456921,522.7524758,519.1150604,528.3111616,544.7944965,531.6874053,551.4323526,552.9177673,579.5713213,593.4637559,608.6704383,604.3678509,613.649849,628.667678,638.8731816,687.3659201,724.3603575,797.4262344,771.9874337,761.2692572,753.4555161,779.1979907,786.5158307,836.6655713,888.5181584,919.5979715,949.8346131
Burundi,BDI,"GDP, PPP (constant 2021 international $)",NY.GDP.MKTP.PP.KD,7799958297,8189709457,8272425389,7756226044,7459162587,6868396910,6318925157,6218454247,6513830824,6448041133,6392790186,6524213621,6814314046,6730925380,7056275277,7119781755,7505233008,7764309791,8141788511,8452214175,8885319153,9243628532,9654665547,10130079613,10559660855,10147834074,10086946977,10137381839,10300587140,10487292011,10521601909,10847771569,11048346804,11342844864,11738623008
Cabo Verde,CPV,"GDP per capita, PPP (current international $)",NY.GDP.PCAP.PP.CD,1044.457524,1068.867385,1185.580879,1291.310531,1540.217583,1762.158884,1962.921025,2181.781401,2443.036556,2714.09656,3124.494884,3216.646512,3388.448145,3551.463843,3968.656917,4324.202325,4758.37705,5566.769491,6010.851368,5900.660865,6038.585257,6384.228441,6318.061087,6367.280013,6416.833012,6773.4868,7350.753587,7935.761763,7916.421153,8645.756469,6852.576699,7685.419214,9481.073354,10300.44089,11261.77065
Cabo Verde,CPV,"GDP, PPP (constant 2021 international $)",NY.GDP.MKTP.PP.KD,694075763.3,703821607.2,780803130,848797899.3,1011619759,1155387479,1286483805,1429520556,1608457729,1788969286,2044521202,2090147852,2199899241,2291772738,2525466469,2700038277,2915602595,3357919567,3594283905,3540240729,3605254388,3746750463,3787352068,3811293311,3837845328,3873768578,4039593564,4223448184,4380009912,4684325394,3709738572,3970664151,4599763302,4847743178,5200265316
Cambodia,KHM,"GDP per capita, PPP (current international $)",NY.GDP.PCAP.PP.CD,1409.713917,1504.358294,1560.107714,1565.429893,972.0563045,1005.876095,1006.090325,993.6373454,1009.347616,1134.16464,1255.640378,1357.426111,1442.464814,1597.882264,1769.76235,2038.145986,2296.768579,2566.147597,2768.792376,2854.032884,2988.504014,3223.102094,3583.482297,3890.948412,4117.788683,4433.643935,4748.124285,5050.063566,5616.98087,6153.994395,5942.453804,6225.532655,6918.816269,7430.730857,7969.933611
Cambodia,KHM,"GDP, PPP (constant 2021 international $)",NY.GDP.MKTP.PP.KD,19514316432,20995706333,22469088082,23389954629,15248229813,16758333510,17746657168,18457698475,19321820013,21776730888,23953005981,25723063815,27334632491,30145638983,32996721517,37386385535,41477712321,45790754858,49214239315,51219610561,53819988410,57741666976,62159052653,67043200063,72406871106,77625259450,83761925238,90525733498,98470474432,1.06286E+11,1.02507E+11,1.05674E+11,1.11095E+11,1.16658E+11,1.23676E+11
Cameroon,CMR,"GDP per capita, PPP (current international $)",NY.GDP.PCAP.PP.CD,2031.909988,1962.540638,1890.092531,1731.408731,1751.68523,1790.33915,1849.5065,1915.117607,1975.155989,2038.663789,2108.49455,2190.896407,2263.055197,2368.101195,2532.647444,2597.680399,2704.437398,2817.722281,2870.441069,2878.951439,2913.942928,2988.817287,3059.642266,3238.868298,3422.261282,3497.660676,3626.99932,3767.430729,4010.763601,4241.111749,4365.447041,4793.556282,5188.977509,5405.574657,5591.496398
Cameroon,CMR,"GDP, PPP (constant 2021 international $)",NY.GDP.MKTP.PP.KD,51192848469,49243117964,47716579726,43931668855,44756182469,46051427006,47992527880,50165300202,52535878944,54905932269,57010156987,59475425082,62138155822,65526644958,70145528271,71708560181,74440357496,77661830226,79873388994,81933524799,84308797938,87157770352,91189670264,95745076834,1.01222E+11,1.06958E+11,1.11809E+11,1.15768E+11,1.20348E+11,1.2453E+11,1.24854E+11,1.29022E+11,1.33843E+11,1.38191E+11,1.43264E+11
Canada,CAN,"GDP per capita, PPP (current international $)",NY.GDP.PCAP.PP.CD,20229.75587,20224.68733,20626.20206,21440.04699,22632.83409,23485.64193,24050.17501,25258.86056,26319.67416,27841.35335,29362.08416,30230.84877,30963.92189,32351.5457,33927.6697,36328.37899,38119.39096,39575.47701,40376.08828,38864.0567,40098.25372,41666.83746,42291.97294,44301.05625,45758.10073,44669.45136,46470.64664,48317.38745,49982.59991,50498.97311,48590.68321,56995.11768,63578.32019,64462.92117,65463.0991
Canada,CAN,"GDP, PPP (constant 2021 international $)",NY.GDP.MKTP.PP.KD,1.1208E+12,1.09737E+12,1.10714E+12,1.13656E+12,1.18764E+12,1.2195E+12,1.24009E+12,1.29317E+12,1.34351E+12,1.41258E+12,1.48517E+12,1.51302E+12,1.5584E+12,1.58655E+12,1.63561E+12,1.68812E+12,1.73265E+12,1.76817E+12,1.78577E+12,1.73371E+12,1.7873E+12,1.84337E+12,1.87573E+12,1.91936E+12,1.97451E+12,1.98734E+12,2.00798E+12,2.0689E+12,2.12565E+12,2.16622E+12,2.05708E+12,2.17949E+12,2.27078E+12,2.3055E+12,2.34073E+12
Cayman Islands,CYM,"GDP per capita, PPP (current international $)",NY.GDP.PCAP.PP.CD,..,..,..,..,..,..,..,..,..,..,..,..,..,..,..,..,75190.66008,77337.18706,76297.45816,69254.18102,66325.45743,66629.1627,64726.53111,63648.25391,63560.51418,64009.3168,65680.07483,68017.67583,71811.89174,72697.36729,66118.65452,74150.85809,81803.09765,86689.20888,..
Cayman Islands,CYM,"GDP, PPP (constant 2021 international $)",NY.GDP.MKTP.PP.KD,..,..,..,..,..,..,..,..,..,..,..,..,..,..,..,..,4445537886,4586133589,4569742693,4240699172,4125537250,4173767347,4225094403,4279147346,4392738510,4517190161,4663545963,4812035409,5017377829,5213840049,4955504368,5198568359,5466623675,5704950753,..
Central African Republic,CAF,"GDP per capita, PPP (current international $)",NY.GDP.PCAP.PP.CD,620.3911765,618.1795179,573.1505893,570.2456378,592.1854376,630.6916814,600.7729679,626.0784538,645.1299944,659.524563,639.836997,668.4459393,688.1804511,648.1932154,690.426514,702.4606246,743.2874802,783.3554453,797.6528062,877.2521311,936.4854974,980.185521,1062.068099,709.8534812,698.9637389,768.870888,826.0133014,883.8107349,905.8177889,984.8431837,1066.290054,1128.55238,1217.849771,1257.094357,1263.595543
Central African Republic,CAF,"GDP, PPP (constant 2021 international $)",NY.GDP.MKTP.PP.KD,4254024014,4230518701,3958746872,3972019588,4166646538,4466646987,4287976955,4515236990,4727459557,4897646915,4775723304,4988946886,5169374255,4890358044,5183529347,5230606705,5480163420,5732663859,5850420283,6352811109,6646998256,6925814265,7275828382,4628010584,4631762536,4832647683,5062213760,5291394260,5491908661,5662157829,5713117250,5769272622,5795459459,5836025843,5925879192
Chad,TCD,"GDP per capita, PPP (current international $)",NY.GDP.PCAP.PP.CD,962.4485625,1041.14162,1102.294449,928.9828793,1021.228444,1010.028488,1005.748471,1044.255134,1091.205445,1061.147431,1039.069553,1146.979593,1220.449859,1371.837334,1800.45646,2092.677043,2070.129788,2143.705353,2175.454809,2083.776117,2318.398443,2388.165121,2435.124082,2110.247051,2133.184412,2377.511372,2120.087516,2097.144255,2227.813354,2351.653398,2185.990342,2435.072747,2845.048383,2931.579009,2961.931924
Chad,TCD,"GDP, PPP (constant 2021 international $)",NY.GDP.MKTP.PP.KD,10200983128,11071651030,11957542915,10079032408,11100732598,11237998631,11486861081,12136258404,12979920105,12891286693,12777884490,14267547469,15479034861,17757806830,23729645722,27842594572,27697389242,28903946267,29802385612,29403485340,33459516466,34983125796,38150036316,39221042080,40030164715,41355517704,39647564445,39002104605,41241260598,43463610455,43285890202,43413141700,49011968065,51030012222,52894879068
Channel Islands,CHI,"GDP per capita, PPP (current international $)",NY.GDP.PCAP.PP.CD,..,..,..,..,..,..,..,..,..,..,..,..,..,..,..,..,..,..,..,..,..,..,..,..,..,..,..,..,..,..,..,..,..,..,..
Channel Islands,CHI,"GDP, PPP (constant 2021 international $)",NY.GDP.MKTP.PP.KD,..,..,..,..,..,..,..,..,..,..,..,..,..,..,..,..,..,..,..,..,..,..,..,..,..,..,..,..,..,..,..,..,..,..,..
Chile,CHL,"GDP per capita, PPP (current international $)",NY.GDP.PCAP.PP.CD,4444.572092,4885.628639,5563.313536,6060.951085,6475.711818,7231.793986,7895.436781,8510.666985,8850.491716,8838.759172,9375.590084,9775.553235,10133.40411,10708.82365,11612.39969,12550.4348,15510.77007,16697.51602,16375.96485,15951.33049,17917.89512,20121.68342,21366.17713,22201.06607,22553.61618,22457.88006,23256.5036,24295.22377,25305.09035,25611.75783,25350.86351,29089.85046,30820.3527,32801.37864,34637.11683
Chile,CHL,"GDP, PPP (constant 2021 international $)",NY.GDP.MKTP.PP.KD,1.47173E+11,1.58588E+11,1.76828E+11,1.8865E+11,1.98228E+11,2.16575E+11,2.31984E+11,2.49131E+11,2.59547E+11,2.58837E+11,2.71705E+11,2.80275E+11,2.89252E+11,3.02914E+11,3.23131E+11,3.41992E+11,3.62683E+11,3.81427E+11,3.95881E+11,3.91455E+11,4.14361E+11,4.40151E+11,4.67244E+11,4.82702E+11,4.91356E+11,5.01929E+11,5.10728E+11,5.17662E+11,5.38317E+11,5.41732E+11,5.08451E+11,5.65982E+11,5.78173E+11,5.81187E+11,5.96556E+11
China,CHN,"GDP per capita, PPP (current international $)",NY.GDP.PCAP.PP.CD,990.7761909,1104.992418,1276.049344,1471.239577,1679.994942,1883.87603,2087.747696,2297.363102,2483.25406,2689.851566,2963.532386,3258.402107,3590.765959,4007.116046,4504.929372,5148.182739,5946.286828,6935.265806,7712.846084,8447.982815,9411.138219,10456.79168,11420.25271,12228.37361,12941.59648,13463.33315,14157.2515,15022.43719,16298.20506,17600.89076,18267.47835,20843.29783,23032.17663,25179.11931,27104.87027
China,CHN,"GDP, PPP (constant 2021 international $)",NY.GDP.MKTP.PP.KD,1.89227E+12,2.06942E+12,2.36534E+12,2.69481E+12,3.04709E+12,3.38327E+12,3.7208E+12,4.06637E+12,4.38846E+12,4.72799E+12,5.13396E+12,5.56073E+12,6.07473E+12,6.68938E+12,7.36711E+12,8.21125E+12,9.252E+12,1.05612E+13,1.15824E+13,1.26715E+13,1.40142E+13,1.53401E+13,1.65453E+13,1.78323E+13,1.91629E+13,2.05003E+13,2.18893E+13,2.33977E+13,2.49787E+13,2.64945E+13,2.71145E+13,2.94382E+13,3.03609E+13,3.20049E+13,3.35979E+13
Colombia,COL,"GDP per capita, PPP (current international $)",NY.GDP.PCAP.PP.CD,5109.420001,5280.777798,5509.364649,5826.183444,6173.636115,6505.565262,6638.839736,6861.091864,6853.84144,6543.867212,6775.930644,6934.882843,7108.823903,7420.460084,7909.346352,8432.333291,9154.089262,9909.290314,10307.06499,10367.34896,10841.12798,11707.46146,12093.07549,12779.88658,13355.36242,13332.0555,14026.83999,14400.61398,15239.40495,16181.5909,15519.21017,17383.09017,20695.74268,20944.48839,21494.60027
Colombia,COL,"GDP, PPP (constant 2021 international $)",NY.GDP.MKTP.PP.KD,3.24362E+11,3.30855E+11,3.44237E+11,3.62776E+11,3.8387E+11,4.03841E+11,4.12143E+11,4.26281E+11,4.2871E+11,4.10687E+11,4.22699E+11,4.29791E+11,4.40553E+11,4.57815E+11,4.82231E+11,5.05516E+11,5.39471E+11,5.75822E+11,5.94729E+11,6.01506E+11,6.28542E+11,6.72213E+11,6.98514E+11,7.34375E+11,7.67415E+11,7.90099E+11,8.06592E+11,8.17556E+11,8.38521E+11,8.65243E+11,8.03068E+11,8.89809E+11,9.55016E+11,9.6182E+11,9.78592E+11
Comoros,COM,"GDP per capita, PPP (current international $)",NY.GDP.PCAP.PP.CD,1385.878408,1322.830534,1438.225849,1489.140068,1415.400491,1471.476571,1453.809715,1512.212361,1522.376505,1545.835082,1719.017908,1762.113386,1792.760857,1830.99192,1880.333101,1954.030033,2026.319501,2056.47051,2136.324593,2243.868224,2333.327783,2471.790152,2678.701088,2832.528678,2937.611838,2949.473422,3139.051607,3347.45653,3304.548452,3312.749571,3261.594968,3449.043575,3726.14918,3902.74666,4055.126334
Comoros,COM,"GDP, PPP (constant 2021 international $)",NY.GDP.MKTP.PP.KD,1058574902,1001458042,1086892245,1119564892,1060487882,1098773684,1084580946,1128291225,1142761738,1164753144,1291104151,1321224412,1351942151,1380385278,1406883980,1446804986,1485101270,1496982709,1556332253,1657290418,1736857895,1839126740,1955187403,2129732252,2212700089,2256778506,2319522106,2449326959,2548759982,2641248625,2747039030,2821917778,2901450569,2990370233,3091707406
"Congo, Dem. Rep.",COD,"GDP per capita, PPP (current international $)",NY.GDP.PCAP.PP.CD,832.070396,761.977848,674.3415167,576.3727675,539.5690413,532.1807152,526.1664379,497.1220628,481.2892119,451.8260052,416.5493376,403.9842859,409.6429383,428.3336256,455.8677865,483.9113295,509.427783,539.4126385,566.6853821,568.6095678,597.0887408,630.2848806,632.2020761,712.4390067,804.5966346,859.1434827,913.9555594,1003.257355,1069.281634,1167.320616,1136.008396,1313.618218,1484.241169,1616.468492,1709.732077
"Congo, Dem. Rep.",COD,"GDP, PPP (constant 2021 international $)",NY.GDP.MKTP.PP.KD,79677843437,72968131208,65306471181,56510309573,54306409306,54686553536,54127015681,51086675988,50256949674,48110907145,44785997321,43845413886,45137873732,47655584124,50866795582,53987550379,56860216902,60419369536,64181015601,66013424679,70705643442,75566423729,80921739817,87785486697,96099025197,1.02745E+11,1.05211E+11,1.09132E+11,1.15485E+11,1.20548E+11,1.2264E+11,1.30244E+11,1.41867E+11,1.54081E+11,1.64367E+11
"Congo, Rep.",COG,"GDP per capita, PPP (current international $)",NY.GDP.PCAP.PP.CD,3436.749698,3536.08005,3607.671112,3550.385794,3326.9814,3434.067841,3547.213539,3509.998895,3602.033519,3463.85453,3667.424873,3748.446749,3888.164023,3886.992068,3991.511247,4278.925387,4588.109249,4242.611268,4448.332617,4800.901598,5125.069913,5175.204391,6058.064494,5833.863367,5733.183936,4715.134316,4016.049085,4444.639002,5593.193706,5719.599773,4770.964498,6263.211613,6647.496817,6850.277706,7026.362024
"Congo, Rep.",COG,"GDP, PPP (constant 2021 international $)",NY.GDP.MKTP.PP.KD,20709745611,21205820117,21759705123,21546528946,20362961790,21174491871,22082979540,21945002400,22765208445,22177365378,23857518232,24764724673,25899412179,26110042794,27017792798,29113227688,31438279447,29358953278,31210439248,34842488218,38302788206,39147716828,43041800172,42735155559,45575361950,45764587691,41789821841,39451775871,38542681577,38976083979,36533151792,36903988991,37448454256,38162545447,39147011808
Costa Rica,CRI,"GDP per capita, PPP (current international $)",NY.GDP.PCAP.PP.CD,5020.635941,5174.632036,5635.082612,6025.46577,6276.249571,6515.337095,6568.444186,6890.168193,7306.038291,7563.244167,7879.47795,8190.074409,8460.652296,8862.994121,9365.327754,9898.929193,10799.5114,11841.90117,12471.67231,12273.8604,12927.56459,13614.2604,14463.74044,15232.07715,16393.80954,17525.14046,19201.74532,20499.34421,21498.03507,23339.60913,22099.86781,23852.9253,25924.74038,28075.14217,30062.84916
Costa Rica,CRI,"GDP, PPP (constant 2021 international $)",NY.GDP.MKTP.PP.KD,34193376304,34968080231,38185529566,40895629626,42743714733,44519268572,45120483260,47591355722,50996664081,53146077176,55202149077,57129349887,59081389155,61632038993,64359009941,66918353044,71821256960,77721468012,81404047084,80693018597,85018441595,88761938962,93095822657,95418345692,98798168340,1.02406E+11,1.06712E+11,1.11149E+11,1.14056E+11,1.16813E+11,1.11822E+11,1.20696E+11,1.26189E+11,1.3264E+11,1.38371E+11
Cote d'Ivoire,CIV,"GDP per capita, PPP (current international $)",NY.GDP.PCAP.PP.CD,2693.361466,2677.07472,2624.524223,2576.993401,2550.992224,2683.320976,2831.799037,3039.524739,3086.127664,3064.799448,3040.575932,2961.762873,2851.030414,2701.741685,2794.173257,2841.823088,2941.821412,2984.534722,3115.837892,3176.632424,3360.544088,3175.919224,3290.723069,3619.017909,4074.214455,4403.642966,4530.648498,4690.178019,4945.625206,5516.390551,5543.850963,6045.204805,6719.443816,7227.029117,7653.450338
Cote d'Ivoire,CIV,"GDP, PPP (constant 2021 international $)",NY.GDP.MKTP.PP.KD,64063495622,64089713718,63932975523,63809914072,64327544357,68911360958,74237745676,81400827011,84871681712,85862015402,85633803213,83789240396,81501353004,77649707795,80122880671,80920957094,83199350239,84115732650,88138707178,91314628222,97567899071,92328066528,99363845372,1.10056E+11,1.2037E+11,1.29031E+11,1.38286E+11,1.48534E+11,1.55727E+11,1.66194E+11,1.67357E+11,1.79178E+11,1.90645E+11,2.02943E+11,2.15018E+11
Croatia,HRV,"GDP per capita, PPP (current international $)",NY.GDP.PCAP.PP.CD,9519.006924,7911.914132,7321.098982,6856.21786,7331.528071,8046.475223,8802.346488,9533.589138,9888.906375,9942.641667,10672.256,11654.21353,12774.66952,13693.28851,14688.10291,15450.83721,17634.86555,19570.77558,21019.79798,20349.55164,20143.74955,21195.75576,21620.21266,22432.23964,22708.22149,23758.95152,25804.14084,27889.13247,29788.66862,33063.70687,31595.633,36930.47013,41956.25712,45595.62142,48575.21361
Croatia,HRV,"GDP, PPP (constant 2021 international $)",NY.GDP.MKTP.PP.KD,1.11783E+11,88209079075,77876893386,71626819539,75831653822,80956718717,85902349222,91200798183,93254346357,92462902015,95186168406,98147633678,1.03843E+11,1.09626E+11,1.14198E+11,1.19139E+11,1.25193E+11,1.31514E+11,1.34103E+11,1.24965E+11,1.23298E+11,1.23178E+11,1.20402E+11,1.20251E+11,1.19581E+11,1.22359E+11,1.26594E+11,1.30747E+11,1.34545E+11,1.38716E+11,1.27187E+11,1.43253E+11,1.53693E+11,1.58769E+11,1.64825E+11
Cuba,CUB,"GDP per capita, PPP (current international $)",NY.GDP.PCAP.PP.CD,..,..,..,..,..,..,..,..,..,..,..,..,..,..,..,..,..,..,..,..,..,..,..,..,..,..,..,..,..,..,..,..,..,..,..
Cuba,CUB,"GDP, PPP (constant 2021 international $)",NY.GDP.MKTP.PP.KD,..,..,..,..,..,..,..,..,..,..,..,..,..,..,..,..,..,..,..,..,..,..,..,..,..,..,..,..,..,..,..,..,..,..,..
Curacao,CUW,"GDP per capita, PPP (current international $)",NY.GDP.PCAP.PP.CD,..,..,..,..,..,..,..,..,..,..,21891.04536,23057.26136,23479.79733,23522.27489,23791.19741,24081.15121,24590.19237,25374.14299,26098.47115,25950.39504,25956.81076,26251.3628,25105.99247,24821.79628,24347.76049,24037.64863,23649.59149,24321.74674,24623.04131,25396.99662,21797.01901,25163.86693,29554.07214,30715.57289,..
Curacao,CUW,"GDP, PPP (constant 2021 international $)",NY.GDP.MKTP.PP.KD,..,..,..,..,..,..,..,..,..,..,4592351701,4560400244,4578508007,4591702658,4601274570,4632398758,4708181776,4824472135,4930033663,4903839988,4907876172,4932830636,4915617483,4884369055,4853236215,4875471391,4823415569,4761858749,4661663940,4512204853,3680223299,3834193241,4137976371,4311854138,..
Cyprus,CYP,"GDP per capita, PPP (current international $)",NY.GDP.PCAP.PP.CD,13339.29688,13537.38867,14749.72266,14842.25391,15724.93555,17084.63086,17313.52539,17777.35938,18758.63477,19662.71094,21291.25781,22868.67188,23556.35547,24281.11133,25945.51758,27763.20313,30015.19141,32889.08984,34830.15234,33883.72266,33505.88281,33406.11328,31923.98828,30451.75586,30171.03125,31930.76367,35877.73828,38414.50781,40924.61719,45115.93359,43353.55859,48781.27734,55941.58594,57204.58594,61239.66016
Cyprus,CYP,"GDP, PPP (constant 2021 international $)",NY.GDP.MKTP.PP.KD,16044229713,16162876984,17682187262,17805962659,18856514225,20433384439,20688503718,21234872757,22532510975,23658675665,25069987699,26060894652,27031135221,27740242890,29134543025,30548438792,31988426085,33619268388,34845359483,34143196903,34922573758,35068100267,33859169061,31628703914,31066959574,32129114189,34241150686,36210301862,38481290184,40742295266,39430136606,43920515192,47084930252,48386315232,50054705237
Czechia,CZE,"GDP per capita, PPP (current international $)",NY.GDP.PCAP.PP.CD,12806.02836,11729.50982,11923.84877,12201.35069,12819.82481,13948.06199,14775.32431,14907.64045,15062.76204,15493.97967,16328.79792,17711.33552,18344.03294,19606.58939,20990.93282,22114.83631,23919.29271,26268.56532,27937.84157,27698.81061,28156.98547,29237.1871,29465.6074,31013.00829,32743.48977,34102.17699,36445.04857,39346.03056,41638.18311,45614.01711,44839.48221,47796.03374,51709.83739,53217.21917,56805.64677
Czechia,CZE,"GDP, PPP (constant 2021 international $)",NY.GDP.MKTP.PP.KD,2.88488E+11,2.5498E+11,2.53689E+11,2.53846E+11,2.61231E+11,2.77483E+11,2.8905E+11,2.87328E+11,2.86198E+11,2.90143E+11,3.0178E+11,3.10583E+11,3.15284E+11,3.25691E+11,3.41117E+11,3.62863E+11,3.86896E+11,4.08132E+11,4.18794E+11,3.98699E+11,4.09522E+11,4.1678E+11,4.13568E+11,4.13395E+11,4.22677E+11,4.43637E+11,4.55086E+11,4.7863E+11,4.92177E+11,5.09727E+11,4.82687E+11,5.02134E+11,5.16431E+11,5.16145E+11,5.21928E+11
Denmark,DNK,"GDP per capita, PPP (current international $)",NY.GDP.PCAP.PP.CD,18227.41711,19054.94217,19817.86871,20203.67594,21654.90257,22661.55768,23713.94519,24881.2436,25797.12562,26642.22156,28641.69904,29462.12329,30666.59677,30868.04561,33019.97729,34238.32181,37400.30752,39111.51903,41467.38619,40503.20463,43042.39464,44443.71638,44755.16243,46869.19329,47879.59556,48910.33244,51820.95213,55271.5976,57233.62317,60594.9664,62682.28995,69715.18097,77400.3348,73737.44754,79514.28544
Denmark,DNK,"GDP, PPP (constant 2021 international $)",NY.GDP.MKTP.PP.KD,2.35563E+11,2.38998E+11,2.43833E+11,2.4364E+11,2.5654E+11,2.64334E+11,2.71989E+11,2.80607E+11,2.87134E+11,2.95654E+11,3.06665E+11,3.09578E+11,3.10991E+11,3.12363E+11,3.21035E+11,3.28611E+11,3.41152E+11,3.4452E+11,3.43083E+11,3.26016E+11,3.31176E+11,3.35518E+11,3.35499E+11,3.40172E+11,3.44519E+11,3.51769E+11,3.62579E+11,3.73661E+11,3.80612E+11,3.87125E+11,3.80234E+11,4.08303E+11,4.14592E+11,4.24937E+11,4.40558E+11
Djibouti,DJI,"GDP per capita, PPP (current international $)",NY.GDP.PCAP.PP.CD,..,..,..,..,..,..,..,..,..,..,..,..,..,..,..,..,..,..,..,..,..,..,..,3762.281961,3978.346671,4263.962889,4431.565886,4676.713361,5083.11077,5398.000368,5527.001852,5960.108074,6621.330382,7264.044905,7776.226136
Djibouti,DJI,"GDP, PPP (constant 2021 international $)",NY.GDP.MKTP.PP.KD,..,..,..,..,..,..,..,..,..,..,..,..,..,..,..,..,..,..,..,..,..,..,..,4401251431,4717832887,5062658615,5423293675,5719302007,5992360894,6324642148,6400671631,6682759258,7028026489,7546137626,7995421831
Dominica,DMA,"GDP per capita, PPP (current international $)",NY.GDP.PCAP.PP.CD,4667.434997,4913.671379,5125.493325,5352.055364,5464.754199,5749.096976,6041.211051,6289.762453,6617.219167,6759.459066,7111.413202,7290.628324,7167.042719,7714.295099,8232.184609,8557.415949,9199.881764,9949.480165,10862.25827,10803.55637,10924.09532,11122.89941,10920.90851,11286.2697,12083.29263,12092.7316,12945.00296,12696.19566,15069.89724,16020.59447,14243.76231,15808.97435,18802.08199,20285.98217,21300.68487
Dominica,DMA,"GDP, PPP (constant 2021 international $)",NY.GDP.MKTP.PP.KD,787589429.4,798204284.1,814403208.1,832005833.9,832292721.9,857518370.7,884137475.4,903461428.9,937560112.7,940879816.3,962898467.5,962283707.6,932573962.9,986709458.9,1027143200,1036544503,1082160492,1140141976,1221335045,1207463715,1206188502,1206704014,1204804760,1204859025,1232995103,1191401460,1208643965,1117459468,1150581085,1196007149,1008157453,1062394694,1172849827,1215684767,1240639596
Dominican Republic,DOM,"GDP per capita, PPP (current international $)",NY.GDP.PCAP.PP.CD,3640.937674,3722.213108,4150.909718,4473.965663,4598.926094,4870.861654,5160.987849,5618.463077,5963.184992,6304.733204,6639.011319,6847.573661,7157.668255,7097.557078,7374.812318,8215.032446,9130.069061,9951.131916,10345.8081,10381.62481,11245.68119,11694.66419,11776.62281,12413.91002,13464.79256,14804.09741,16282.18991,16846.20723,17994.83827,19766.76286,18998.30697,22053.45899,24625.80886,25839.93567,27541.18357
Dominican Republic,DOM,"GDP, PPP (constant 2021 international $)",NY.GDP.MKTP.PP.KD,52401790044,52896535722,58840764950,63175384798,64814017227,68508408815,72592327419,79052719563,84353880870,89378428431,93536067580,95845819394,1.00146E+11,98794618824,1.01349E+11,1.10908E+11,1.2108E+11,1.30062E+11,1.34312E+11,1.3566E+11,1.47057E+11,1.51751E+11,1.55963E+11,1.6366E+11,1.75298E+11,1.87547E+11,2.0015E+11,2.08023E+11,2.22788E+11,2.33691E+11,2.15162E+11,2.45311E+11,2.5816E+11,2.6382E+11,2.76884E+11
Ecuador,ECU,"GDP per capita, PPP (current international $)",NY.GDP.PCAP.PP.CD,4631.553258,4886.947808,4997.643633,5112.218771,5339.397262,5469.148435,5559.978153,5792.649691,5940.441975,5637.916933,5728.252499,5998.875086,6281.522152,6475.065973,6980.091264,7457.465536,7884.516936,8112.448245,8662.607363,8662.106727,8968.940408,9768.692011,10244.51778,11295.61278,11835.60913,10877.75075,10881.48907,11793.47974,12186.88461,12543.01482,11526.8013,13507.44456,15198.07256,15918.51629,15840.26686
Ecuador,ECU,"GDP, PPP (constant 2021 international $)",NY.GDP.MKTP.PP.KD,95360865487,99453126802,1.01556E+11,1.0356E+11,1.0797E+11,1.10402E+11,1.12314E+11,1.17174E+11,1.21002E+11,1.15267E+11,1.16526E+11,1.21427E+11,1.27411E+11,1.31086E+11,1.40043E+11,1.47603E+11,1.54011E+11,1.56941E+11,1.67244E+11,1.69068E+11,1.7588E+11,1.90797E+11,2.01832E+11,2.16386E+11,2.25531E+11,2.25801E+11,2.24247E+11,2.37636E+11,2.40117E+11,2.40515E+11,2.18279E+11,2.38845E+11,2.52861E+11,2.57889E+11,2.52728E+11
"Egypt, Arab Rep.",EGY,"GDP per capita, PPP (current international $)",NY.GDP.PCAP.PP.CD,3566.034565,3626.741207,3783.802571,3894.940977,4048.02221,4234.713469,4434.464911,4661.079819,4868.720466,5121.002569,5451.51567,5650.051962,5752.697081,5928.079453,6207.124922,6554.128851,7079.028085,7640.572286,8190.709132,8465.020524,8837.7645,8988.107819,10342.43171,10511.39317,10256.43676,10903.33682,10665.66765,11124.73511,12329.24468,13363.7327,15231.86542,15579.01609,17526.8017,18524.8393,19094.14494
"Egypt, Arab Rep.",EGY,"GDP, PPP (constant 2021 international $)",NY.GDP.MKTP.PP.KD,4.6756E+11,4.72822E+11,4.9397E+11,5.08299E+11,5.28495E+11,5.5303E+11,5.80619E+11,6.12509E+11,6.46659E+11,6.85804E+11,7.2949E+11,7.55279E+11,7.73332E+11,7.98028E+11,8.30684E+11,8.6783E+11,9.27223E+11,9.92943E+11,1.064E+12,1.11373E+12,1.17105E+12,1.19172E+12,1.21825E+12,1.24487E+12,1.28117E+12,1.33719E+12,1.39531E+12,1.45365E+12,1.53114E+12,1.61615E+12,1.67353E+12,1.7286E+12,1.84248E+12,1.91176E+12,1.95763E+12
El Salvador,SLV,"GDP per capita, PPP (current international $)",NY.GDP.PCAP.PP.CD,2856.338347,2945.048638,3171.425335,3390.367812,3590.865156,3807.726038,3879.842698,4043.2305,4171.275786,4297.561292,4422.445106,4542.925872,4671.553028,4828.702971,4997.593853,5291.669623,5694.523309,5949.426406,6174.691552,6062.67572,6247.914527,6593.678068,6708.390322,7092.588521,7503.711058,7933.736979,8455.616148,8965.218909,9203.762163,9756.752186,9392.689138,10809.7134,11875.96481,12679.57688,13264.02709
El Salvador,SLV,"GDP, PPP (constant 2021 international $)",NY.GDP.MKTP.PP.KD,32268857747,32750982739,35050744733,37090107666,38830398413,40668661082,40998671772,42285197820,43406718523,44345186422,44845358873,45239824776,45951410325,46670730500,47085822071,48348112959,50444969942,51376992320,52483859775,51377096737,52483859775,54464382834,56037150872,57260415160,58250676690,59648692982,61163210524,62537926515,64046619111,65607737256,60429252055,67623210510,69621216143,72085220074,73960892033
Equatorial Guinea,GNQ,"GDP per capita, PPP (current international $)",NY.GDP.PCAP.PP.CD,577.3954787,569.282521,756.0641096,828.1638639,950.7572558,1098.254989,1793.192968,4386.826262,5280.390001,6469.838741,7420.393101,11626.72312,13254.82362,14496.17441,19354.21208,22137.04978,23511.39866,26610.76912,30522.77871,29722.00056,26167.82685,27241.60004,30011.92744,27909.51759,27177.27167,19478.70101,16649.47577,18434.77086,18413.12942,16451.36415,13677.11059,16821.44865,18139.98933,17411.50023,17566.76003
Equatorial Guinea,GNQ,"GDP, PPP (constant 2021 international $)",NY.GDP.MKTP.PP.KD,532523229.4,527079569.9,710215053.2,788574593.1,920020795.1,1080898058,1800559955,4500913078,5570981862,7000719508,8275815154,13521016489,16152589488,18406723784,25401044478,29655389368,31940312685,36821467655,43375360868,43958046505,40035153118,42647015933,46192207713,44282992076,44466795853,40415852453,36852622273,34763996772,32595924793,30809073116,29332985518,29585328380,30539013901,28984789203,29247753195
Eritrea,ERI,"GDP per capita, PPP (current international $)",NY.GDP.PCAP.PP.CD,..,..,1020.568839,1148.762009,1379.245471,1368.778763,1449.054833,1573.125455,1598.002195,1597.129922,1557.875802,1683.684419,1701.695237,1620.85093,1620.764029,1674.070055,1682.238942,1727.093442,1546.927475,1576.742846,1599.191061,1742.32363,..,..,..,..,..,..,..,..,..,..,..,..,..
Eritrea,ERI,"GDP, PPP (constant 2021 international $)",NY.GDP.MKTP.PP.KD,..,..,..,..,..,..,..,..,..,..,..,..,..,..,..,..,..,..,..,..,..,..,..,..,..,..,..,..,..,..,..,..,..,..,..
Estonia,EST,"GDP per capita, PPP (current international $)",NY.GDP.PCAP.PP.CD,7475.931172,7146.260556,5867.943872,5809.855359,5962.614706,6475.401362,6889.298809,7977.916551,8450.519375,8412.066776,9422.497065,10309.99788,11666.66496,13136.71851,14539.97108,16638.07797,19348.38686,22201.35438,22803.51947,20478.25248,21616.71224,24652.36103,26242.52827,27831.15262,29403.65845,29720.59112,31947.77691,34506.64869,37120.98798,40586.37844,40672.13404,44251.5375,47802.00731,46790.27002,49333.80678
Estonia,EST,"GDP, PPP (constant 2021 international $)",NY.GDP.MKTP.PP.KD,30379251199,27948958618,22032539654,20767762989,20426668136,21351318403,22406716690,25330797857,26430110817,26317776140,28972618279,30676424340,32803221093,35295052770,37695363815,41285113616,45315602274,48746409722,46248004358,39481818399,40449024326,43525971329,45124253146,45916857853,47442578560,48314645565,49809026832,52615602364,54562220522,56595563205,54963456100,58895787306,58931378334,57149859934,57000695251
Eswatini,SWZ,"GDP per capita, PPP (current international $)",NY.GDP.PCAP.PP.CD,3217.769369,3251.854561,3305.064474,3388.287379,3544.099943,3796.065254,3935.37444,4058.591078,4157.316064,4293.695844,4422.627704,4527.95314,4761.776683,5009.877827,5298.947854,5761.456107,6263.585013,6680.005578,6818.48144,6923.381882,7230.860044,7504.148966,7756.338257,8233.604068,8367.597161,8393.353937,8488.394326,8586.2981,8536.993947,9248.276369,9297.588102,9946.040554,10665.49942,11322.22863,11784.28006
Eswatini,SWZ,"GDP, PPP (constant 2021 international $)",NY.GDP.MKTP.PP.KD,4817808165,4902619729,5060788367,5217982240,5343249880,5601096491,5816293629,5996761893,6152919942,6334484929,6445982863,6513972840,6799291291,7063118329,7319079669,7758134899,8223015293,8587736900,8658299237,8793805848,9127421304,9332535419,9836177897,10215973756,10362664667,10574781175,11069241640,11230497575,11259313459,11944237364,11602287926,12000822910,12135183003,12553176750,12884669068
Ethiopia,ETH,"GDP per capita, PPP (current international $)",NY.GDP.PCAP.PP.CD,417.0265785,383.3872276,343.3615486,383.9606802,390.8239465,409.2943332,453.3683956,460.6363916,435.8015057,450.4860201,473.9033135,509.1193018,509.1263141,492.8407554,557.8256348,624.5106924,692.8669076,770.2611552,844.98838,899.1409017,995.6539786,1098.115157,1178.974746,1252.868964,1484.631456,1632.61818,1857.549465,2004.747556,2095.317578,2242.444883,2406.789385,2588.413102,2844.922745,3060.90503,3278.489673
Ethiopia,ETH,"GDP, PPP (constant 2021 international $)",NY.GDP.MKTP.PP.KD,41627443417,38656293093,35303833749,39943758006,41217949739,43743584314,49179238117,50720469630,48966485221,51494206591,54621561747,59155864905,60051913997,58753976116,66728420121,74614895915,82699216238,92173376558,1.02118E+11,1.11106E+11,1.25051E+11,1.39029E+11,1.51053E+11,1.67037E+11,1.84171E+11,2.03311E+11,2.2249E+11,2.4377E+11,2.60385E+11,2.82164E+11,2.99262E+11,3.16145E+11,3.3297E+11,3.54926E+11,3.80895E+11
Faroe Islands,FRO,"GDP per capita, PPP (current international $)",NY.GDP.PCAP.PP.CD,..,..,..,..,..,..,..,..,..,..,..,..,..,..,..,..,..,..,41160.10851,39330.59645,39766.5911,42133.21515,46196.84282,49780.8416,53198.41385,53682.17153,54318.30393,56416.23195,58933.13148,62222.24166,61648.50562,67770.48866,74316.7435,78165.17538,..
Faroe Islands,FRO,"GDP, PPP (constant 2021 international $)",NY.GDP.MKTP.PP.KD,..,..,..,..,..,..,..,..,..,..,..,..,..,..,..,..,..,..,2598661867,2480337042,2470916276,2559038124,2740255985,2900729319,3058301056,3087599640,3130407602,3240347945,3329901750,3481029683,3424034047,3612505898,3740967468,3834082322,..
Fiji,FJI,"GDP per capita, PPP (current international $)",NY.GDP.PCAP.PP.CD,3953.823484,3944.829232,4249.828881,4414.994154,4712.986222,4907.553028,5204.415094,5124.456597,5184.814083,5655.08668,5623.480284,5805.13582,6024.062367,6145.432028,6583.746778,6775.614303,7050.143538,7119.842801,7286.789919,7199.510508,7476.107527,7814.699703,8357.198841,9006.756001,10712.02893,11733.74292,11984.5636,12819.56349,13225.91946,13219.69751,11235.27604,10685.19703,13672.2357,15152.13778,16032.25741
Fiji,FJI,"GDP, PPP (constant 2021 international $)",NY.GDP.MKTP.PP.KD,6284654637,6114968727,6487981936,6626178055,6964113110,7138215836,7480850227,7316271569,7411383132,8063584753,7926503940,8085034030,8343755048,8427192544,8873833724,8935950595,9101487639,9024065442,9117265468,8990896731,9256548277,9506951148,9641124117,10097556093,10663374104,11143353943,11415881579,12027015337,12485527403,12412868288,10297880949,9795237652,11733982269,12616881283,13099981526
Finland,FIN,"GDP per capita, PPP (current international $)",NY.GDP.PCAP.PP.CD,18134.7668,17550.2347,17259.5607,17446.17775,18445.38467,19554.87908,20059.98881,21782.02131,23568.36448,24761.81656,26777.11434,27801.02483,28596.26063,29046.40923,31199.29145,32047.70693,34447.7143,37844.29316,40081.22125,37968.66174,38950.55259,40845.95667,40739.11318,41325.80521,41547.09845,42269.22122,44562.40111,47234.85286,49248.67754,52276.11157,53296.57928,56790.37662,61347.15785,61612.94239,64091.22518
Finland,FIN,"GDP, PPP (constant 2021 international $)",NY.GDP.MKTP.PP.KD,1.93509E+11,1.8213E+11,1.76099E+11,1.74725E+11,1.81652E+11,1.89344E+11,1.96279E+11,2.08836E+11,2.20227E+11,2.29893E+11,2.43121E+11,2.4954E+11,2.5375E+11,2.58855E+11,2.69223E+11,2.767E+11,2.87823E+11,3.03114E+11,3.05492E+11,2.8082E+11,2.89717E+11,2.96643E+11,2.92125E+11,2.89263E+11,2.8788E+11,2.89223E+11,2.96662E+11,3.06462E+11,3.10118E+11,3.14304E+11,3.06474E+11,3.14676E+11,3.17078E+11,3.14075E+11,3.13591E+11
France,FRA,"GDP per capita, PPP (current international $)",NY.GDP.PCAP.PP.CD,17471.68641,18178.0122,18790.19716,19070.99459,19873.51085,20687.72611,21260.55821,22184.97042,23261.18951,24203.87559,26001.8797,27349.74459,28350.09856,28027.67621,28925.12687,30431.23672,32430.44431,34067.46615,35053.26271,34666.95989,35911.54386,37510.37599,37671.02393,39583.35204,40218.12586,40916.10536,42880.23514,44469.14589,46381.05906,51130.47231,49481.80443,52517.33549,56181.00581,58317.82803,61321.69132
France,FRA,"GDP, PPP (constant 2021 international $)",NY.GDP.MKTP.PP.KD,2.25213E+12,2.27998E+12,2.31455E+12,2.30624E+12,2.36121E+12,2.41563E+12,2.44938E+12,2.51128E+12,2.59798E+12,2.6863E+12,2.79754E+12,2.85067E+12,2.88111E+12,2.909E+12,2.99243E+12,3.04895E+12,3.1317E+12,3.21095E+12,3.22315E+12,3.13211E+12,3.19477E+12,3.27264E+12,3.27866E+12,3.30429E+12,3.33726E+12,3.37286E+12,3.40187E+12,3.47275E+12,3.52991E+12,3.60147E+12,3.3335E+12,3.56292E+12,3.65452E+12,3.68874E+12,3.73176E+12
French Polynesia,PYF,"GDP per capita, PPP (current international $)",NY.GDP.PCAP.PP.CD,..,..,..,..,..,..,..,..,..,..,..,..,..,..,..,..,..,..,..,..,..,..,..,..,..,..,..,..,..,..,..,..,..,..,..
French Polynesia,PYF,"GDP, PPP (constant 2021 international $)",NY.GDP.MKTP.PP.KD,..,..,..,..,..,..,..,..,..,..,..,..,..,..,..,..,..,..,..,..,..,..,..,..,..,..,..,..,..,..,..,..,..,..,..
Gabon,GAB,"GDP per capita, PPP (current international $)",NY.GDP.PCAP.PP.CD,11952.02436,12760.1824,12311.96381,12756.91478,13163.53043,13750.10723,14146.65707,14837.42713,15137.80415,13628.86275,13326.11695,13555.62854,13369.12334,13564.18041,13637.6668,14028.35621,13637.25902,14391.24659,13733.70129,13383.56623,14014.69055,14784.34836,14619.71814,14497.99212,14853.67125,14306.43408,13997.73528,14796.62864,15432.04305,15949.63737,14477.13083,18523.5798,19992.55706,20757.07238,21509.52279
Gabon,GAB,"GDP, PPP (constant 2021 international $)",NY.GDP.MKTP.PP.KD,23496300369,24932512547,24162061595,25115630647,26048112440,27343705898,28334928640,29960890947,31002880875,28233510469,27701882954,28293382817,28222922909,28857185126,29056167843,29833769975,28996461844,30738600595,29721635312,29760371852,31870348681,34130515199,35922734805,37948309694,39585765763,41121257792,41981285134,42179706333,42533137086,44200780065,43388475339,44025399637,45362721558,46472239669,48044817323
"Gambia, The",GMB,"GDP per capita, PPP (current international $)",NY.GDP.PCAP.PP.CD,1409.327219,1440.439739,1462.386889,1486.623321,1472.554857,1472.197625,1488.800554,1544.211968,1571.504592,1649.279526,1731.338476,1822.979651,1743.694325,1849.78337,1978.632627,1938.023627,1930.818885,1985.040252,2088.271661,2177.053447,2266.828982,2064.253853,2064.814381,2006.740816,1933.703297,1990.316258,2012.676482,2038.954299,2277.442362,2421.723181,2530.804149,2777.79621,3067.310404,3254.374578,3445.251592
"Gambia, The",GMB,"GDP, PPP (constant 2021 international $)",NY.GDP.MKTP.PP.KD,2798934224,2885898208,2983403728,3073266872,3078010336,3105153716,3174198226,3329733910,3446274554,3666836093,3868512086,4092885796,3959867002,4231909850,4530259494,4423720051,4399142704,4533019593,4816601017,5137662361,5441212707,4998817942,5260834446,5411966056,5335798994,5552329655,5660231389,5933202345,6362463028,6758338860,6798313575,7155630814,7548689490,7910838544,8365452099
Georgia,GEO,"GDP per capita, PPP (current international $)",NY.GDP.PCAP.PP.CD,5835.580913,4726.62231,2643.178362,1898.371196,1764.244699,1918.769886,2253.095233,2615.646211,2795.394477,2976.857973,3161.195825,3440.728179,3718.686933,4239.938414,4634.777576,5271.950953,5980.443905,6951.085843,7278.663122,7119.142791,7711.806839,8563.835549,10059.98206,10797.34233,11770.69894,12269.65289,13065.29416,13718.93787,15021.90576,16770.13338,16791.25987,18915.6534,22461.33264,25071.96773,28417.75187
Georgia,GEO,"GDP, PPP (constant 2021 international $)",NY.GDP.MKTP.PP.KD,62027887438,48940095711,26966102947,19064989883,17082568369,17526130080,19489502932,21539955384,22208019189,22844788762,23265219955,24383648565,25718415556,28562108737,30216621133,33114739064,36234637851,40791350035,41779159245,40253905630,42768329074,46161712229,49198613273,51723921667,53839683819,55643864277,57563697329,60533928054,64203516815,67658127813,63402112373,70150781358,77838277278,83934727816,91848574231
Germany,DEU,"GDP per capita, PPP (current international $)",NY.GDP.PCAP.PP.CD,19521.0196,21058.07668,21806.20987,21940.16186,22886.76783,23614.95844,24160.0668,24643.68321,25444.15114,26517.93429,27467.78242,28677.19086,29513.68233,30305.25757,31757.41773,32313.73679,34748.75433,36915.32528,38443.53863,37554.4427,39730.48979,43398.3444,44229.39419,45889.0173,47938.79682,48558.4433,51569.90168,54110.25366,56273.04056,59270.72765,58685.8727,62530.76532,67589.83991,68692.89447,72300.12051
Germany,DEU,"GDP, PPP (constant 2021 international $)",NY.GDP.MKTP.PP.KD,3.36586E+12,3.53779E+12,3.60905E+12,3.57393E+12,3.66676E+12,3.72196E+12,3.7606E+12,3.83035E+12,3.91064E+12,3.99394E+12,4.10886E+12,4.1761E+12,4.16657E+12,4.14449E+12,4.19266E+12,4.2298E+12,4.39289E+12,4.51985E+12,4.561E+12,4.30808E+12,4.48673E+12,4.65534E+12,4.67742E+12,4.69548E+12,4.79735E+12,4.87664E+12,4.98854E+12,5.12403E+12,5.18124E+12,5.23242E+12,5.01815E+12,5.20231E+12,5.27357E+12,5.25952E+12,5.24698E+12
Ghana,GHA,"GDP per capita, PPP (current international $)",NY.GDP.PCAP.PP.CD,1580.650488,1677.605753,1738.64019,1820.653296,1875.261727,1946.822173,2025.832671,2096.765003,2166.646631,2238.665233,2315.17803,2397.30067,2475.096354,2584.477237,2729.344502,2903.83429,3103.226258,3241.220811,3515.589235,3617.239444,3855.468917,4381.125355,4933.652543,5214.569358,5517.131788,5191.370534,5011.079316,5170.960949,5536.497954,6002.550447,6047.301117,6607.502974,7208.15799,7556.416055,8027.168423
Ghana,GHA,"GDP, PPP (constant 2021 international $)",NY.GDP.MKTP.PP.KD,42884426695,45149507665,46901046280,49175747285,50798546817,52887595893,55321726951,57643224356,60352681161,63008197216,65339500565,67953080671,71010969001,74703539484,78886937688,83541270024,88887838296,92751631832,1.01238E+11,1.06143E+11,1.14528E+11,1.30616E+11,1.42753E+11,1.53192E+11,1.57568E+11,1.60909E+11,1.66338E+11,1.79859E+11,1.9101E+11,2.03441E+11,2.04486E+11,2.14867E+11,2.23043E+11,2.30046E+11,2.43124E+11
Gibraltar,GIB,"GDP per capita, PPP (current international $)",NY.GDP.PCAP.PP.CD,..,..,..,..,..,..,..,..,..,..,..,..,..,..,..,..,..,..,..,..,..,..,..,..,..,..,..,..,..,..,..,..,..,..,..
Gibraltar,GIB,"GDP, PPP (constant 2021 international $)",NY.GDP.MKTP.PP.KD,..,..,..,..,..,..,..,..,..,..,..,..,..,..,..,..,..,..,..,..,..,..,..,..,..,..,..,..,..,..,..,..,..,..,..
Greece,GRC,"GDP per capita, PPP (current international $)",NY.GDP.PCAP.PP.CD,13117.55556,13814.74093,14120.18286,14140.18484,14657.41088,15207.76011,15772.52708,16626.58093,17432.42598,17758.00557,18815.83579,20306.08784,21985.23454,23255.5642,24828.89794,25003.82975,28082.12488,28896.92107,30440.97091,29947.78681,27841.85914,25692.57409,24582.9742,25730.8809,26450.18133,26614.84838,27504.5498,28681.68156,29792.05925,31927.37922,29533.08774,33531.15511,38969.02217,41181.99122,44074.29567
Greece,GRC,"GDP, PPP (constant 2021 international $)",NY.GDP.MKTP.PP.KD,2.7446E+11,2.82968E+11,2.84949E+11,2.8039E+11,2.85998E+11,2.92003E+11,2.9604E+11,3.06706E+11,3.17247E+11,3.25682E+11,3.39158E+11,3.5493E+11,3.71552E+11,3.9309E+11,4.1423E+11,4.19133E+11,4.46139E+11,4.61785E+11,4.6205E+11,4.43017E+11,4.17793E+11,3.76528E+11,3.45159E+11,3.37317E+11,3.39989E+11,3.39213E+11,3.39105E+11,3.441E+11,3.51205E+11,3.59202E+11,3.26169E+11,3.54398E+11,3.74753E+11,3.83493E+11,3.92205E+11
Greenland,GRL,"GDP per capita, PPP (current international $)",NY.GDP.PCAP.PP.CD,20472.45567,21178.87244,20628.57398,20092.09551,21619.35108,22772.5642,23502.07272,24215.21635,26340.05217,27080.86113,29616.15974,30561.79983,30618.00279,32516.04137,35604.33906,38527.08503,42039.79379,44366.43152,48203.12306,48924.76408,50190.88179,50653.05859,52389.32535,52893.65036,56555.06907,55815.65029,58908.59077,60010.09829,61806.82713,64264.05646,64999.44357,69302.00888,75720.42982,78840.59784,..
Greenland,GRL,"GDP, PPP (constant 2021 international $)",NY.GDP.MKTP.PP.KD,2120448808,2118042849,2009774852,1908724727,2021804638,2097191213,2129270633,2160548051,2328162974,2360242370,2527857268,2559936664,2535075140,2647380127,2830223629,2971380800,3136461651,3210244966,3408192931,3437706257,3497378824,3480013660,3528531779,3482721532,3647876912,3555610504,3722082556,3724045143,3747248380,3853377109,3863040984,3926166709,4004868912,4039549554,..
Grenada,GRD,"GDP per capita, PPP (current international $)",NY.GDP.PCAP.PP.CD,4552.955222,4732.562968,4760.998639,4741.975827,4889.147171,5062.075537,5346.725041,5673.255241,6368.012294,6857.187053,7305.724562,7282.70842,7620.673877,8469.087527,8605.823985,10016.34797,9876.616696,10727.67921,11000.75236,10303.34326,10344.38392,10591.74756,10575.10563,11199.40402,12228.64811,13214.40966,13977.50559,15041.45257,15974.85919,16446.11389,14361.12672,15298.12311,17554.73203,19010.18414,20167.19938
Grenada,GRD,"GDP, PPP (constant 2021 international $)",NY.GDP.MKTP.PP.KD,888554041.3,900865364.3,893197660,875701565.1,890532061.9,909495720.8,949861275.6,997501516.7,1114742887,1191641892,1249888777,1224592278,1266685476,1386564253,1377586939,1560477975,1498131758,1589869121,1604933809,1498795020,1491133987,1502537785,1485185905,1520104082,1631712008,1736879488,1801831902,1881809376,1963883370,1977169272,1705177564,1785107390,1915790471,2005444902,2079507172
Guam,GUM,"GDP per capita, PPP (current international $)",NY.GDP.PCAP.PP.CD,..,..,..,..,..,..,..,..,..,..,..,..,..,..,..,..,..,..,..,..,..,..,..,..,..,..,..,..,..,..,..,..,..,..,..
Guam,GUM,"GDP, PPP (constant 2021 international $)",NY.GDP.MKTP.PP.KD,..,..,..,..,..,..,..,..,..,..,..,..,..,..,..,..,..,..,..,..,..,..,..,..,..,..,..,..,..,..,..,..,..,..,..
Guatemala,GTM,"GDP per capita, PPP (current international $)",NY.GDP.PCAP.PP.CD,3329.596771,3472.763088,3626.115303,3756.269128,3886.333685,4055.438653,4143.148294,4287.432478,4437.124608,4556.920652,4714.966662,4821.545985,4969.257449,5081.380056,5263.446549,5486.27777,5833.386918,6238.339769,6434.507037,6376.741063,6510.099809,6784.44713,7258.316675,7699.94919,8236.658437,8934.002355,9201.427686,9560.174281,9946.803859,10755.87809,10947.37056,11825.14092,13014.01498,13745.36259,14368.66012
Guatemala,GTM,"GDP, PPP (constant 2021 international $)",NY.GDP.MKTP.PP.KD,68540699951,71048089250,74485636552,77410785780,80533336769,84518567194,87018440375,90816003383,95350925762,99019135174,1.02593E+11,1.04986E+11,1.09016E+11,1.11808E+11,1.15316E+11,1.19094E+11,1.25467E+11,1.33419E+11,1.37813E+11,1.3847E+11,1.42464E+11,1.48396E+11,1.5281E+11,1.58456E+11,1.65498E+11,1.72271E+11,1.76884E+11,1.82331E+11,1.88543E+11,1.96119E+11,1.92617E+11,2.08107E+11,2.16815E+11,2.24475E+11,2.32673E+11
Guinea,GIN,"GDP per capita, PPP (current international $)",NY.GDP.PCAP.PP.CD,870.7442226,887.47096,907.9394064,947.0582356,975.9800229,1013.632324,1048.158239,1098.668685,1130.043039,1163.360093,1195.806115,1250.970597,1315.366694,1327.967765,1366.031602,1422.350882,1452.960832,1557.585849,1613.698845,1566.700892,1621.691611,1705.271104,1789.97473,1842.002277,1873.214131,1929.680913,2255.32618,2687.095048,2844.464277,3105.82789,3331.85663,3738.805126,4062.361364,4333.746173,4579.101873
Guinea,GIN,"GDP, PPP (constant 2021 international $)",NY.GDP.MKTP.PP.KD,13549165645,13903262657,14358031052,15082270891,15681051993,16403583624,17135441824,18023332470,18680124557,19392211658,19877610461,20604802321,21668959893,21939518799,22452929276,23125904765,23401011018,24996368184,26029472120,25737254321,26976081069,28490008891,30175274473,31365896381,32525353401,33769744335,37423842475,41278500249,43903190355,46369195006,48550675963,51260936278,53297229730,56250816533,59439407532
Guinea-Bissau,GNB,"GDP per capita, PPP (current international $)",NY.GDP.PCAP.PP.CD,824.1022506,876.5441839,880.0865645,889.9892434,909.4865845,945.2467062,1052.05188,1118.23356,860.7900087,1000.605687,1013.973492,1063.572283,1095.223058,1088.742657,1105.343228,1186.626314,1225.918246,1259.605607,1308.535567,1314.970787,1369.689171,1471.762799,1401.84994,1415.825119,1455.908137,1729.942603,1824.373098,2081.812872,2057.969691,2236.811104,2310.374307,2483.850629,2747.254196,2907.140891,3052.691137
Guinea-Bissau,GNB,"GDP, PPP (constant 2021 international $)",NY.GDP.MKTP.PP.KD,1893034391,1989579145,2011464515,2053705270,2119423839,2212678488,2469349193,2629856890,2039566390,2382519913,2408734259,2524015598,2616241513,2608760866,2639332714,2812466899,2887461467,2961375470,3095365129,3171138152,3348891961,3619651271,3557651366,3673491052,3708922819,3936431459,4150285116,4343841109,4507232677,4758093769,4859351472,5113853514,5399469253,5640485327,5911989296
Guyana,GUY,"GDP per capita, PPP (current international $)",NY.GDP.PCAP.PP.CD,3021.609515,3322.036153,3651.324514,4027.047723,4447.100797,4752.652406,5209.994772,5614.7129,5572.674409,5811.999708,5859.917919,6131.29683,6303.903722,6392.333158,6672.822994,6761.117984,7345.940282,8110.029999,8436.514384,8824.489602,9336.598302,10066.07298,10626.82567,11199.88747,11145.02912,11408.4739,11516.37983,12243.2226,12442.50872,13240.97138,16819.42287,22865.9271,39710.96956,54729.03652,79905.74425
Guyana,GUY,"GDP, PPP (constant 2021 international $)",NY.GDP.MKTP.PP.KD,3805285435,4035804534,4348897640,4704424610,5105826025,5362722933,5789355297,6147175989,6043958480,6222868826,6138001098,6277918163,6349023557,6308883418,6407513480,6282505609,6604773604,7079738477,7204003710,7464176914,7773077517,8176986179,8608431004,8922930074,9073414795,9135785864,9483626916,9837792161,10274679941,10824667122,15531194686,18646751961,30456604136,40749416890,58423257845
Haiti,HTI,"GDP per capita, PPP (current international $)",NY.GDP.PCAP.PP.CD,2202.227747,2272.762272,2157.597133,2048.243453,1806.823036,1989.016474,2069.614541,2121.849401,2152.003663,2200.589535,2228.501336,2229.843967,2247.978966,2330.918739,2322.197868,2427.448086,2503.659327,2647.495386,2724.459228,2855.159714,2694.911041,2858.19646,2830.190806,3042.497069,3075.738438,3025.834617,3253.471786,3339.388847,3196.973864,3236.974925,3103.180663,3134.950149,3264.933544,3281.212321,3183.45909
Haiti,HTI,"GDP, PPP (constant 2021 international $)",NY.GDP.MKTP.PP.KD,27050130484,27558820285,26095465414,24679448220,21730098851,23880880473,24869733602,25542388751,26099682890,26807049026,27040286239,26947606230,27231046578,28178899328,27807541798,28661837694,29168794121,30541632150,31353438600,33200274947,31323957579,32920919826,33086322561,34517234584,35514358967,36011559996,36664258025,37584630388,38211470971,37553050262,36311732132,35658760080,35058985452,34405526560,32970942041
Honduras,HND,"GDP per capita, PPP (current international $)",NY.GDP.PCAP.PP.CD,2039.694564,1981.661312,2089.709508,2214.425777,2203.130496,2321.792626,2341.49648,2422.662028,2471.503282,2423.497279,2587.422539,2645.254776,2714.56632,2820.714044,3001.296713,3203.95919,3437.622963,3664.088285,3806.347064,3655.797014,3757.546421,3900.711362,4016.346091,4137.326824,4460.057428,4845.595665,5186.158974,5620.654552,5633.383238,5784.930811,5384.69832,6202.980788,6805.493583,7178.339068,7486.018696
Honduras,HND,"GDP, PPP (constant 2021 international $)",NY.GDP.MKTP.PP.KD,22048820695,21316952332,22611677482,24080468333,24131495688,25625067450,26104455137,27304759668,28285064169,28076984787,30124158655,30944497717,32106258710,33566142511,35658086204,37815614091,40299057569,42792895096,44603719292,43519122819,45142882368,46874423691,48809722279,50172274844,51706583429,53692157583,55782378350,58483870910,60732572688,62287104478,56703014341,63827909343,66472658302,68849619261,71296514098
"Hong Kong SAR, China",HKG,"GDP per capita, PPP (current international $)",NY.GDP.PCAP.PP.CD,18251.78141,19780.2283,21312.67844,22776.18918,24117.33639,24713.24705,25098.25593,26610.61598,25116.12877,25861.84395,28224.5319,28808.83701,29609.80259,31178.70996,34532.26202,38079.58208,41745.49148,45257.66428,46830.25411,45861.49844,49197.65899,52277.46644,52149.68127,53517.41955,54514.92681,56043.0427,56761.48241,59260.91318,60900.27529,61221.41954,58187.47641,65884.93763,68602.1491,71505.85157,75215.74628
"Hong Kong SAR, China",HKG,"GDP, PPP (constant 2021 international $)",NY.GDP.MKTP.PP.KD,1.80256E+11,1.90534E+11,2.02414E+11,2.14965E+11,2.27941E+11,2.33351E+11,2.43289E+11,2.55696E+11,2.40654E+11,2.46686E+11,2.65591E+11,2.67081E+11,2.71505E+11,2.79803E+11,3.04146E+11,3.26617E+11,3.49587E+11,3.72187E+11,3.80107E+11,3.7076E+11,3.95852E+11,4.14911E+11,4.21965E+11,4.35053E+11,4.47071E+11,4.57746E+11,4.67704E+11,4.85458E+11,4.99279E+11,4.90929E+11,4.58799E+11,4.88412E+11,4.7042E+11,4.85541E+11,4.9788E+11
Hungary,HUN,"GDP per capita, PPP (current international $)",NY.GDP.PCAP.PP.CD,9163.031308,8346.858781,8278.724787,8435.747691,8881.959969,9216.100616,9384.08091,9844.129364,10414.60087,10892.48561,11869.13159,13224.13655,14532.30752,15461.93247,16252.83064,17091.27613,18365.91718,19089.99027,20708.76151,20680.67243,21693.40207,22992.21847,23205.31067,24591.63805,25796.2101,26944.95977,28178.94504,29728.01216,32258.25779,35627.23155,35583.58557,38887.19095,44012.26773,45367.59835,47635.89553
Hungary,HUN,"GDP, PPP (constant 2021 international $)",NY.GDP.MKTP.PP.KD,2.20935E+11,1.94661E+11,1.88696E+11,1.87609E+11,1.93138E+11,1.96015E+11,1.96214E+11,2.02057E+11,2.09832E+11,2.16308E+11,2.25845E+11,2.35019E+11,2.46136E+11,2.55831E+11,2.68528E+11,2.80075E+11,2.91093E+11,2.92061E+11,2.94962E+11,2.75081E+11,2.78019E+11,2.83348E+11,2.79552E+11,2.85233E+11,2.97596E+11,3.08488E+11,3.16011E+11,3.29044E+11,3.4749E+11,3.65133E+11,3.49291E+11,3.7452E+11,3.90513E+11,3.87223E+11,3.89207E+11
Iceland,ISL,"GDP per capita, PPP (current international $)",NY.GDP.PCAP.PP.CD,21970.44235,22401.48278,21862.50158,22445.28569,23546.90387,23938.4742,24767.07428,26868.1115,28721.09322,29557.54183,29782.87381,31885.45107,32607.10588,32701.04895,35617.2136,37322.73993,39700.08171,41472.84494,43728.11406,41862.95993,39768.41696,40936.86783,42004.44761,44409.66895,45996.96875,49214.26486,53480.39719,55638.49206,57197.76762,60523.81794,55796.74547,61610.21327,73426.22778,76666.64208,78258.75925
Iceland,ISL,"GDP, PPP (constant 2021 international $)",NY.GDP.MKTP.PP.KD,10222792389,10199941837,9855806596,9985257637,10345611400,10357672697,10830720405,11455827611,12299365197,12795635966,13433503890,13972657239,14050836924,14351902574,15471695342,16419249894,17456452764,18932371424,19350681492,17867682121,17361530903,17681986420,17870058499,18683585815,18998818084,19841731757,21092492447,21977311704,23051820494,23480855893,21851178110,22951036649,25011803540,26424085477,26560661830
India,IND,"GDP per capita, PPP (current international $)",NY.GDP.PCAP.PP.CD,1211.982526,1239.058006,1308.600466,1374.101529,1466.604255,1578.671244,1694.739808,1758.853362,1852.406491,2006.272867,2090.858069,2199.539104,2277.069748,2461.482516,2681.861168,2936.80322,3220.626929,3508.061832,3633.367832,3886.581977,4206.45986,4454.701532,4819.642882,5014.350566,5191.591499,5425.035991,5800.481494,6144.717144,6714.966399,7150.924235,6966.275428,8050.018575,9207.12743,10323.49987,11158.88092
India,IND,"GDP, PPP (constant 2021 international $)",NY.GDP.MKTP.PP.KD,1.90566E+12,1.9258E+12,2.03138E+12,2.12789E+12,2.26958E+12,2.44149E+12,2.62581E+12,2.73215E+12,2.90112E+12,3.15775E+12,3.27903E+12,3.43721E+12,3.56796E+12,3.84842E+12,4.15333E+12,4.48241E+12,4.84373E+12,5.2148E+12,5.37576E+12,5.7984E+12,6.29112E+12,6.62086E+12,6.98212E+12,7.42801E+12,7.97844E+12,8.61642E+12,9.32781E+12,9.96168E+12,1.06046E+13,1.10151E+13,1.03787E+13,1.13844E+13,1.22506E+13,1.33766E+13,1.42439E+13
Indonesia,IDN,"GDP per capita, PPP (current international $)",NY.GDP.PCAP.PP.CD,3043.941975,3305.363933,3538.484313,3792.594657,4095.998466,4451.000213,4807.092673,5037.221524,4355.779974,4385.939714,4639.039426,4848.555801,5076.164382,5352.507504,5700.049495,6134.16673,6583.351124,7096.387689,7569.253047,7868.148183,8353.456847,8936.992155,9530.290711,9866.016993,10064.67713,10027.5373,10262.59517,10687.64092,11372.0972,11986.47015,11729.36745,12757.07464,14284.92929,15415.70793,16448.27552
Indonesia,IDN,"GDP, PPP (constant 2021 international $)",NY.GDP.MKTP.PP.KD,8.94211E+11,9.56018E+11,1.01814E+12,1.08428E+12,1.16603E+12,1.26188E+12,1.36054E+12,1.42448E+12,1.23749E+12,1.24728E+12,1.30865E+12,1.35633E+12,1.41736E+12,1.48511E+12,1.55983E+12,1.64862E+12,1.73931E+12,1.84967E+12,1.9609E+12,2.05167E+12,2.17936E+12,2.31383E+12,2.45335E+12,2.58969E+12,2.71935E+12,2.85195E+12,2.99549E+12,3.14736E+12,3.31021E+12,3.47636E+12,3.40456E+12,3.53062E+12,3.718E+12,3.90572E+12,4.10219E+12
"Iran, Islamic Rep.",IRN,"GDP per capita, PPP (current international $)",NY.GDP.PCAP.PP.CD,7256.412514,8229.252206,8524.126068,8567.209415,8585.16788,8876.793765,9510.043822,9687.843954,9864.062156,10059.68565,10729.35801,11061.30147,12040.86122,13192.33366,13835.4204,14402.10534,15256.2709,16672.72525,16830.93662,16894.2354,17865.94138,18487.07624,16325.20107,15552.01306,15408.09651,13689.76464,14573.32197,15070.25858,14839.56919,13348.41095,14110.31914,14951.89487,16424.37739,17659.87388,18441.55775
"Iran, Islamic Rep.",IRN,"GDP, PPP (constant 2021 international $)",NY.GDP.MKTP.PP.KD,5.2814E+11,5.953E+11,6.14932E+11,6.05887E+11,5.95597E+11,6.09898E+11,6.48629E+11,6.57388E+11,6.71062E+11,6.84501E+11,7.24514E+11,7.41846E+11,8.01778E+11,8.71046E+11,9.08821E+11,9.3781E+11,9.84699E+11,1.06501E+12,1.06768E+12,1.07844E+12,1.14096E+12,1.17115E+12,1.12726E+12,1.11011E+12,1.16544E+12,1.14884E+12,1.25011E+12,1.28459E+12,1.26098E+12,1.22226E+12,1.26297E+12,1.32258E+12,1.37253E+12,1.44177E+12,1.4856E+12
Iraq,IRQ,"GDP per capita, PPP (current international $)",NY.GDP.PCAP.PP.CD,..,2694.039409,3546.965435,4509.043633,4559.931131,4597.621308,5034.476283,6019.889126,7964.056849,9194.474203,10627.94007,10719.61942,9682.376195,6068.451618,9289.742246,9457.044543,10223.10653,10783.12364,11657.31687,11687.01421,12186.19296,12912.02998,14402.03409,14668.54328,13168.24559,9334.466049,9079.135318,10191.6617,12034.40112,12248.59174,10573.93048,12731.75358,14391.12923,14652.52124,14464.31869
Iraq,IRQ,"GDP, PPP (constant 2021 international $)",NY.GDP.MKTP.PP.KD,1.88736E+11,67856016583,89971792817,1.17224E+11,1.21743E+11,1.24324E+11,1.38025E+11,1.67339E+11,2.25909E+11,2.65624E+11,3.10238E+11,3.15719E+11,2.89818E+11,1.8358E+11,2.81586E+11,2.86303E+11,3.02445E+11,3.08157E+11,3.33513E+11,3.44783E+11,3.66858E+11,3.94543E+11,4.49528E+11,4.8382E+11,4.94772E+11,5.07669E+11,5.77663E+11,5.67151E+11,5.82089E+11,6.14185E+11,5.40256E+11,5.48372E+11,5.92017E+11,5.95082E+11,5.85887E+11
Ireland,IRL,"GDP per capita, PPP (current international $)",NY.GDP.PCAP.PP.CD,13733.74699,14389.20044,15105.74254,15801.00349,17000.17161,18931.54092,20473.93999,22632.09336,25092.33923,27041.34742,30209.46562,32576.92457,35222.02872,36285.1087,38734.44394,40466.23435,44232.10175,46784.08613,44169.09434,41469.8379,43216.98473,45525.71812,46726.21577,48838.77198,52640.78439,71607.45683,73012.81987,80450.35293,86299.34202,92022.5988,97799.92257,116903.6124,136104.4453,124900.9386,131175.1069
Ireland,IRL,"GDP, PPP (constant 2021 international $)",NY.GDP.MKTP.PP.KD,1.03992E+11,1.05999E+11,1.09543E+11,1.12492E+11,1.18967E+11,1.30429E+11,1.40054E+11,1.55491E+11,1.69121E+11,1.86929E+11,2.04507E+11,2.15358E+11,2.28063E+11,2.34936E+11,2.50884E+11,2.65284E+11,2.78516E+11,2.93306E+11,2.80154E+11,2.65878E+11,2.70352E+11,2.7481E+11,2.73714E+11,2.79714E+11,3.05828E+11,3.81109E+11,3.85769E+11,4.24537E+11,4.56566E+11,4.79579E+11,5.13907E+11,5.97446E+11,6.48943E+11,6.13056E+11,6.20544E+11
Isle of Man,IMN,"GDP per capita, PPP (current international $)",NY.GDP.PCAP.PP.CD,..,..,..,..,..,..,..,..,..,..,..,..,..,..,..,..,..,..,..,..,..,..,..,..,..,..,..,..,..,..,..,..,..,..,..
Isle of Man,IMN,"GDP, PPP (constant 2021 international $)",NY.GDP.MKTP.PP.KD,..,..,..,..,..,..,..,..,..,..,..,..,..,..,..,..,..,..,..,..,..,..,..,..,..,..,..,..,..,..,..,..,..,..,..
Israel,ISR,"GDP per capita, PPP (current international $)",NY.GDP.PCAP.PP.CD,15696.9176,16460.68418,17525.9495,18189.98617,19448.25461,20609.81969,21653.17692,22281.01865,22912.50921,23415.28234,25783.17346,25813.2365,26101.32878,24678.39616,26071.0504,25700.98626,26365.57849,28265.87633,28083.83661,28097.19294,29455.82181,31313.9335,32483.74219,34827.36474,34816.24225,35868.97364,38189.16103,39470.86813,40189.991,41325.17837,40955.28562,46162.08227,53564.22789,53401.17823,55690.7391
Israel,ISR,"GDP, PPP (constant 2021 international $)",NY.GDP.MKTP.PP.KD,1.18062E+11,1.27184E+11,1.37053E+11,1.42695E+11,1.53294E+11,1.63416E+11,1.72958E+11,1.79206E+11,1.86575E+11,1.92727E+11,2.09267E+11,2.09848E+11,2.09567E+11,2.12604E+11,2.22485E+11,2.32248E+11,2.45257E+11,2.60766E+11,2.69168E+11,2.725E+11,2.87581E+11,3.03452E+11,3.10878E+11,3.23579E+11,3.35797E+11,3.43311E+11,3.58622E+11,3.74211E+11,3.89194E+11,4.03635E+11,3.95475E+11,4.32603E+11,4.59698E+11,4.68095E+11,4.72177E+11
Italy,ITA,"GDP per capita, PPP (current international $)",NY.GDP.PCAP.PP.CD,18667.87852,19582.53215,20182.174,20471.84355,21354.40574,22431.2226,23092.18857,23931.1687,25073.65277,25654.68142,27146.32118,28137.05586,28833.02179,29252.90025,29584.80265,30137.81804,32460.55099,34108.77231,35422.34244,34483.7311,34977.99423,36392.28278,36281.10142,36459.29502,36665.68577,37394.4535,40482.563,42142.34354,43386.70059,46661.91052,44435.64344,49825.39341,56247.41559,57893.40836,60846.98303
Italy,ITA,"GDP, PPP (constant 2021 international $)",NY.GDP.MKTP.PP.KD,2.41946E+12,2.45668E+12,2.47718E+12,2.45605E+12,2.50888E+12,2.58131E+12,2.61604E+12,2.66642E+12,2.71453E+12,2.76008E+12,2.86723E+12,2.92476E+12,2.93265E+12,2.93461E+12,2.97786E+12,3.00057E+12,3.05456E+12,3.09923E+12,3.06752E+12,2.90478E+12,2.9492E+12,2.96971E+12,2.8769E+12,2.8246E+12,2.82456E+12,2.84957E+12,2.8848E+12,2.93106E+12,2.95529E+12,2.96798E+12,2.70477E+12,2.94633E+12,3.08838E+12,3.11047E+12,3.13305E+12
Jamaica,JAM,"GDP per capita, PPP (current international $)",NY.GDP.PCAP.PP.CD,4841.198313,5201.190666,5370.438426,5953.550348,6101.767623,6312.516859,6358.93778,6336.128811,6204.454539,6308.929336,6463.530224,6655.64867,6851.861074,7199.545847,7447.276017,7706.631562,8132.53141,8432.410414,8488.093753,8135.431346,8080.148508,8353.307477,8373.495116,8630.242045,8732.813023,8985.576678,9399.257923,9820.20737,10035.27977,10083.52683,8991.162056,9577.164211,10790.1333,11466.97133,11662.34468
Jamaica,JAM,"GDP, PPP (constant 2021 international $)",NY.GDP.MKTP.PP.KD,20805277769,21811886781,22238427498,24332643025,24669258327,25248975300,25220259336,24932632398,24350566745,24605681270,24821892265,25155729232,25658162334,26598872054,26950967999,27191855195,27980181162,28380844496,28150466764,26927244009,26534874424,26994027594,26828382512,26967269296,27153295548,27403509671,27780369056,28057373523,28587636470,28842721564,25981430581,27176946494,28595996150,29340825497,29129921615
Japan,JPN,"GDP per capita, PPP (current international $)",NY.GDP.PCAP.PP.CD,19912.51661,21227.67505,21825.79882,22168.56029,22823.44171,23859.06605,25000.53392,25620.0681,25509.8996,25735.97109,27287.27019,27942.34665,28623.58845,29392.24899,30830.65845,32169.86749,33634.63171,35015.98657,35273.79115,33547.28342,35335.37351,36214.43977,37605.97426,39402.0251,39555.41201,40906.59457,40596.96866,41444.21574,42141.9353,42678.15114,42425.69468,44355.34872,47395.83916,49896.64369,51685.03875
Japan,JPN,"GDP, PPP (constant 2021 international $)",NY.GDP.MKTP.PP.KD,4.35537E+12,4.50882E+12,4.54943E+12,4.52854E+12,4.5776E+12,4.69803E+12,4.84527E+12,4.89281E+12,4.83065E+12,4.81452E+12,4.94763E+12,4.96673E+12,4.96881E+12,5.04509E+12,5.15538E+12,5.24838E+12,5.32041E+12,5.39936E+12,5.33326E+12,5.02962E+12,5.23573E+12,5.23698E+12,5.30897E+12,5.41542E+12,5.43146E+12,5.51623E+12,5.55781E+12,5.65092E+12,5.68728E+12,5.66441E+12,5.42827E+12,5.57465E+12,5.62716E+12,5.71017E+12,5.71495E+12
Jordan,JOR,"GDP per capita, PPP (current international $)",NY.GDP.PCAP.PP.CD,4317.161512,4195.287485,4653.972423,4725.806772,4829.648316,5026.535802,5054.748386,5171.220299,5263.770026,5401.879231,5640.657282,5948.012179,6256.496439,6499.978878,7073.845816,7696.945017,8045.640562,8415.71166,8983.213324,9290.808554,9416.643868,9631.928993,9738.537469,9816.598557,9144.677932,8967.079958,8747.878609,9265.515367,9042.397819,9429.072796,9579.200813,9182.496161,9927.2341,10411.84162,10821.49098
Jordan,JOR,"GDP, PPP (constant 2021 international $)",NY.GDP.MKTP.PP.KD,27489630061,27931809302,31939961386,33373104190,35032240288,37204545523,37981012120,39237604556,40419508965,41789540668,43563804178,45859598177,48512029251,50530938633,54860032404,59329256957,64130759056,69374198907,74383284112,78120084648,79928435101,82116220150,84111117114,86306373008,89227048075,91454627021,93278397679,95585730403,97420088352,99126148666,98033033195,1.01617E+11,1.04307E+11,1.07315E+11,1.09986E+11
Kazakhstan,KAZ,"GDP per capita, PPP (current international $)",NY.GDP.PCAP.PP.CD,7874.187364,7192.80208,6945.094411,6477.348525,5860.350669,5595.433989,5836.071984,6177.92475,6283.545905,6625.782152,7418.196121,8568.087195,9504.450825,10532.4467,11777.11196,13226.1467,14965.77232,16581.22405,17278.47217,17389.01458,18641.80615,20159.93294,21367.21806,23754.1342,23958.11289,22484.36514,23023.08723,23973.06023,25096.12859,28689.27108,29039.82296,32945.85157,35895.08399,38515.1836,40813.04428
Kazakhstan,KAZ,"GDP, PPP (constant 2021 international $)",NY.GDP.MKTP.PP.KD,2.88835E+11,2.57063E+11,2.43439E+11,2.21042E+11,1.93191E+11,1.77349E+11,1.78236E+11,1.81266E+11,1.77822E+11,1.82623E+11,2.0052E+11,2.2759E+11,2.49894E+11,2.73134E+11,2.99355E+11,3.28393E+11,3.63531E+11,3.95885E+11,4.08949E+11,4.13857E+11,4.44068E+11,4.76929E+11,4.99822E+11,5.29811E+11,5.52063E+11,5.58688E+11,5.64834E+11,5.87992E+11,6.12099E+11,6.39644E+11,6.23653E+11,6.5047E+11,6.71285E+11,7.0552E+11,7.39385E+11
Kenya,KEN,"GDP per capita, PPP (current international $)",NY.GDP.PCAP.PP.CD,1729.273446,1755.654016,1727.540675,1722.820699,1754.253401,1817.608881,1875.298309,1865.026673,1895.017382,1910.24013,1906.897941,1961.058169,1940.403033,1974.858202,2066.315406,2188.69561,2330.130289,2481.087061,2459.121745,2480.044291,2634.892713,2750.286638,2847.270683,3106.393945,3359.489507,3678.326141,3916.653157,4177.249936,4411.561041,4687.377823,4792.573158,5338.852434,5883.22304,6307.232494,6619.358574
Kenya,KEN,"GDP, PPP (constant 2021 international $)",NY.GDP.MKTP.PP.KD,95633729813,97009274498,96233691209,96573585966,99116160385,1.03483E+11,1.07775E+11,1.08287E+11,1.11849E+11,1.14428E+11,1.15114E+11,1.19465E+11,1.20119E+11,1.23641E+11,1.29952E+11,1.37628E+11,1.46536E+11,1.56575E+11,1.56938E+11,1.62128E+11,1.75193E+11,1.84165E+11,1.92579E+11,1.99893E+11,2.09928E+11,2.20356E+11,2.29641E+11,2.38455E+11,2.51923E+11,2.64806E+11,2.64084E+11,2.84129E+11,2.97938E+11,3.14491E+11,3.28632E+11
Kiribati,KIR,"GDP per capita, PPP (current international $)",NY.GDP.PCAP.PP.CD,1191.53077,1139.232709,1420.665361,1430.71454,1469.161028,1518.23275,1519.246147,1535.317419,1592.956574,1526.091951,1637.936014,1591.23663,1605.075333,1578.287909,1578.838691,1616.579921,1727.770525,1792.046512,1735.431898,1718.491714,1724.467102,1785.572083,1896.324899,2049.333903,2084.131054,2310.602915,2462.832493,2562.065201,2671.762317,2762.9383,2710.906228,3020.493999,3329.344345,3485.558083,3702.32601
Kiribati,KIR,"GDP, PPP (constant 2021 international $)",NY.GDP.MKTP.PP.KD,165694553.1,156334991.5,193791656.7,193590123.6,197549538.3,202986513.1,202880865.2,205269043,214387656.3,205996026.3,219885648.9,212972160,216054197.2,212650334.8,211355363.2,214086983.9,226454648.8,233373019,226407461.7,227622819.7,230413366.1,237933429.8,251742276.5,271204275.3,274631382.5,305569489.1,327228360.4,339496537.2,351309114.6,362776854.3,357451046.4,387761958.2,405468433,416221499.9,438143467.1
"Korea, Dem. People's Rep.",PRK,"GDP per capita, PPP (current international $)",NY.GDP.PCAP.PP.CD,..,..,..,..,..,..,..,..,..,..,..,..,..,..,..,..,..,..,..,..,..,..,..,..,..,..,..,..,..,..,..,..,..,..,..
"Korea, Dem. People's Rep.",PRK,"GDP, PPP (constant 2021 international $)",NY.GDP.MKTP.PP.KD,..,..,..,..,..,..,..,..,..,..,..,..,..,..,..,..,..,..,..,..,..,..,..,..,..,..,..,..,..,..,..,..,..,..,..
"Korea, Rep.",KOR,"GDP per capita, PPP (current international $)",NY.GDP.PCAP.PP.CD,8355.332774,9474.642596,10184.85566,11030.71195,12187.25497,13502.58274,14694.09624,15721.70566,14974.65957,16807.12948,18538.83553,19724.42595,21396.83775,22095.87083,23773.82865,25186.86757,26884.26733,29064.91808,29946.07749,29508.38151,31736.62844,32546.75365,33557.12872,34244.31214,35324.49767,37907.50031,39575.45428,40957.41806,43044.29176,43865.04164,45142.76345,48419.64325,51231.45307,52203.96857,..
"Korea, Rep.",KOR,"GDP, PPP (constant 2021 international $)",NY.GDP.MKTP.PP.KD,5.9331E+11,6.57258E+11,6.97999E+11,7.46003E+11,8.15148E+11,8.93521E+11,9.64026E+11,1.02351E+12,9.71011E+11,1.08236E+12,1.18043E+12,1.23771E+12,1.33332E+12,1.37528E+12,1.44676E+12,1.5091E+12,1.58854E+12,1.68067E+12,1.73131E+12,1.74503E+12,1.86378E+12,1.93247E+12,1.9789E+12,2.04153E+12,2.1069E+12,2.16609E+12,2.22992E+12,2.30038E+12,2.36726E+12,2.42038E+12,2.40321E+12,2.50666E+12,2.57215E+12,2.60705E+12,..
Kosovo,XKX,"GDP per capita, PPP (current international $)",NY.GDP.PCAP.PP.CD,..,..,..,..,..,..,..,..,..,..,..,..,..,..,..,..,..,..,6352.65232,6736.761089,7179.222779,7776.473931,7897.566928,8090.759393,8200.474205,8714.919664,9157.046307,9380.940073,10018.73871,10861.05317,10532.50547,12362.42102,13950.89673,15804.40658,18619.82717
Kosovo,XKX,"GDP, PPP (constant 2021 international $)",NY.GDP.MKTP.PP.KD,..,..,..,..,..,..,..,..,..,..,..,..,..,..,..,..,..,..,12783215864,13426832137,14090111060,14980579340,15237076214,16050857846,16588369742,17569776062,18548724461,19443822031,20106201547,21062613457,19937811875,22080260570,23024964288,23961533956,25018893739
Kuwait,KWT,"GDP per capita, PPP (current international $)",NY.GDP.PCAP.PP.CD,30763.06696,23390.42363,36149.18352,48481.76042,53945.58818,57163.34921,56912.69619,57419.93216,58343.78818,56406.46858,58702.86732,58552.78392,59713.17222,69752.38418,77226.63684,84968.01984,89075.22461,91434.90447,90337.35688,80110.06989,75184.08666,79036.78577,82089.72607,76812.5388,68336.5992,45267.30859,41862.17391,46565.5499,51370.73205,50703.00014,41461.72351,50651.95758,55043.00227,53025.47114,51635.95981
Kuwait,KWT,"GDP, PPP (constant 2021 international $)",NY.GDP.MKTP.PP.KD,65594963015,38695917893,70739747861,94784518907,1.02781E+11,1.07774E+11,1.08426E+11,1.11108E+11,1.15177E+11,1.13116E+11,1.18427E+11,1.18679E+11,1.22257E+11,1.43439E+11,1.58127E+11,1.74903E+11,1.88047E+11,1.99314E+11,2.04256E+11,1.89803E+11,1.85304E+11,2.03146E+11,2.16606E+11,2.19096E+11,2.20193E+11,2.21498E+11,2.2798E+11,2.17237E+11,2.23196E+11,2.28249E+11,2.17253E+11,2.20886E+11,2.35815E+11,2.31884E+11,2.25947E+11
Kyrgyz Republic,KGZ,"GDP per capita, PPP (current international $)",NY.GDP.PCAP.PP.CD,2543.74131,2381.594036,2074.734487,1795.022436,1465.67276,1401.156817,1505.448837,1658.886752,1687.047637,1747.306074,1861.865597,1986.161358,1998.237881,2158.196674,2343.43044,2385.594465,2508.388448,2769.895085,3031.494071,3096.938141,3075.615543,3278.351022,3588.679888,4000.962958,4228.195148,4153.376699,4603.759642,4953.717551,4777.941754,5304.227583,5178.561967,5736.478834,6577.512177,7298.086126,8009.409194
Kyrgyz Republic,KGZ,"GDP, PPP (constant 2021 international $)",NY.GDP.MKTP.PP.KD,26767574230,24641178145,21231371882,17949144416,14344030250,13566035593,14527121709,15967522710,16306327241,16902452224,17822509598,18770956085,18767704089,20087128713,21498613569,21460880191,22126789572,24017053497,26034874118,26786317277,26660001953,28247944797,28223044177,31303721942,32563395806,33825496187,35292120966,36964945345,38354054773,40118581257,37250512879,39301901464,42826301522,46686361488,50906871855
Lao PDR,LAO,"GDP per capita, PPP (current international $)",NY.GDP.PCAP.PP.CD,1012.014594,1060.889016,1114.111499,1175.617815,1265.158233,1348.797983,1434.808672,1527.658892,1576.663635,1686.079386,1793.885826,1908.062366,2019.697748,2151.150996,2315.433795,2519.461351,2776.697523,3021.441731,3270.55751,3485.068277,3772.266052,4099.784573,4780.94733,5221.598558,5798.504367,6086.067304,6743.01054,7141.906527,7486.864527,7743.219065,7913.386607,8080.435532,8766.440626,9291.78859,9787.850984
Lao PDR,LAO,"GDP, PPP (constant 2021 international $)",NY.GDP.MKTP.PP.KD,8647627883,9019178718,9520632227,10083544992,10906263296,11673110406,12481861284,13339626184,13868890272,14882203552,15745190142,16650761036,17636276903,18706270229,19895557925,21309648307,23146383623,24904774760,26853549169,28868041983,31329592648,33848069787,36564749186,39499545733,42506236713,45596468110,48798633404,52162094276,55421161066,58445901222,58739902708,60225053628,61855602706,64172516512,66905147347
Latvia,LVA,"GDP per capita, PPP (current international $)",NY.GDP.PCAP.PP.CD,7447.948529,6761.9303,4759.779885,4722.003985,5011.631799,5341.548106,5636.101582,6308.927111,6878.643084,7199.812116,7840.881479,8861.653457,9756.298008,10565.73351,11761.31415,13343.88945,15024.63615,17281.04226,18634.73096,16559.52278,17343.46587,18618.70154,20494.04648,21850.12664,22973.69328,24137.87644,25802.15558,27645.82262,29817.80473,32199.09604,32741.42077,36912.01306,39960.84434,41810.00653,43866.95927
Latvia,LVA,"GDP, PPP (constant 2021 international $)",NY.GDP.MKTP.PP.KD,46628541795,40755573537,27665465933,26286901342,26862561293,26608774388,27220765832,29717311930,31663796648,32556210536,34457827396,36684002304,39496010020,42825181065,46561739532,51970033578,58635199659,64741784386,62547868754,52515178389,50592461907,52128623506,55936744860,57109229533,58305644917,60511561517,62055626572,64164865501,66930186963,67382215222,65044572876,69560319492,70817115854,72838390722,72516087307
Lebanon,LBN,"GDP per capita, PPP (current international $)",NY.GDP.PCAP.PP.CD,2990.336085,4527.257344,5278.708339,5870.792138,6366.909073,6795.676601,7559.756524,7631.985406,7861.22583,7792.661327,7937.95653,8289.38389,8586.240407,8914.482779,9609.012826,10019.99415,10312.35333,11355.66298,12415.94001,13586.14448,14703.61532,14974.55344,16121.33524,16315.61377,16139.865,17045.89829,18940.5901,20963.82495,21985.48847,21710.46488,16259.70513,11599.77551,12292.84073,12574.83291,..
Lebanon,LBN,"GDP, PPP (constant 2021 international $)",NY.GDP.MKTP.PP.KD,19218051454,28720874228,33442110823,37042378048,40044752423,42627183473,47438059997,47938515718,49695809291,49434615753,50097964832,52021560996,53802336972,55538591257,59248260701,60839538229,61782256000,67534568644,73659365300,81196306155,87671821639,88432234311,90700336595,94172230743,96511525557,96957718407,98464974045,99354140787,97481607577,90740827789,71322381663,66328931530,65916578511,65415227251,..
Lesotho,LSO,"GDP per capita, PPP (current international $)",NY.GDP.PCAP.PP.CD,764.0573154,829.9366592,892.9252558,931.9842574,995.2441433,1036.788085,1103.002022,1154.382345,1179.421705,1198.69482,1272.924434,1350.005297,1385.182221,1484.095844,1560.748775,1680.873641,1813.444407,1932.426662,2064.423112,2036.263086,2152.915283,2278.501428,2291.495653,2538.263103,2771.244969,3034.646929,2942.181537,2618.818208,2632.287752,2568.341144,2559.097768,2544.782496,2761.31105,2880.96631,2998.470395
Lesotho,LSO,"GDP, PPP (constant 2021 international $)",NY.GDP.MKTP.PP.KD,2573660196,2752956995,2944462730,3047806487,3230061460,3336360784,3523098100,3653579683,3709759166,3727418549,3871876398,4009776445,4038800653,4222960963,4294429264,4443279431,4631234382,4825186500,5091701800,5027864191,5292816082,5537154381,5887882377,5993424173,6095944685,6286386068,6513255915,6308858550,6215447498,6127312836,5627571726,5755132494,5892552409,6000187259,6165926723
Liberia,LBR,"GDP per capita, PPP (current international $)",NY.GDP.PCAP.PP.CD,786.5258095,792.6886898,496.8514064,327.8299041,262.5962814,254.3884746,282.2316765,547.8767949,651.9264086,761.662726,965.3955233,986.5727987,1012.918913,715.8182468,745.3978618,774.0325678,815.218917,872.5846459,915.0535997,939.4962902,980.1181398,1040.761414,1156.953194,1360.129104,1418.773555,1340.432797,1490.335814,1664.944813,1799.727514,1899.52201,1659.521091,1539.208923,1691.572757,1794.533409,1884.913143
Liberia,LBR,"GDP, PPP (constant 2021 international $)",NY.GDP.MKTP.PP.KD,4150264277,3559880300,2310872164,1548852934,1211786194,1160088911,1300705651,2683093204,3493605416,4253165779,5470248902,5629995201,5841852912,4080818598,4187729797,4408892705,4763540065,5217756727,5590601506,5886933603,6246026265,6758248402,7298490240,7932531093,7988169319,7986686317,7862496650,8055533202,8148782051,7947727344,7710687069,8095196891,8484422471,8881812193,9307509886
Libya,LBY,"GDP per capita, PPP (current international $)",NY.GDP.PCAP.PP.CD,17172.60331,20084.62591,19571.91311,18904.22421,19318.20678,18952.00087,19392.48696,20438.63992,19639.19473,19769.02443,20616.98487,20331.63152,20060.63969,22662.72421,23813.40115,26902.89859,28935.66158,30928.94228,30812.28373,29027.14681,30234.09187,15698.05191,26826.07298,21151.00519,17509.52851,17903.25654,16961.01771,18026.01878,18879.31513,16194.10821,10954.79905,12641.50977,12272.83562,13848.795,13953.79803
Libya,LBY,"GDP, PPP (constant 2021 international $)",NY.GDP.MKTP.PP.KD,80555801700,93166918530,90639976348,87229019426,88916714929,86942402006,88797859978,93426600293,90107858791,90783360696,94123526022,92464279919,91577642405,1.03497E+11,1.08115E+11,1.20949E+11,1.28812E+11,1.36836E+11,1.36615E+11,1.30603E+11,1.37169E+11,68120248022,1.27267E+11,1.04361E+11,80313610359,79636842700,78449504268,1.03939E+11,1.12193E+11,99632092392,70285163941,90199384483,82756464976,91161061089,90608777729
Liechtenstein,LIE,"GDP per capita, PPP (current international $)",NY.GDP.PCAP.PP.CD,..,..,..,..,..,..,..,..,..,..,..,..,..,..,..,..,..,..,..,..,..,..,..,..,..,..,..,..,..,..,..,..,..,..,..
Liechtenstein,LIE,"GDP, PPP (constant 2021 international $)",NY.GDP.MKTP.PP.KD,..,..,..,..,..,..,..,..,..,..,..,..,..,..,..,..,..,..,..,..,..,..,..,..,..,..,..,..,..,..,..,..,..,..,..
Lithuania,LTU,"GDP per capita, PPP (current international $)",NY.GDP.PCAP.PP.CD,8946.885813,8709.655649,7021.978773,6050.585444,5615.091212,5967.191454,6419.664063,7102.881243,7796.787182,7856.706591,8465.943296,9456.873281,10497.26662,12085.95668,13097.43757,14514.78329,16446.9778,19113.98614,20735.70798,18167.6379,19827.94868,22701.55461,24566.8987,26563.3749,28005.79241,28853.99786,30772.67284,33591.55541,36491.93852,40563.83049,41262.72769,45873.52732,50498.3824,50914.86381,54413.96407
Lithuania,LTU,"GDP, PPP (constant 2021 international $)",NY.GDP.MKTP.PP.KD,76124535263,71803963183,56539179787,47364644893,42738989025,44145136034,46364287199,50212815305,53960166152,53368218715,55192676416,58771439458,62720785832,69339017900,73847465363,79556942830,85440561600,94905605717,97372640442,82923892338,83278142847,88544350008,92425165498,96165531708,99793418508,1.0262E+11,1.05362E+11,1.10222E+11,1.15643E+11,1.21052E+11,1.21104E+11,1.2883E+11,1.32099E+11,1.32552E+11,1.36227E+11
Luxembourg,LUX,"GDP per capita, PPP (current international $)",NY.GDP.PCAP.PP.CD,29929.05216,33168.42879,34085.82383,35874.70476,37526.26191,38319.76301,39707.46153,42477.73983,44267.17686,49844.67696,55124.29225,56141.77517,58575.67927,60199.8508,64694.43342,68787.85475,78878.02752,85129.18882,90970.7212,86873.25624,90346.06883,94475.03023,96636.42664,100925.012,105296.2846,107888.5784,113365.1761,114985.8422,116638.4142,121371.7399,122066.7391,136772.4438,143381.8975,142424.7299,150772.3588
Luxembourg,LUX,"GDP, PPP (constant 2021 international $)",NY.GDP.MKTP.PP.KD,31101901073,33790408718,34405276895,35850521112,37220341448,37753411251,38281232444,40356010486,43049577614,46568958870,49799973664,51331001899,52986641183,54374561930,56675633192,58082818311,61577496185,66564452690,66364642428,64215122127,66629876919,67325691759,68436499780,70607161768,72459248902,74103917509,77792951405,78817630155,80087615173,82289479426,81869760592,87543117439,86584473457,85983895212,86870919446
"Macao SAR, China",MAC,"GDP per capita, PPP (current international $)",NY.GDP.PCAP.PP.CD,27940.86711,28520.82777,31334.92284,32590.13457,33582.3895,34334.8047,34330.59452,34641.4453,33033.73575,32320.72624,34692.51865,36220.63498,39650.02133,44610.28803,56593.41344,60576.6177,67201.52093,75677.04592,76830.5859,79123.72701,99831.76634,121075.8437,133100.4311,149793.6951,145113.9474,108916.8626,107906.8157,120983.4929,129726.754,126160.4542,57220.81706,74177.78252,64373.92569,116491.3772,128267.6234
"Macao SAR, China",MAC,"GDP, PPP (constant 2021 international $)",NY.GDP.MKTP.PP.KD,18503630764,19180755195,21731643041,22858640455,23830921688,24616270280,24513254768,24444770673,23327418907,22777231193,24086145512,24781789585,26990064045,30131844236,38156251018,41237456545,46759396629,53528518889,55343829684,56049119404,70130220947,85289898756,93172514524,1.03191E+11,1.01078E+11,79331396682,78792590832,86561580877,92106091775,89745030264,40981075244,50626336573,40698843608,71248151453,77523802405
Madagascar,MDG,"GDP per capita, PPP (current international $)",NY.GDP.PCAP.PP.CD,1165.820924,1095.986996,1100.578969,1115.767284,1104.261134,1110.652492,1118.769162,1142.301661,1161.750888,1194.150247,1235.787339,1298.563789,1121.087496,1218.835632,1279.546111,1342.519299,1416.404659,1493.37545,1577.338389,1479.8298,1463.876468,1475.170552,1463.617569,1473.403981,1498.839769,1496.611724,1561.519624,1546.880019,1546.595635,1612.297727,1490.323128,1577.432461,1716.978849,1808.44779,1883.537431
Madagascar,MDG,"GDP, PPP (constant 2021 international $)",NY.GDP.MKTP.PP.KD,23728781480,22232361092,22494899697,22967275311,22957605789,23342970397,23845825709,24726569521,25695127696,26902600084,28101611021,29782153615,26086792600,28639357115,30144929155,31578575290,33283347345,35184014263,37545787853,36051950358,36275198363,36847775908,37957317018,38830478116,40127106649,41384007238,43036531094,44729290240,46158103238,48194244318,44754297418,46835678114,48782214694,50832553694,52967520949
Malawi,MWI,"GDP per capita, PPP (current international $)",NY.GDP.PCAP.PP.CD,671.5034303,731.9404749,673.8159772,745.6821833,691.6261344,825.4541257,884.456347,915.279225,941.0514964,960.710823,974.3101375,924.0563683,931.2835075,979.0389779,1032.802139,1070.93591,1124.438269,1230.563854,1311.449998,1387.789916,1457.605683,1516.211183,1464.04324,1558.112247,1505.551904,1403.084512,1409.958027,1380.232636,1363.794456,1450.010081,1513.459908,1687.593582,1778.305821,1829.507689,1859.447961
Malawi,MWI,"GDP, PPP (constant 2021 international $)",NY.GDP.MKTP.PP.KD,9998939789,10871870407,10074638505,11051056409,9919408152,11578807819,12425992341,12897238047,13399618164,13807271818,14024885140,13327152207,13553713798,14327039834,15103636677,15597333179,16330407802,17898126931,19265496649,20869948373,22304562368,23404772824,23849463508,25139802957,26553984751,27297496324,27979933731,29099131081,30365980584,32101950612,32356710546,33831623933,34143252120,34789398822,35424948954
Malaysia,MYS,"GDP per capita, PPP (current international $)",NY.GDP.PCAP.PP.CD,6886.633125,7582.569431,8223.802959,9018.062494,9806.471791,10720.25347,11709.267,12469.35901,11398.09871,11979.67971,13027.27334,13071.58141,13656.04589,14387.24849,15415.80634,16371.42608,17426.36117,18616.80708,19479.87996,18922.64595,20193.40929,21324.3595,22638.54069,23160.89245,24306.52123,24526.39427,25285.82135,26415.59602,27793.56742,28933.9283,27474.73614,29822.84918,34366.22848,36416.54019,38728.94303
Malaysia,MYS,"GDP, PPP (constant 2021 international $)",NY.GDP.MKTP.PP.KD,2.14242E+11,2.34693E+11,2.55545E+11,2.80832E+11,3.06702E+11,3.36848E+11,3.70542E+11,3.97676E+11,3.68409E+11,3.9102E+11,4.2566E+11,4.27864E+11,4.5093E+11,4.77032E+11,5.09391E+11,5.36553E+11,5.66518E+11,6.02202E+11,6.31299E+11,6.21744E+11,6.67908E+11,7.03266E+11,7.41759E+11,7.76576E+11,8.23222E+11,8.65137E+11,9.03634E+11,9.56159E+11,1.00247E+12,1.04671E+12,9.8959E+11,1.0224E+12,1.113E+12,1.15257E+12,1.21152E+12
Maldives,MDV,"GDP per capita, PPP (current international $)",NY.GDP.PCAP.PP.CD,4527.593995,4604.029572,4881.127101,5137.910707,5520.41823,6223.482792,6686.994107,7225.928983,7710.318129,8161.996178,8526.28986,8235.802694,8822.517266,10065.48581,10769.77434,9704.443351,12075.14559,12851.79233,13778.81978,12265.79305,12797.32794,13726.32621,13988.59739,15264.09071,16722.52386,17875.09894,18769.50606,19767.88936,21899.4293,23077.21122,13425.36745,19052.62249,22880.51232,24735.07543,26542.70654
Maldives,MDV,"GDP, PPP (constant 2021 international $)",NY.GDP.MKTP.PP.KD,2010676976,2039684934,2175748753,2296650084,2474628666,2795978614,3015704708,3268961801,3513960131,3730970215,3874456249,3721661864,3992166629,4541091523,4810146318,4272501363,5282105061,5658897699,6166866082,5652506359,6036055364,6569849450,6726822083,7196015385,7761671586,8061903547,8575872716,9182566718,9969416783,10659605470,7151654162,9834087309,11193757025,11722817856,12324662897
Mali,MLI,"GDP per capita, PPP (current international $)",NY.GDP.PCAP.PP.CD,823.2499445,932.3570029,904.4930073,935.5961638,970.5752154,978.6146359,1044.095669,1088.372804,1154.330694,1203.47647,1194.675034,1367.657579,1388.248139,1496.416468,1510.905281,1621.244453,1724.926222,1780.786441,1871.241687,1906.876757,1997.682944,2053.383136,2003.174781,2062.182613,2167.193712,2330.242939,2531.80497,2606.69608,2684.41122,2819.865823,2723.700948,2796.227938,3008.755546,3168.413347,3308.669489
Mali,MLI,"GDP, PPP (constant 2021 international $)",NY.GDP.MKTP.PP.KD,14832247220,16574324883,16040853305,16549696149,17175263749,17333451775,18556462935,19452559047,20925442166,22118389833,22104934117,25503841718,26296069658,28694019293,29141645610,31328634211,33413323337,34708099026,36977090310,38690427431,41368471214,43031126024,42785595330,43804802101,47135077376,49951264433,52950869375,55797268614,58513395954,61439065235,60720796477,62603712699,64800027977,67856749650,71252671858
Malta,MLT,"GDP per capita, PPP (current international $)",NY.GDP.PCAP.PP.CD,10078.76708,10777.11171,11421.33708,12094.55155,12929.37248,13940.17691,14655.33343,15461.81578,16217.79907,16898.54028,18210.60633,18437.07726,19532.02796,20815.41086,21568.69874,22227.41486,23224.01888,25012.5836,26653.89652,26767.97741,28912.36731,29426.03143,30716.19376,33138.16626,35205.79024,38379.01066,40999.07948,45763.15636,48177.35564,51391.84935,49987.3821,56802.01025,60484.73854,63074.74873,67364.18251
Malta,MLT,"GDP, PPP (constant 2021 international $)",NY.GDP.MKTP.PP.KD,6442547358,6845624887,7166748507,7487872528,7911019999,8412775856,8730554639,9189518230,9660536266,10116511254,12107569074,12015954413,12345326159,12801394767,12853516894,13223784462,13532708297,14214305338,14841174145,14634088927,15541013930,15695175143,16339083876,17367092589,18692397893,20490811731,21326369515,24092851620,25824909981,26879781636,25977066497,29431961613,30688505804,32774192747,34730576723
Marshall Islands,MHL,"GDP per capita, PPP (current international $)",NY.GDP.PCAP.PP.CD,2102.345226,2130.524332,2293.410975,2451.527275,2616.64852,2857.748317,2583.004354,2434.030601,2422.271948,2400.345491,2489.969438,2700.270546,2825.244799,2824.278834,2879.905897,3016.703244,3110.052256,3309.397541,3118.234671,3253.150859,3473.404699,3536.560042,3589.668804,3845.003575,3931.344106,4125.161693,4366.257642,4719.313049,5232.205249,6045.062408,6136.971197,6705.875292,7332.300208,7532.174773,8198.125633
Marshall Islands,MHL,"GDP, PPP (constant 2021 international $)",NY.GDP.MKTP.PP.KD,174302390.9,174455427.2,186913081.9,198139548.5,209785591.7,227015899.8,203626549,190501442.3,189217279.8,186691755.9,191273974.5,204529346,211965603.8,208655389.7,207803334,211525184.8,211897369.8,219713256.4,203088989.7,210532691.2,222194490.3,221077935,218224516.1,226536649.5,223683230.6,227901328.1,233608165.9,241920299.3,255194900.3,281868164.1,274052277.5,277401943.2,274300400.9,263507033.7,270808729.3
Mauritania,MRT,"GDP per capita, PPP (current international $)",NY.GDP.PCAP.PP.CD,2070.290628,2115.853682,2121.857687,2208.572611,2113.658383,2305.755195,2435.946467,2325.349106,2354.93829,2410.674484,2303.666397,2279.727115,2295.80501,2446.698178,2570.294049,2809.035081,3341.707184,3278.276614,3235.997822,3158.744143,3177.844366,3270.862513,3464.976611,3831.04711,3865.142587,3977.611713,4682.702597,5353.066088,5429.232231,5610.132367,5740.739597,5836.565808,6484.827927,6946.193933,7271.340405
Mauritania,MRT,"GDP, PPP (constant 2021 international $)",NY.GDP.MKTP.PP.KD,10773605994,10966247471,11171768737,11827957926,11465935813,12591867823,13324566781,12785628489,13140788290,13623472876,13089701687,12985050329,13164436717,14076504381,14742711251,16005614255,18939955319,18566947530,18505476224,18523588628,19008949158,19802151410,20687310190,21546001790,22467055292,23674960402,23973480164,25476748186,26692542851,27530956928,27431664499,27635403695,29513507140,31434006298,33068574626
Mauritius,MUS,"GDP per capita, PPP (current international $)",NY.GDP.PCAP.PP.CD,5008.069468,5349.021672,5751.053404,6113.660732,6412.064116,6768.744335,7203.759856,7648.395016,8118.171453,8341.29548,9139.703671,9582.341029,9819.99036,10530.75073,11211.64764,11699.24763,12587.97176,13607.3327,14563.88875,15099.35024,15913.90992,16877.46517,17249.89328,18225.23757,19066.44305,20011.33331,21670.4566,22595.72908,23068.24097,24027.11893,21326.2244,22737.57294,26556.07686,28923.35295,31050.93396
Mauritius,MUS,"GDP, PPP (constant 2021 international $)",NY.GDP.MKTP.PP.KD,9477452905,9897820236,10542435434,11078208640,11536419176,12031070440,12703347879,13425847921,14241057375,14612881748,15811546006,16340843948,16604735286,17588639824,18350231421,18676414679,19585123966,20706767181,21822232972,22545656798,23532526014,24492073720,25348345607,26200152959,27202824906,28206760639,29296237816,30449918917,31669968173,32585637210,27845555062,28793361693,31296387845,32863652680,34406240719
Mexico,MEX,"GDP per capita, PPP (current international $)",NY.GDP.PCAP.PP.CD,8578.161131,9078.921569,9470.004533,9040.826493,9466.257636,8933.086928,9496.106134,10182.50857,10756.2175,11030.52143,11704.38111,11738.72594,11761.88659,12066.16013,12657.81561,13260.23882,14541.67163,15031.86196,15680.57619,15192.62415,15908.86032,17266.81291,18004.79356,18170.26479,18820.79911,19075.33847,20104.58398,20488.71508,20921.47753,20964.27748,19354.12487,20782.58774,23379.73389,24854.58221,25688.0965
Mexico,MEX,"GDP, PPP (constant 2021 international $)",NY.GDP.MKTP.PP.KD,1.42199E+12,1.47853E+12,1.53129E+12,1.57519E+12,1.64441E+12,1.54722E+12,1.64343E+12,1.76174E+12,1.8707E+12,1.92224E+12,2.01891E+12,2.00981E+12,2.00506E+12,2.02883E+12,2.10116E+12,2.14557E+12,2.24866E+12,2.29539E+12,2.31704E+12,2.17118E+12,2.27911E+12,2.35761E+12,2.44138E+12,2.46218E+12,2.52383E+12,2.59203E+12,2.63797E+12,2.68735E+12,2.74034E+12,2.72958E+12,2.50155E+12,2.65286E+12,2.75131E+12,2.84197E+12,2.8833E+12
"Micronesia, Fed. Sts.",FSM,"GDP per capita, PPP (current international $)",NY.GDP.PCAP.PP.CD,1688.595547,1841.303504,1920.395314,2081.077642,2075.211924,2243.582317,2202.360504,2097.713352,2175.762292,2230.810257,2383.85065,2483.249107,2533.761466,2628.215732,2624.174226,2774.43262,2875.300154,2921.372492,2931.12401,3008.477298,3125.912529,3287.302155,3280.158619,3206.361523,3178.899622,3346.809506,3383.797012,3459.864742,3525.344626,3717.18067,3682.392995,3944.705715,4085.209533,4233.134049,4346.219329
"Micronesia, Fed. Sts.",FSM,"GDP, PPP (constant 2021 international $)",NY.GDP.MKTP.PP.KD,316480756.2,339986861.9,353613589.8,382400052.6,380356043.4,407035984.3,394082587.1,370197488,380750026.2,385983200.7,404641257.2,413412271,415673626.5,422208494.2,409203826.4,417559225,417220771.1,409559824.7,399695606.7,404064676.3,413194073,426369074.9,418409532.8,403013033.6,393720456.8,411917759.6,413911860.9,417318542.9,417318542.9,434351952.8,427085443.7,440323830.7,427528611.1,429589930.7,432679041.1
Moldova,MDA,"GDP per capita, PPP (current international $)",NY.GDP.PCAP.PP.CD,6894.513723,5979.907891,4337.246802,4394.141859,3110.823008,3145.945805,3021.309883,3135.607025,2964.601517,2909.85035,3044.670506,3310.528826,3632.610918,3959.95151,4378.174758,4865.934564,5271.389704,5589.568508,6153.351521,5827.178889,6323.062879,6832.941565,7254.66249,8232.523805,8643.064314,9197.618382,10325.84049,11252.11355,11868.19555,13413.22329,13527.44131,15682.07033,16452.96212,17746.94055,18716.51339
Moldova,MDA,"GDP, PPP (constant 2021 international $)",NY.GDP.MKTP.PP.KD,47357419840,39780232537,28204184901,27865734702,19255222616,18985649681,17869851604,18164179596,16975844078,16404054450,16749805344,17771543536,19157723871,20422133639,21933371474,23578374367,24710136298,25451440443,27436652834,25790453592,27621575825,29228644999,29056273754,31684084103,33268169764,33155644963,34696060990,36144833894,37617951105,38954258881,35730412861,40707659297,38835106970,39301128253,39341631765
Monaco,MCO,"GDP per capita, PPP (current international $)",NY.GDP.PCAP.PP.CD,..,..,..,..,..,..,..,..,..,..,..,..,..,..,..,..,..,..,..,..,..,..,..,..,..,..,..,..,..,..,..,..,..,..,..
Monaco,MCO,"GDP, PPP (constant 2021 international $)",NY.GDP.MKTP.PP.KD,..,..,..,..,..,..,..,..,..,..,..,..,..,..,..,..,..,..,..,..,..,..,..,..,..,..,..,..,..,..,..,..,..,..,..
Mongolia,MNG,"GDP per capita, PPP (current international $)",NY.GDP.PCAP.PP.CD,3479.287345,3183.184779,2951.02362,2928.837994,3021.360943,3228.973698,3310.16087,3449.23436,3554.768867,3663.727112,3739.696669,3888.855286,4083.384222,4399.365379,4941.826637,5406.14342,5977.196887,6678.054744,7296.580737,7119.394242,7531.625574,8861.820529,10151.7218,10442.38505,10900.23052,10458.30272,10511.38311,11096.03756,12317.48243,13604.97894,13693.17981,14792.25091,16401.98948,18004.85121,19097.73142
Mongolia,MNG,"GDP, PPP (constant 2021 international $)",NY.GDP.MKTP.PP.KD,13930857675,12719772331,11542370968,11176617292,11415169077,12143048987,12414457528,12898213380,13329005530,13738255185,13895704126,14306004047,14983104138,16032615830,17736146348,19022667066,20650291129,22766536342,24792841843,24478320115,26036404767,30538301607,34300565350,38296209460,41315951926,42299203745,42929370720,45349246281,48861491268,51598831338,49247084584,50053145882,52572175378,56474141516,59221044569
Montenegro,MNE,"GDP per capita, PPP (current international $)",NY.GDP.PCAP.PP.CD,..,..,..,..,..,..,..,5797.259001,6168.474314,5683.257325,6002.576411,6772.288185,7100.306352,7341.278441,7842.50753,8313.654163,10458.66245,12462.20814,13816.57292,13021.75949,13633.69883,14466.24329,13845.69014,14837.22698,15323.49137,16271.98616,18110.21961,19568.50547,21368.27699,23958.27759,20827.27644,23842.06192,27594.8982,30596.59724,33379.64326
Montenegro,MNE,"GDP, PPP (constant 2021 international $)",NY.GDP.MKTP.PP.KD,..,..,..,..,..,..,..,8909988500,9346578458,8468000258,8730508271,8826529781,8994581323,9217886127,9625874442,10028294183,10887359784,11628805330,12468725168,11746150450,12067329093,12456916902,12117616549,12547668327,12771480909,13204482821,13593920035,14235072553,14957913709,15565645515,13183028694,14902552329,15857311217,16862299640,17374966800
Morocco,MAR,"GDP per capita, PPP (current international $)",NY.GDP.PCAP.PP.CD,2776.82251,3025.00708,2979.068359,2979.286865,3314.781494,3152.427246,3551.256104,3502.008057,3740.359131,3800.629883,3930.223145,4268.869629,4436.428711,4741.061523,5024.694336,5274.741699,5780.618164,6057.935547,6437.063477,6628.57666,6848.66748,7274.147461,7307.612305,7542.098633,7237.277344,7799.092285,7853.17627,8115.120605,7801.098633,8046.229004,7704.849121,8623.265625,9283.925781,9842.888672,10305.05469
Morocco,MAR,"GDP, PPP (constant 2021 international $)",NY.GDP.MKTP.PP.KD,1.08501E+11,1.1633E+11,1.1389E+11,1.13046E+11,1.25016E+11,1.18258E+11,1.3289E+11,1.30816E+11,1.40285E+11,1.42666E+11,1.4635E+11,1.57651E+11,1.63531E+11,1.73623E+11,1.8156E+11,1.87356E+11,2.01952E+11,2.08902E+11,2.20777E+11,2.29047E+11,2.37062E+11,2.50159E+11,2.5782E+11,2.68448E+11,2.75747E+11,2.87727E+11,2.89227E+11,3.03856E+11,3.13171E+11,3.22225E+11,2.99095E+11,3.23485E+11,3.28425E+11,3.39603E+11,3.50594E+11
Mozambique,MOZ,"GDP per capita, PPP (current international $)",NY.GDP.PCAP.PP.CD,296.0385087,314.9300388,291.9893328,321.278519,326.4416845,320.5998903,349.7319387,387.0590443,422.2672816,468.2086685,471.9673298,532.6273102,580.0409214,619.9875107,673.3457173,721.4117619,798.3876676,861.9876827,916.1558502,951.4854538,1000.241149,1063.655433,1075.877861,1113.752528,1165.828266,1317.88786,1379.1074,1282.74966,1325.586956,1388.79707,1411.620402,1457.235409,1581.944194,1677.681023,1699.705034
Mozambique,MOZ,"GDP, PPP (constant 2021 international $)",NY.GDP.MKTP.PP.KD,7170866774,7524064321,6953992509,7714789541,8211636159,8385960474,9282915342,10379686771,11455980625,12809732312,12907884959,14566765289,15975153770,17128192582,18533510246,19703349821,21656085291,23312635904,24916085862,26393353585,28156358172,30165049214,32576595027,34717337920,37391464636,40155850652,42041967039,43151121313,44654908559,45689926258,45132727327,46205728911,48222355191,50844136708,51785655733
Myanmar,MMR,"GDP per capita, PPP (current international $)",NY.GDP.PCAP.PP.CD,441.1032876,446.5831805,494.0844375,529.2082155,573.291924,617.8961014,661.2180606,701.6279901,741.8174716,824.781054,948.7482852,1068.825905,1203.826307,1384.528518,1600.841056,1860.454132,2152.867309,2458.857464,2748.079213,3039.799823,3348.128895,3579.40483,3845.152842,4143.630127,4376.388333,4458.690544,4459.539814,4706.432489,5581.276955,6101.372458,5740.990458,5178.447182,5731.937879,5953.357352,5997.465163
Myanmar,MMR,"GDP, PPP (constant 2021 international $)",NY.GDP.MKTP.PP.KD,30871439712,30670584905,33633652463,35664926710,38331935078,40995257644,43636465399,46102616444,48807094193,54149094093,61592390964,68579429990,76826458557,87462311090,99326277632,1.12804E+11,1.27554E+11,1.4285E+11,1.57499E+11,1.74116E+11,1.90891E+11,2.01564E+11,2.16344E+11,2.34574E+11,2.53738E+11,2.71481E+11,2.87397E+11,3.05032E+11,3.24154E+11,3.4548E+11,3.1422E+11,2.76462E+11,2.87624E+11,2.90381E+11,2.87559E+11
Namibia,NAM,"GDP per capita, PPP (current international $)",NY.GDP.PCAP.PP.CD,3875.470432,4191.707934,4451.935644,4344.624521,4376.065452,4509.129729,4611.758,4764.340781,4851.592294,4961.124327,5128.614336,5196.150098,5433.269027,5692.633738,6479.76369,6766.599812,7373.758222,7874.931445,8124.815179,8079.383923,8538.199954,9002.230045,9363.766323,9699.208378,10365.30906,10465.89206,10200.13926,9887.939355,9853.735336,9609.485557,9354.131367,9709.099306,10662.7017,11251.23703,11686.60206
Namibia,NAM,"GDP, PPP (constant 2021 international $)",NY.GDP.MKTP.PP.KD,9970961728,10785151826,11560533332,11377930181,11574754662,12026055992,12409846439,12933554407,13359273424,13809384541,14291633570,14459981682,15152421217,15794852707,17732809758,18181319093,19467315668,20513497807,21057066941,21119389735,22394842369,23535039520,24726308396,26114621285,27705659590,28887077272,28896839501,28599997270,28903139937,28660598613,26338688300,27287889638,28761087693,30038887033,31153793835
Nauru,NRU,"GDP per capita, PPP (current international $)",NY.GDP.PCAP.PP.CD,16442.82173,13451.41608,11324.27598,9646.28851,9438.653197,8848.559839,7927.910544,7332.467149,6540.169292,6203.759827,5920.35268,5665.540629,5204.532175,5334.563277,5241.126503,5392.131155,6030.364262,4826.375803,5928.485821,5623.977627,5667.939681,6581.543598,8260.605046,8500.654551,9858.203339,10020.37775,10371.3963,9770.049045,9740.428512,10639.5058,10941.66367,12196.64515,13346.98403,13829.91894,14326.80232
Nauru,NRU,"GDP, PPP (constant 2021 international $)",NY.GDP.MKTP.PP.KD,293916424.8,238090603.3,199376363.5,167242131.3,160776333.7,148037234.9,130480757.6,118798016.2,104794135.2,97911036.34,91198066.27,85032083.96,76553208.73,76771122.69,73458581.94,73197327.32,79293757.63,61702195.67,74277663.15,70079539.54,69967428.46,80038983.3,100272294.4,103929967.4,120998734.8,124263301.6,129685208.3,121889532.2,120403550.1,130621882.2,133210572.1,142810518.1,147025596.8,147975985.4,150580735.1
Nepal,NPL,"GDP per capita, PPP (current international $)",NY.GDP.PCAP.PP.CD,829.5541091,888.9148212,920.1815086,951.9103708,1026.083701,1058.207476,1110.221927,1161.981761,1186.924856,1233.661411,1316.829409,1388.470455,1390.43707,1453.183658,1542.449476,1627.839156,1717.786118,1809.323712,1942.152997,2028.957408,2139.227494,2247.997429,2465.834694,2658.021969,2901.197521,2957.305591,2976.125137,3604.708259,3956.124611,4260.673732,4235.574623,4546.2297,5102.992311,5395.208201,5736.621343
Nepal,NPL,"GDP, PPP (constant 2021 international $)",NY.GDP.MKTP.PP.KD,35305600052,37553913762,39096030161,40601168689,43936961802,45460894185,47883179816,50300616039,51817878527,54104380389,57458851964,60216814884,60289161279,62667591457,65602066132,67884480784,70168532059,72562373827,76992044904,80482154911,84358509208,87245096016,91319565822,94538720393,1.00222E+11,1.04207E+11,1.04658E+11,1.14054E+11,1.22747E+11,1.30918E+11,1.27816E+11,1.34E+11,1.41546E+11,1.44352E+11,1.49643E+11
Netherlands,NLD,"GDP per capita, PPP (current international $)",NY.GDP.PCAP.PP.CD,19190.22818,20163.55964,20816.93758,21428.48297,22398.6757,23464.76138,24554.94971,26055.52173,27746.98713,29316.26348,31887.85346,33262.98238,34568.45933,34290.75505,35965.5468,37778.48644,41216.88407,44205.04498,46714.34543,44935.74575,45306.30781,47004.13707,47653.34017,49622.05196,49751.30929,50970.34848,53162.27916,56037.56799,58819.26091,62345.25385,62596.6302,68573.56488,77152.22376,78305.28884,84218.45864
Netherlands,NLD,"GDP, PPP (constant 2021 international $)",NY.GDP.MKTP.PP.KD,6.44833E+11,6.60562E+11,6.71831E+11,6.8028E+11,7.00424E+11,7.22249E+11,7.46954E+11,7.78689E+11,8.1488E+11,8.55977E+11,8.92097E+11,9.12826E+11,9.1507E+11,9.15965E+11,9.34434E+11,9.5344E+11,9.87166E+11,1.02552E+12,1.04723E+12,1.00885E+12,1.02216E+12,1.04028E+12,1.03011E+12,1.0298E+12,1.0464E+12,1.06859E+12,1.0945E+12,1.12494E+12,1.15035E+12,1.17681E+12,1.13129E+12,1.2023E+12,1.26251E+12,1.26345E+12,1.27582E+12
New Caledonia,NCL,"GDP per capita, PPP (current international $)",NY.GDP.PCAP.PP.CD,..,..,..,..,..,..,..,..,..,..,..,..,..,..,..,..,..,..,..,..,..,..,..,..,..,..,..,..,..,..,..,..,..,..,..
New Caledonia,NCL,"GDP, PPP (constant 2021 international $)",NY.GDP.MKTP.PP.KD,..,..,..,..,..,..,..,..,..,..,..,..,..,..,..,..,..,..,..,..,..,..,..,..,..,..,..,..,..,..,..,..,..,..,..
New Zealand,NZL,"GDP per capita, PPP (current international $)",NY.GDP.PCAP.PP.CD,14871.4551,14560.45005,14937.45431,15964.25624,17111.15052,17885.35371,18441.63455,19127.30041,19319.98356,20579.36592,21500.62929,22521.04094,23306.27954,23987.36889,25096.68588,25677.41908,27744.06172,29353.50063,29895.64517,30756.22396,31292.95276,32738.98844,33054.89368,36262.70473,37331.31557,37578.02761,39988.92509,42243.50845,42527.27841,45197.52639,45354.15616,47996.67988,53647.34281,53854.19963,55093.53608
New Zealand,NZL,"GDP, PPP (constant 2021 international $)",NY.GDP.MKTP.PP.KD,1.0221E+11,1.01095E+11,1.02201E+11,1.08733E+11,1.14299E+11,1.19696E+11,1.2402E+11,1.26598E+11,1.27685E+11,1.34552E+11,1.38413E+11,1.43135E+11,1.49881E+11,1.56968E+11,1.63385E+11,1.68863E+11,1.73557E+11,1.78861E+11,1.77042E+11,1.76976E+11,1.79557E+11,1.83316E+11,1.87654E+11,1.92514E+11,1.9988E+11,2.07256E+11,2.15089E+11,2.22356E+11,2.30073E+11,2.35405E+11,2.34682E+11,2.45325E+11,2.53903E+11,2.57443E+11,2.57117E+11
Nicaragua,NIC,"GDP per capita, PPP (current international $)",NY.GDP.PCAP.PP.CD,1978.566342,1995.077392,2002.639096,1997.712476,2064.16921,2187.03442,2324.781742,2417.986183,2497.4494,2672.492284,2806.259379,2916.551683,2948.229798,3046.108683,3255.485159,3455.992737,3657.967497,3891.49985,4044.376122,3879.669882,4042.220713,4324.710072,4507.943029,4710.572432,5067.74639,5448.89226,5882.366452,6225.347026,5935.166936,5981.108764,6274.094567,7119.169234,7796.69362,8319.979441,8708.799831
Nicaragua,NIC,"GDP, PPP (constant 2021 international $)",NY.GDP.MKTP.PP.KD,17556045823,17522815477,17590514275,17521394804,18106210973,19176633497,20393250588,21202179652,21989137024,23536286210,24501648231,25227103688,25417300630,26058002888,27442248448,28617434839,29805901340,31318953814,32394984415,31328326050,32709936280,34776120094,37035224314,38859984679,40719613755,42671006646,44618147574,46684506605,45114340143,43807436417,42827664806,47305035692,48984506117,51153414573,52988712245
Niger,NER,"GDP per capita, PPP (current international $)",NY.GDP.PCAP.PP.CD,739.108851,737.5289213,745.8043101,742.1071808,747.5756777,756.5455886,745.810844,745.1055239,801.0469397,783.1838771,764.2818851,809.3871869,832.4693644,836.9784406,832.1251966,888.3042625,935.1753294,954.8922801,1010.431846,998.7925015,1057.511003,1064.419174,1161.789083,1137.769041,1161.325157,1172.191788,1188.557092,1208.1461,1275.996439,1419.168051,1496.8335,1585.59922,1839.969097,1875.153068,2015.022821
Niger,NER,"GDP, PPP (constant 2021 international $)",NY.GDP.MKTP.PP.KD,11698663467,11647249116,11880281728,11918495304,12139557027,12437855579,12450359418,12640535634,13901127581,13870605915,13702982730,14698934001,15421896744,15756646037,15813968964,16973428427,17980130949,18545196855,19979002843,20371110934,22118578797,22640081123,25028370733,26358661333,28109439639,29344188611,31028807125,32581910869,34931528663,37006409967,38320374766,38850574078,43473792393,44198776164,47921019367
Nigeria,NGA,"GDP per capita, PPP (current international $)",NY.GDP.PCAP.PP.CD,2016.634247,2037.76751,2124.223388,2074.604131,2026.212009,2013.40022,2081.163018,2123.236173,2145.706032,2131.839931,2229.065778,2349.441856,2677.28602,2851.043988,3111.14016,3322.014198,3533.046847,3762.203464,3981.658117,4209.218532,4474.607051,4676.408151,4737.106744,4973.785276,5252.15095,5189.453972,5022.333267,4996.894728,5083.172331,5362.408308,5353.705549,5491.700341,5948.726147,6207.421378,6439.812922
Nigeria,NGA,"GDP, PPP (constant 2021 international $)",NY.GDP.MKTP.PP.KD,3.54557E+11,3.55827E+11,3.72306E+11,3.64729E+11,3.5811E+11,3.5785E+11,3.72865E+11,3.83816E+11,3.93723E+11,3.96023E+11,4.15888E+11,4.40499E+11,5.08023E+11,5.45349E+11,5.95796E+11,6.34157E+11,6.72583E+11,7.16914E+11,7.65409E+11,8.26925E+11,8.93126E+11,9.40532E+11,9.80317E+11,1.04572E+12,1.1117E+12,1.14119E+12,1.12274E+12,1.13179E+12,1.15355E+12,1.17902E+12,1.15787E+12,1.2001E+12,1.23912E+12,1.27456E+12,1.31823E+12
North Macedonia,MKD,"GDP per capita, PPP (current international $)",NY.GDP.PCAP.PP.CD,5346.513001,5205.65442,5032.180718,4827.652296,4878.531893,4910.835513,5024.758449,5225.735723,5448.05722,5724.471736,6152.588261,6051.691015,6395.193475,6609.043278,7230.39505,7972.31077,8890.339795,9639.005488,10924.32767,11526.12448,11993.53151,12420.83167,12725.92583,13662.81058,14485.12426,15038.18595,16457.19424,17160.88944,18460.11936,20222.1972,19961.96459,22142.97287,24065.6148,24386.60989,26587.03259
North Macedonia,MKD,"GDP, PPP (constant 2021 international $)",NY.GDP.MKTP.PP.KD,26629380855,24986143637,23345753665,21601995983,21222196995,20985627288,21234328773,21540099144,22267882152,23234091774,24291042157,23545973557,23897671635,24428821680,25570646689,26778626705,28154251497,29976813267,31617144906,31503761127,32561893974,33323805187,33171787578,34142147837,35381208552,36745460239,37792046345,38200870400,39301283416,40838128481,38923453243,40679165465,41801456515,42667809295,43843840436
Northern Mariana Islands,MNP,"GDP per capita, PPP (current international $)",NY.GDP.PCAP.PP.CD,..,..,..,..,..,..,..,..,..,..,..,..,..,..,..,..,..,..,..,..,..,..,..,..,..,..,..,..,..,..,..,..,..,..,..
Northern Mariana Islands,MNP,"GDP, PPP (constant 2021 international $)",NY.GDP.MKTP.PP.KD,..,..,..,..,..,..,..,..,..,..,..,..,..,..,..,..,..,..,..,..,..,..,..,..,..,..,..,..,..,..,..,..,..,..,..
Norway,NOR,"GDP per capita, PPP (current international $)",NY.GDP.PCAP.PP.CD,18448.55264,19567.25333,20609.24068,21569.25027,23012.11229,24344.30047,26816.31384,28603.36705,28198.43177,30573.73422,36986.4942,37833.48041,38056.24043,38684.70968,42672.93753,47966.86401,54369.17665,56181.30457,62072.75399,55618.63376,58219.61435,62460.09082,65774.35207,67377.92623,66332.46144,60754.18169,59280.1992,64589.55592,70253.84637,70939.60552,67110.60457,88984.13867,123150.1729,100437.3267,101031.5875
Norway,NOR,"GDP, PPP (constant 2021 international $)",NY.GDP.MKTP.PP.KD,2.42217E+11,2.49688E+11,2.58613E+11,2.65971E+11,2.79417E+11,2.91029E+11,3.05661E+11,3.21814E+11,3.30402E+11,3.37248E+11,3.48442E+11,3.55644E+11,3.60544E+11,3.6395E+11,3.78561E+11,3.88726E+11,3.98295E+11,4.09901E+11,4.11877E+11,4.03885E+11,4.07063E+11,4.11564E+11,4.2275E+11,4.27046E+11,4.35793E+11,4.43887E+11,4.49057E+11,4.60121E+11,4.63935E+11,4.69148E+11,4.63152E+11,4.81255E+11,4.96877E+11,4.97236E+11,5.0768E+11
Oman,OMN,"GDP per capita, PPP (current international $)",NY.GDP.PCAP.PP.CD,26904.00221,28108.66144,29772.90443,30986.52626,31924.7751,33598.33315,34660.62481,36808.93479,36665.64185,36791.57668,39443.26074,41679.01509,41511.02853,40934.69572,42141.6369,43672.52032,46091.18224,48626.92204,52841.18895,55127.46777,55667.46878,52393.31358,49989.44251,47013.47309,44235.83363,36058.16661,33333.86359,33619.4989,37780.33083,37250.61108,35163.32818,38719.45877,42616.3349,41851.18796,41664.1795
Oman,OMN,"GDP, PPP (constant 2021 international $)",NY.GDP.MKTP.PP.KD,62093919316,65865552351,71407403693,75722525017,78657359080,82587725352,85103297840,90238015959,90176767724,90445129903,96045863748,1.00477E+11,99688716081,97500882043,99443601850,1.02208E+11,1.0698E+11,1.12309E+11,1.22361E+11,1.2968E+11,1.32886E+11,1.36732E+11,1.48851E+11,1.56633E+11,1.58657E+11,1.66617E+11,1.75025E+11,1.75557E+11,1.77816E+11,1.7581E+11,1.69868E+11,1.74254E+11,1.88169E+11,1.90403E+11,1.93591E+11
Pakistan,PAK,"GDP per capita, PPP (current international $)",NY.GDP.PCAP.PP.CD,1895.26267,1991.57964,2132.019417,2160.189667,2223.514284,2314.907985,2400.634517,2398.013575,2419.077854,2474.816477,2565.199588,2643.766275,2687.829936,2821.73137,3048.357091,3292.602233,3514.813652,3672.185275,3721.332936,3777.090986,3785.701135,3879.597769,4046.598488,4173.938586,4312.9907,4480.263135,4630.731507,4789.536466,4979.373496,5037.534016,5048.021306,5367.273647,5920.274307,6036.641925,6286.979927
Pakistan,PAK,"GDP, PPP (constant 2021 international $)",NY.GDP.MKTP.PP.KD,3.71666E+11,3.90479E+11,4.20568E+11,4.27961E+11,4.43956E+11,4.65987E+11,4.88572E+11,4.93528E+11,5.06114E+11,5.24639E+11,5.46989E+11,5.66961E+11,5.81673E+11,6.13091E+11,6.61103E+11,7.09209E+11,7.52128E+11,7.85558E+11,8.02216E+11,8.30073E+11,8.42538E+11,8.65119E+11,8.91312E+11,9.30234E+11,9.68526E+11,1.00938E+12,1.07573E+12,1.12342E+12,1.19253E+12,1.22231E+12,1.20674E+12,1.28534E+12,1.34676E+12,1.34622E+12,1.38977E+12
Palau,PLW,"GDP per capita, PPP (current international $)",NY.GDP.PCAP.PP.CD,9604.248702,10179.26808,9516.36178,8343.802042,8927.049614,9857.845073,10794.17102,10951.22922,11042.11726,10382.35939,10191.70708,10998.82441,11639.2179,11395.2932,12063.8577,12867.53318,13400.74765,14216.37508,13905.26942,13183.26298,13448.93328,14682.76678,15410.46138,15297.61926,16244.77752,17685.05961,17747.6069,17461.77776,17879.44983,18227.26702,17367.26764,15663.17159,16581.02179,17531.69265,..
Palau,PLW,"GDP, PPP (constant 2021 international $)",NY.GDP.MKTP.PP.KD,272252343,285606932.8,267327975.9,234446530.4,251561199.2,278981341.2,307995521.7,315079391.6,321380933.1,304026335.7,296109786.4,315358211.2,331177045.6,320502291.9,333126953.8,344499792.8,344073578,350108735.3,330873843.1,306850496.2,304101435.3,319666198.9,323672934.7,313845490.1,328815918.2,355778757.2,354213368.8,342665947.6,343042908.7,343729046.3,323107249.2,278538180.3,274865857.3,280025177.3,..
Panama,PAN,"GDP per capita, PPP (current international $)",NY.GDP.PCAP.PP.CD,5136.526064,5688.366859,6164.733705,6518.340802,6707.615246,6827.518618,6420.512571,6894.69106,7407.549865,7748.83599,8097.295783,8197.15763,8370.303371,8800.566641,9591.602883,10511.02203,11684.55503,13332.86611,14705.37145,14765.73802,15572.57872,17473.76514,19473.25148,21923.67509,24376.08087,27245.27885,30276.70884,33533.32601,32463.54036,33239.73323,27017.00337,30932.76278,36245.14566,39803.31895,41404.76243
Panama,PAN,"GDP, PPP (constant 2021 international $)",NY.GDP.MKTP.PP.KD,27836330177,30458235723,32956322800,34754335522,35744885208,36371020782,34274225647,36916439412,40012795477,42098120671,43870032876,44286757894,45397843441,47711708103,51612451960,55883993113,61392611712,69467622068,76551536001,77785442697,82509658742,92335632700,1.01225E+11,1.07627E+11,1.12606E+11,1.18536E+11,1.23956E+11,1.31076E+11,1.36212E+11,1.40438E+11,1.15411E+11,1.34415E+11,1.48891E+11,1.59908E+11,1.64484E+11
Papua New Guinea,PNG,"GDP per capita, PPP (current international $)",NY.GDP.PCAP.PP.CD,1703.235708,1868.818271,2100.461901,2450.955876,2557.718638,2435.650412,2578.192203,2432.071614,2284.933581,2279.546543,2195.957833,2167.758886,2125.387201,2141.940887,2186.540082,2321.909162,2443.802252,2622.374687,2583.480943,2692.435093,2911.892032,2918.543918,3025.855996,3109.895372,3499.548468,3669.738716,3812.710351,3923.171977,3909.91573,4059.828602,3899.577192,3976.903801,4419.61927,4667.835671,4888.554831
Papua New Guinea,PNG,"GDP, PPP (constant 2021 international $)",NY.GDP.MKTP.PP.KD,12329045967,13506087374,15376556931,18175441793,19255446366,18617619568,20057449631,19274328642,18547857373,18892022882,18420696762,18398354555,18369119472,18766646046,19277319466,20500426045,21609487633,23298309983,23229240315,24808926563,27321687296,27624286902,28910782981,30016604913,34081985031,36324019448,38318053068,39672447117,39561660902,41334226882,40024993335,39820324163,42093102631,43697222882,45486636832
Paraguay,PRY,"GDP per capita, PPP (current international $)",NY.GDP.PCAP.PP.CD,5636.78807,5872.940329,5951.800799,6233.76114,6542.408177,6966.447733,7040.019164,7298.842318,7226.700957,7079.866492,6937.17672,6916.493308,6924.183349,7275.93316,7685.658148,8006.709782,8560.739251,9178.944216,9867.396953,9801.649331,10893.31492,11441.76368,10954.32516,12137.00819,12607.07216,12679.05748,13329.13734,13977.34278,14139.09313,14149.59852,14308.87877,15406.16706,16347.0435,17564.49124,18523.68102
Paraguay,PRY,"GDP, PPP (constant 2021 international $)",NY.GDP.MKTP.PP.KD,40206049896,41610708621,42316604337,44405504020,46766952160,49957772591,50744000588,52896822984,52932812795,52209708378,51001502336,50576121900,50565296388,52750094148,54890386155,56061467420,58756407858,61941958706,65965889288,65793627727,73093582884,76226645174,75686927664,81963702467,86308793894,88861075890,92653689565,97110405095,1.00222E+11,99819318099,99001013912,1.02978E+11,1.03159E+11,1.08316E+11,1.12919E+11
Peru,PER,"GDP per capita, PPP (current international $)",NY.GDP.PCAP.PP.CD,3366.656961,3483.538981,3472.230659,3666.233189,4123.041876,4434.672452,4555.769595,4844.098199,4791.405701,4847.398267,5011.945407,5086.422478,5382.566413,5656.858161,6037.520251,6559.5433,7213.59606,7982.050084,8820.139011,8916.595775,9713.358633,10462.57704,10757.15222,11290.55474,11517.73717,11600.3874,12066.54607,12591.85629,13078.23235,13563.53729,12563.30381,15280.55121,16669.15615,17011.2278,17802.41825
Peru,PER,"GDP, PPP (constant 2021 international $)",NY.GDP.MKTP.PP.KD,1.39069E+11,1.42155E+11,1.41387E+11,1.48801E+11,1.67116E+11,1.79501E+11,1.84525E+11,1.96477E+11,1.95708E+11,1.98633E+11,2.03985E+11,2.05246E+11,2.16439E+11,2.25453E+11,2.36632E+11,2.51504E+11,2.7044E+11,2.93477E+11,3.20261E+11,3.23771E+11,3.50749E+11,3.72941E+11,3.95839E+11,4.19006E+11,4.28987E+11,4.42939E+11,4.60449E+11,4.72047E+11,4.90785E+11,5.01781E+11,4.4692E+11,5.0664E+11,5.20872E+11,5.18771E+11,5.35911E+11
Philippines,PHL,"GDP per capita, PPP (current international $)",NY.GDP.PCAP.PP.CD,2607.965745,2620.704377,2628.587545,2684.276594,2799.779882,2925.961014,3082.30966,3221.39171,3160.364748,3228.75117,3365.558335,3468.898883,3580.382455,3761.496246,4037.171938,4289.052237,4578.706309,4923.197186,5144.335782,5157.278251,5489.235435,5705.435912,6094.268373,6372.833821,6688.739612,6894.267022,7382.667584,7773.798536,8357.743579,8924.101164,8238.36802,8857.789951,10131.34637,10985.82926,11794.13755
Philippines,PHL,"GDP, PPP (constant 2021 international $)",NY.GDP.MKTP.PP.KD,2.83126E+11,2.81891E+11,2.83068E+11,2.89244E+11,3.01895E+11,3.15858E+11,3.34369E+11,3.5171E+11,3.49902E+11,3.61612E+11,3.77459E+11,3.88969E+11,4.03424E+11,4.23946E+11,4.51796E+11,4.74126E+11,4.99332E+11,5.31885E+11,5.54993E+11,5.63031E+11,6.04327E+11,6.27643E+11,6.70931E+11,7.16223E+11,7.61688E+11,8.10043E+11,8.67956E+11,9.28114E+11,9.8697E+11,1.04736E+12,9.47668E+11,1.00182E+12,1.07777E+12,1.13725E+12,1.20199E+12
Poland,POL,"GDP per capita, PPP (current international $)",NY.GDP.PCAP.PP.CD,6180.985688,5920.677521,6188.891198,6555.735906,7035.257484,7709.490211,8307.205672,8965.018894,9520.081918,10080.68804,10718.91054,11176.4716,11841.26841,12330.47271,13414.85739,13935.55731,15208.12662,16833.85226,18372.37645,19290.12047,20993.24956,22808.50553,23728.14568,24433.89143,25459.73923,26995.34087,28359.69273,30170.2819,32345.10661,35882.36551,37089.30043,41059.58478,46077.38556,46757.54018,50378.06418
Poland,POL,"GDP, PPP (constant 2021 international $)",NY.GDP.MKTP.PP.KD,4.88636E+11,4.54355E+11,4.65782E+11,4.83195E+11,5.08769E+11,5.49113E+11,5.82575E+11,6.19621E+11,6.48257E+11,6.7872E+11,7.10323E+11,7.19087E+11,7.32758E+11,7.58576E+11,7.97193E+11,8.23188E+11,8.74244E+11,9.33346E+11,9.74262E+11,9.9974E+11,1.03142E+12,1.08563E+12,1.10204E+12,1.10958E+12,1.15308E+12,1.20418E+12,1.24068E+12,1.30461E+12,1.38609E+12,1.44958E+12,1.42008E+12,1.51845E+12,1.59825E+12,1.60224E+12,1.64908E+12
Portugal,PRT,"GDP per capita, PPP (current international $)",NY.GDP.PCAP.PP.CD,11771.91632,12730.94517,13173.16863,13193.73392,13568.92172,14396.84233,14916.44483,15785.79165,16686.94267,17718.15157,18879.05821,19530.67853,20356.6473,20852.24043,21478.42973,22725.27749,24682.56462,25738.93691,26665.8373,26458.1097,27295.10356,26803.23369,26476.21828,27966.08743,28764.5255,29615.95609,31589.26956,32970.83954,34896.79934,37865.56036,35966.7128,38657.66772,44557.28105,47426.48809,50616.59309
Portugal,PRT,"GDP, PPP (constant 2021 international $)",NY.GDP.MKTP.PP.KD,2.71449E+11,2.83307E+11,2.86393E+11,2.80542E+11,2.83248E+11,2.95379E+11,3.0573E+11,3.19185E+11,3.34531E+11,3.476E+11,3.60865E+11,3.67879E+11,3.70715E+11,3.67265E+11,3.73835E+11,3.76758E+11,3.8288E+11,3.92477E+11,3.9373E+11,3.81438E+11,3.88066E+11,3.81416E+11,3.65965E+11,3.62364E+11,3.6505E+11,3.70854E+11,3.78286E+11,3.90825E+11,4.0234E+11,4.13387E+11,3.7947E+11,4.00564E+11,4.28547E+11,4.39745E+11,4.48226E+11
Puerto Rico (US),PRI,"GDP per capita, PPP (current international $)",NY.GDP.PCAP.PP.CD,13409.93693,14082.92546,14964.35441,15896.11738,16758.75013,17723.98283,18260.04989,19301.20354,20479.5638,21779.45007,22938.03023,24881.97738,25467.36072,25967.78148,28993.07351,29350.30606,29955.58126,30587.99904,30782.45396,30533.6809,30908.79866,31697.21886,32077.61785,32279.40003,32391.06703,32323.54565,32245.84843,31866.62407,33706.59152,36217.72044,36858.60852,40559.47481,45327.51019,47433.23763,50155.54102
Puerto Rico (US),PRI,"GDP, PPP (constant 2021 international $)",NY.GDP.MKTP.PP.KD,94575186676,96754568944,1.0117E+11,1.05869E+11,1.10301E+11,1.15319E+11,1.17987E+11,1.23745E+11,1.30589E+11,1.37627E+11,1.4213E+11,1.51103E+11,1.52488E+11,1.5257E+11,1.65917E+11,1.62621E+11,1.60329E+11,1.58464E+11,1.55542E+11,1.52505E+11,1.51875E+11,1.51331E+11,1.51375E+11,1.5091E+11,1.49114E+11,1.47549E+11,1.45685E+11,1.41482E+11,1.35311E+11,1.37578E+11,1.31826E+11,1.32334E+11,1.36247E+11,1.36926E+11,1.41344E+11
Qatar,QAT,"GDP per capita, PPP (current international $)",NY.GDP.PCAP.PP.CD,55658.83704,54758.67346,60386.9792,59124.92537,59415.31324,60321.06115,62331.31616,79218.96394,84486.17034,84690.02175,88848.62703,89804.86028,93176.4527,94120.28807,110957.7354,115250.3059,127180.6038,124055.5787,126014.9189,125897.5197,151646.2174,174619.9114,180939.4258,169203.2611,148389.109,102545.9396,89934.69201,99358.34033,110032.7132,107502.4698,82149.35738,116832.5703,122920.4988,128918.5493,126110.1088
Qatar,QAT,"GDP, PPP (constant 2021 international $)",NY.GDP.MKTP.PP.KD,31509683796,30985919585,34496787790,34039658399,34522581898,35350860186,36897075197,47970640100,53352299488,55637946354,60104630487,62447621176,66932704049,69422572981,82764838509,88966207967,1.12249E+11,1.32438E+11,1.55831E+11,1.74463E+11,2.08644E+11,2.36551E+11,2.47739E+11,2.61504E+11,2.75453E+11,2.88547E+11,2.97388E+11,2.92935E+11,2.96552E+11,2.98593E+11,2.8797E+11,2.92655E+11,3.04903E+11,3.08522E+11,3.17064E+11
Romania,ROU,"GDP per capita, PPP (current international $)",NY.GDP.PCAP.PP.CD,5276.759253,4791.940873,4512.028805,4695.982395,4992.088957,5425.430044,5743.526491,5563.063837,5544.282916,5596.467727,5848.840986,6520.601053,7162.317314,7560.372298,8990.537276,9602.140134,11556.56925,13703.18955,16782.11664,16632.13177,17356.65886,18803.91625,19807.45796,19678.1283,20633.00931,21630.31437,23904.66829,26943.02364,29586.01465,33638.162,34385.76929,37730.37084,42214.6241,45769.61091,48712.17306
Romania,ROU,"GDP, PPP (constant 2021 international $)",NY.GDP.MKTP.PP.KD,3.7854E+11,3.29639E+11,3.00739E+11,3.05337E+11,3.17343E+11,3.37124E+11,3.50298E+11,3.33312E+11,3.26546E+11,3.25316E+11,3.33323E+11,3.50717E+11,3.70718E+11,3.79397E+11,4.18961E+11,4.38519E+11,4.73726E+11,5.07995E+11,5.55276E+11,5.24643E+11,5.04152E+11,5.26816E+11,5.36845E+11,5.38341E+11,5.605E+11,5.78195E+11,5.94731E+11,6.43472E+11,6.82858E+11,7.09649E+11,6.83573E+11,7.21482E+11,7.50091E+11,7.68126E+11,7.74376E+11
Russian Federation,RUS,"GDP per capita, PPP (current international $)",NY.GDP.PCAP.PP.CD,8027.789063,7857.85498,6862.414551,6419.536621,5734.421875,5613.280762,5517.858887,5699.947754,5465.056152,5914.326172,6825.391602,7361.36377,8037.474609,9254.537109,10226.7666,11822.34668,14912.23438,16648.24219,20163.60938,19389.94141,20490.12695,22789.54297,24273.51758,26019.72656,25688.22656,23994.01367,24012.40234,25777.9043,28628.5625,30963.85352,31490.80469,38638.42969,40938.98828,44268.73047,47404.96484
Russian Federation,RUS,"GDP, PPP (constant 2021 international $)",NY.GDP.MKTP.PP.KD,4.38635E+12,4.16497E+12,3.55975E+12,3.25118E+12,2.84251E+12,2.72473E+12,2.62241E+12,2.65913E+12,2.51819E+12,2.67936E+12,2.94729E+12,3.09761E+12,3.24319E+12,3.47995E+12,3.7305E+12,3.96925E+12,4.29473E+12,4.65978E+12,4.90209E+12,4.51973E+12,4.72312E+12,4.92621E+12,5.12445E+12,5.2144E+12,5.25279E+12,5.14917E+12,5.15914E+12,5.25334E+12,5.40081E+12,5.51953E+12,5.37306E+12,5.68827E+12,5.60659E+12,5.83548E+12,6.089E+12
Rwanda,RWA,"GDP per capita, PPP (current international $)",NY.GDP.PCAP.PP.CD,548.8163133,541.9657692,574.9312161,520.649889,310.8676174,513.763198,498.8819783,499.807343,527.9742519,554.2057727,609.2658555,669.8754364,759.6626129,774.5082373,832.2797193,914.2273664,1002.289494,1078.938852,1190.75758,1240.549726,1314.135595,1412.907522,1454.525079,1512.241713,1677.568697,1780.741716,1866.389685,1967.942866,2125.495227,2336.039673,2284.898898,2733.435668,3098.677006,3399.451746,3710.860404
Rwanda,RWA,"GDP, PPP (constant 2021 international $)",NY.GDP.MKTP.PP.KD,8282405774,8074154648,8548327566,7855170023,3908098919,5284690742,5958261346,6783465795,7384390610,7705751043,8350791444,9059319383,10254431466,10480273783,11260809714,12316837095,13453320986,14480253093,16096429954,17102176347,18356562228,19817448801,21529975256,22546157486,23936616479,26056648035,27612424111,28694326087,31138068964,34079802279,32930056262,36505744034,39485053448,42742532065,46542623256
Samoa,WSM,"GDP per capita, PPP (current international $)",NY.GDP.PCAP.PP.CD,2148.283522,2165.676113,2198.100886,2322.783123,2293.577955,2477.737298,2681.193181,2722.158119,2791.817662,2871.214476,3061.849867,3334.977916,3552.910667,3792.198477,3996.744636,4378.594432,4591.907025,4713.021234,4939.225584,4906.482543,5229.041912,5494.240631,5338.739793,5386.900631,5468.100585,5681.778128,6141.45089,6280.215005,6318.269773,6638.184548,6450.765384,6214.016928,6260.402383,7037.086617,7837.292434
Samoa,WSM,"GDP, PPP (constant 2021 international $)",NY.GDP.MKTP.PP.KD,674634233.4,659117562.5,657799412.1,684769128.9,667361609.5,711898941.9,763005944.9,767915315.9,784770210.3,801920848.2,842763035.4,905044311.4,956197046.6,1006040050,1037099125,1105954247,1129534598,1135023939,1175386579,1169019773,1240618960,1288371350,1240287654,1241618399,1249812134,1297934423,1401559728,1421269616,1412604887,1475492063,1429627219,1328426325,1257936160,1373775088,1503216991
San Marino,SMR,"GDP per capita, PPP (current international $)",NY.GDP.PCAP.PP.CD,..,..,..,..,..,..,..,44426.47544,47679.14662,52063.9463,53713.44833,57251.7956,57583.90694,60223.91285,61113.90187,63738.57387,67434.15601,71744.052,71723.62422,61969.82854,58926.14037,56239.95927,51274.21548,50770.36732,52909.22241,52247.20783,53033.05634,52463.41964,54460.90583,57444.11936,55206.58123,64745.13168,75941.48991,..,..
San Marino,SMR,"GDP, PPP (constant 2021 international $)",NY.GDP.MKTP.PP.KD,..,..,..,..,..,..,..,1726614183,1855516617,2023428998,2067527199,2182860956,2189645295,2274449528,2377910692,2435577570,2528862227,2708647200,2695078523,2416920639,2284626036,2094664554,1947105189,1931840427,1918271749,1962229053,2008231666,2013418235,2043496797,2085709007,1947052932,2217650250,2392810057,..,..
Sao Tome and Principe,STP,"GDP per capita, PPP (current international $)",NY.GDP.PCAP.PP.CD,1504.39524,1539.928255,1556.172303,1581.485693,1622.619327,1662.678441,1692.579514,1714.387682,1753.904945,1801.548614,1830.366299,1897.874111,1944.998385,2093.504934,2170.941219,2329.01423,2550.59554,2650.103876,2801.835793,2845.735894,2858.568991,2914.212857,2694.657265,2945.736643,3233.356881,3171.509058,3319.542617,3436.310101,3941.032809,4655.484964,5144.535603,5732.694561,6033.681172,6149.981461,6229.508333
Sao Tome and Principe,STP,"GDP, PPP (constant 2021 international $)",NY.GDP.MKTP.PP.KD,477556464.6,483291939.9,486674968.9,492028386.8,502853019.1,512910088,520603744.9,525790628.9,538935331.1,552408748,554885573.5,571889947.4,591106525.7,640118238.3,662765019.5,706604438.6,769252760.8,797264883.6,846924799.6,874893641.4,887566084.1,905312365.3,931955190.1,979668289,1027732877,1043556924,1097580037,1142723281,1192753169,1216778996,1248717735,1272434617,1274581195,1279325859,1290839800
Saudi Arabia,SAU,"GDP per capita, PPP (current international $)",NY.GDP.PCAP.PP.CD,46214.20313,49295.45888,50355.39023,49503.21607,48903.56336,48052.39358,48569.14762,48795.65684,48867.23435,47494.65,48643.5915,47380.78784,45466.01107,48078.10307,51225.30927,53548.17919,54638.74123,55029.85343,57236.03346,54787.33751,58828.70752,64125.21772,65033.61618,62202.88592,62578.07084,53930.82739,49937.06681,53120.45725,59377.80254,59560.25379,47518.48775,62690.49666,71968.07496,71564.80003,71243.43118
Saudi Arabia,SAU,"GDP, PPP (constant 2021 international $)",NY.GDP.MKTP.PP.KD,6.93737E+11,7.50767E+11,7.85157E+11,7.88139E+11,7.9565E+11,7.9813E+11,8.24505E+11,8.46333E+11,8.70062E+11,8.64551E+11,9.05342E+11,9.08462E+11,9.02208E+11,9.8132E+11,1.06602E+12,1.12939E+12,1.16681E+12,1.19264E+12,1.26704E+12,1.25352E+12,1.3167E+12,1.47152E+12,1.55631E+12,1.60215E+12,1.66663E+12,1.74421E+12,1.77394E+12,1.79491E+12,1.85283E+12,1.88343E+12,1.81177E+12,1.92989E+12,2.16149E+12,2.17321E+12,2.2125E+12
Senegal,SEN,"GDP per capita, PPP (current international $)",NY.GDP.PCAP.PP.CD,1513.077291,1560.859684,1572.890094,1587.776527,1578.094605,1656.26725,1679.114941,1719.047998,1798.392,1893.032837,1963.275099,2043.852895,2026.777824,2130.507975,2236.294009,2350.20037,2422.097618,2499.315829,2580.719492,2605.722803,2662.504866,2684.949897,2764.261307,2768.768187,2853.804563,2994.280327,3101.123485,3234.361582,3380.215965,3647.951374,3752.919475,4173.677414,4530.220595,4777.614519,5110.399698
Senegal,SEN,"GDP, PPP (constant 2021 international $)",NY.GDP.MKTP.PP.KD,22569745552,23170092355,23475991569,23795315060,23784007300,25084655922,25591360255,26370770987,27926245460,29680937545,30834698202,32163936241,32186031764,33986502592,35564595806,37097514716,37962172825,39035408702,40480955881,41595034083,43005475624,43579207838,45323681589,46417063410,49306095988,52445436642,55778904558,59910719208,63630720169,66566404953,67459775215,71874343647,74641816330,77819640032,83182975384
Serbia,SRB,"GDP per capita, PPP (current international $)",NY.GDP.PCAP.PP.CD,..,..,..,..,..,5021.094934,5432.564292,6038.651605,6458.942134,5895.287442,6414.340959,6803.49185,7562.72725,8023.956583,8716.29241,9397.618528,10465.56308,11685.82205,13122.50307,13031.21452,13321.50669,14298.32378,14506.17927,15246.98912,15296.17628,15550.4859,16455.04762,17285.2171,18468.6661,20586.99394,21012.82518,23404.99711,26240.29787,28743.84482,31867.23896
Serbia,SRB,"GDP, PPP (constant 2021 international $)",NY.GDP.MKTP.PP.KD,..,..,..,..,..,72043035459,76484461156,83316980691,87768308824,78705785762,83471493702,89129624837,94959636555,99289501144,1.05929E+11,1.12182E+11,1.16558E+11,1.25687E+11,1.32174E+11,1.2802E+11,1.30082E+11,1.30153E+11,1.29575E+11,1.3016E+11,1.27812E+11,1.29468E+11,1.3332E+11,1.36471E+11,1.42816E+11,1.496E+11,1.48179E+11,1.59957E+11,1.64166E+11,1.70482E+11,1.77093E+11
Seychelles,SYC,"GDP per capita, PPP (current international $)",NY.GDP.PCAP.PP.CD,8954.945151,9387.464913,10242.98868,11019.56602,10691.77248,10808.81002,11930.79889,13457.57682,13674.54811,13852.8795,14637.95907,14614.83299,14569.62565,14141.723,14160.40717,15846.0514,17503.1965,19473.42068,18880.57486,18453.44107,18981.65865,21780.70756,22263.82216,22487.24977,24984.52692,25435.22899,28811.39703,30674.64873,32091.29887,34219.06137,31055.94421,29979.82727,29972.87583,31780.78383,33238.58003
Seychelles,SYC,"GDP, PPP (constant 2021 international $)",NY.GDP.MKTP.PP.KD,1075888256,1105587358,1184891625,1271428654,1240449420,1246466055,1371087057,1538272501,1576228467,1605735544,1674030662,1636010699,1655852775,1558370594,1513949958,1650292684,1805521335,1965780609,1912194486,1864783995,1948794977,2134121157,2200506805,2228095328,2318638256,2525321875,2831328442,3028223614,3177801893,3353035171,2959393508,2975737695,3353967909,3429742537,3548606461
Sierra Leone,SLE,"GDP per capita, PPP (current international $)",NY.GDP.PCAP.PP.CD,1382.021621,1445.336653,1220.170573,1269.075267,1266.065837,1187.477204,1224.55526,1157.439293,1179.673091,1166.642306,1242.074318,1121.242599,1359.917254,1457.801678,1541.005714,1614.503621,1697.696804,1769.779721,1824.244984,1814.070869,1900.385152,2042.700091,2317.1914,2700.738078,2762.045537,2560.049858,2634.925243,2501.453155,2640.475668,2705.138547,2721.341845,2851.952081,3146.792944,3371.347542,3515.562713
Sierra Leone,SLE,"GDP, PPP (constant 2021 international $)",NY.GDP.MKTP.PP.KD,11356748561,11623854903,9413821861,9543219544,9357376294,8608809358,8759792402,8244972329,8392146128,8226041498,8773297815,8216592097,10395972080,11381887755,12119302729,12646916561,13188597972,13683138486,14187507139,14404689958,15320203934,16561240828,18313143811,20998459387,19357426610,18512797700,19704547302,20336641766,20925154977,22076605442,21799908521,23085417016,24312073257,25700297964,26728309890
Singapore,SGP,"GDP per capita, PPP (current international $)",NY.GDP.PCAP.PP.CD,23815.15973,25530.3667,27021.84088,30062.13917,33057.5377,35090.06875,36872.70358,39286.43216,37559.61216,39948.78013,43781.26915,43109.06419,45083.25299,48778.29833,54383.80623,58821.69347,64060.5686,68804.98322,67735.34809,66212.96256,75400.5558,80052.3915,82107.72709,83088.31854,84555.24461,87156.18738,89901.81592,95744.18216,103963.3633,105335.292,101518.318,132617.354,143094.9499,143786.1363,150689.3016
Singapore,SGP,"GDP, PPP (constant 2021 international $)",NY.GDP.MKTP.PP.KD,1.38851E+11,1.48138E+11,1.57974E+11,1.76077E+11,1.95614E+11,2.0965E+11,2.25314E+11,2.44052E+11,2.38705E+11,2.52355E+11,2.75163E+11,2.72217E+11,2.82897E+11,2.95764E+11,3.25162E+11,3.49115E+11,3.80559E+11,4.14891E+11,4.22622E+11,4.23163E+11,4.84605E+11,5.14723E+11,5.37554E+11,5.63451E+11,5.85626E+11,6.03059E+11,6.25659E+11,6.53669E+11,6.76234E+11,6.85079E+11,6.58945E+11,7.23237E+11,7.52948E+11,7.66662E+11,8.00304E+11
Sint Maarten (Dutch part),SXM,"GDP per capita, PPP (current international $)",NY.GDP.PCAP.PP.CD,..,..,..,..,..,..,..,..,..,..,..,..,..,..,..,..,..,..,..,36454.08824,37736.40568,39730.54673,35520.51387,36178.18702,43514.23654,44587.59115,44845.10687,44479.29671,41653.2009,45715.69705,38901.48676,40507.06724,47005.46922,49826.11463,52084.79244
Sint Maarten (Dutch part),SXM,"GDP, PPP (constant 2021 international $)",NY.GDP.MKTP.PP.KD,..,..,..,..,..,..,..,..,..,..,..,..,..,..,..,..,..,..,..,1707402664,1762039425,1843093299,1868722332,1893141507,1923060379,1925095229,1943725499,1797261624,1674023700,1857580414,1610210355,1683919292,1848943402,1919203251,1986375365
Slovak Republic,SVK,"GDP per capita, PPP (current international $)",NY.GDP.PCAP.PP.CD,8632.672996,7618.053939,7265.583707,7564.174481,8172.848585,8806.029307,9496.042447,10134.72363,10665.70894,10725.6434,11367.56959,12368.65821,13291.78647,14090.07279,15167.92553,16570.25742,18909.77617,21233.03735,23714.13536,23065.37548,25384.49114,26201.65028,27022.77473,28075.43262,29108.07218,30156.0271,29867.98034,30245.78259,31509.81873,33985.67584,35327.94392,38346.09358,41096.0185,43949.85721,47180.84877
Slovak Republic,SVK,"GDP, PPP (constant 2021 international $)",NY.GDP.MKTP.PP.KD,92847006327,79315666838,73984473341,75391161406,80069582935,84748444450,89934692277,94868365767,98498131648,98031978199,98805670567,1.01696E+11,1.06188E+11,1.11345E+11,1.17346E+11,1.24956E+11,1.36109E+11,1.50834E+11,1.58924E+11,1.50175E+11,1.60373E+11,1.64482E+11,1.67063E+11,1.68238E+11,1.72794E+11,1.81739E+11,1.85279E+11,1.90605E+11,1.98348E+11,2.02862E+11,1.97617E+11,2.08881E+11,2.09794E+11,2.14343E+11,2.18762E+11
Slovenia,SVN,"GDP per capita, PPP (current international $)",NY.GDP.PCAP.PP.CD,13481.83037,12689.39088,12287.47737,12967.26681,13965.88404,13628.19808,14279.02103,15253.30505,15992.44359,17006.74265,17887.77974,18765.44811,20004.2991,20918.24326,22590.79213,23682.37108,25576.51932,27469.0413,29460.94142,27214.46531,27582.49774,28715.634,28786.71055,29634.06576,30571.9753,31344.62897,33575.17754,36180.03845,38620.20454,42373.25064,41767.25799,45914.05724,51079.17807,53952.20473,56530.62968
Slovenia,SVN,"GDP, PPP (constant 2021 international $)",NY.GDP.MKTP.PP.KD,50656201416,46147744817,43626371509,44866852182,47257127336,49198052390,50631495578,53249821487,54881303340,57772454244,59793288141,61484651791,63502936957,65531875588,68510969164,71151469412,75355654131,80735468570,83458061255,77123105224,77980819962,78491935989,76203473909,75575727661,77663759014,79522490584,81935532861,86175206839,89948891080,93101827575,89298617034,96790459871,99403065465,1.01503E+11,1.03118E+11
Solomon Islands,SLB,"GDP per capita, PPP (current international $)",NY.GDP.PCAP.PP.CD,1266.288496,1345.82244,1505.203729,1555.55102,1667.65156,1820.513835,1830.051989,1792.692829,1785.438492,1754.07161,1502.900891,1387.20798,1343.750896,1433.107714,1556.478409,1693.181842,1786.146441,1868.761071,1989.02116,2021.459146,2182.216008,2306.275067,2320.44909,2394.47004,2377.380531,2353.787282,2421.19012,2454.044224,2493.977692,2511.997887,2405.302562,2518.421624,2697.440432,2800.823718,2872.478762
Solomon Islands,SLB,"GDP, PPP (constant 2021 international $)",NY.GDP.MKTP.PP.KD,779674239.4,826454705.9,931414439.1,968671012.4,1047133376,1152774635,1171333242,1160626352,1175615984,1169905656,1002878230,923083159.4,897236989,955767946.5,1029202465,1104929555,1150654638,1192534697,1266781544,1303065561,1429572224,1535788720,1573661291,1656085581,1675780040,1703868563,1798513887,1853824449,1904730383,1938035862,1872508010,1920525664,1966665937,2018907701,2070174671
Somalia,SOM,"GDP per capita, PPP (current international $)",NY.GDP.PCAP.PP.CD,..,469.0717958,460.5769607,476.6386571,380.2753569,389.4317367,413.1852812,410.594586,424.6008564,443.8031869,467.0609221,491.52733,517.4752061,547.3741548,580.2849555,619.1582984,659.1375805,700.174058,739.2094693,773.7808622,815.131436,881.3831131,1002.932266,944.4045673,1127.719222,1341.389997,1468.504385,1596.814092,1551.614614,1548.097928,1454.333481,1392.46426,1486.757657,1556.523088,1600.763621
Somalia,SOM,"GDP, PPP (constant 2021 international $)",NY.GDP.MKTP.PP.KD,..,5702889587,5218809871,5427071511,4458502628,4636423475,5009470805,5068607200,5402450671,5797817975,6210061057,6651615917,7159151991,7705414423,8253293608,8840128724,9413532247,10043707224,10716068332,11433439659,12198834347,13015467249,13886768431,15408660852,16792051333,18548867333,19853756519,22779365499,23247325438,23903902758,23245952366,24049850384,24705717292,25747405283,26770174821
South Africa,ZAF,"GDP per capita, PPP (current international $)",NY.GDP.PCAP.PP.CD,6381.673364,6382.806793,6275.013265,6374.779125,6611.288645,6875.188386,7208.006032,7433.357859,7463.444551,7666.716163,8095.294289,8428.316817,8792.355886,9138.828239,9713.653485,10440.62751,11250.17956,12046.60511,12525.26303,12261.41159,12637.29122,13143.19334,12986.79767,13369.4382,13358.94172,13397.52348,13519.32351,13738.43859,13347.36348,13361.48513,12671.08624,13711.29357,14759.43507,15194.19918,15457.48914
South Africa,ZAF,"GDP, PPP (constant 2021 international $)",NY.GDP.MKTP.PP.KD,4.41053E+11,4.36562E+11,4.27233E+11,4.32503E+11,4.46343E+11,4.6018E+11,4.79967E+11,4.92447E+11,4.94909E+11,5.06787E+11,5.28072E+11,5.4233E+11,5.62398E+11,5.78983E+11,6.05353E+11,6.37298E+11,6.73011E+11,7.09088E+11,7.31715E+11,7.20461E+11,7.42361E+11,7.65883E+11,7.84235E+11,8.03727E+11,8.15091E+11,8.25865E+11,8.31353E+11,8.4098E+11,8.54072E+11,8.56292E+11,8.03468E+11,8.4328E+11,8.59399E+11,8.65402E+11,8.7042E+11
South Sudan,SSD,"GDP per capita, PPP (current international $)",NY.GDP.PCAP.PP.CD,..,..,..,..,..,..,..,..,..,..,..,..,..,..,..,..,..,..,2887.374159,2911.042973,2948.050015,2718.048479,1417.385664,1916.853559,1372.756185,1154.886863,..,..,..,..,..,..,..,..,..
South Sudan,SSD,"GDP, PPP (constant 2021 international $)",NY.GDP.MKTP.PP.KD,..,..,..,..,..,..,..,..,..,..,..,..,..,..,..,..,..,..,..,..,..,..,..,..,..,..,..,..,..,..,..,..,..,..,..
Spain,ESP,"GDP per capita, PPP (current international $)",NY.GDP.PCAP.PP.CD,13666.53799,14451.59178,14845.39592,14962.72312,15572.12759,16265.11619,16964.93523,17899.19393,19081.57654,19938.17868,21577.59731,22954.82049,24377.84171,25060.51538,26163.30462,27629.7077,30755.29879,32537.34354,33349.94258,32201.47735,31808.21799,32015.5752,31869.78398,32613.68918,33760.95556,35238.06914,37612.71887,39825.24981,41015.15658,44042.75758,39327.84793,44251.66582,50468.09669,53229.92202,56926.2399
Spain,ESP,"GDP, PPP (constant 2021 international $)",NY.GDP.MKTP.PP.KD,1.23494E+12,1.26638E+12,1.27815E+12,1.26497E+12,1.29511E+12,1.33082E+12,1.36552E+12,1.41451E+12,1.47536E+12,1.54041E+12,1.62052E+12,1.68403E+12,1.73043E+12,1.78129E+12,1.83677E+12,1.902E+12,1.97891E+12,2.04883E+12,2.06455E+12,1.98676E+12,1.98863E+12,1.9759E+12,1.91929E+12,1.89189E+12,1.92066E+12,1.99865E+12,2.05692E+12,2.11649E+12,2.16719E+12,2.20969E+12,1.96795E+12,2.09947E+12,2.2292E+12,2.28885E+12,2.36095E+12
Sri Lanka,LKA,"GDP per capita, PPP (current international $)",NY.GDP.PCAP.PP.CD,2527.442953,2712.722802,2850.950075,3067.382927,3260.468925,3454.275012,3581.652766,3803.883596,3952.041044,4103.380451,4367.80359,4328.191411,4522.327696,4849.860234,5215.880244,5678.746478,6260.679902,6820.3931,7316.586265,7575.579887,8233.626638,9075.545496,10249.16706,11252.63115,11720.59781,12227.17148,13078.56051,13610.47231,14178.02254,14112.9525,12940.90433,14316.13522,14193.65462,14455.65444,15632.59248
Sri Lanka,LKA,"GDP, PPP (constant 2021 international $)",NY.GDP.MKTP.PP.KD,74593031180,78024301099,81457363522,87077973128,91954268850,97011832013,1.00698E+11,1.07148E+11,1.12183E+11,1.17007E+11,1.24028E+11,1.22111E+11,1.26952E+11,1.34493E+11,1.41817E+11,1.50669E+11,1.62222E+11,1.73248E+11,1.83557E+11,1.90053E+11,2.05287E+11,2.23084E+11,2.42341E+11,2.52161E+11,2.68243E+11,2.79525E+11,2.93652E+11,3.12624E+11,3.19845E+11,3.1914E+11,3.04382E+11,3.17188E+11,2.93878E+11,2.87031E+11,3.01407E+11
St. Kitts and Nevis,KNA,"GDP per capita, PPP (current international $)",NY.GDP.PCAP.PP.CD,8983.490694,9130.827759,9652.199762,10418.23823,11061.60243,11746.82432,12498.09412,13408.87665,13318.76269,13753.65772,15256.43059,16235.42466,16619.16551,16225.67441,17275.86399,19500.32366,20676.18808,21301.24003,24102.19938,23384.7351,23691.44779,24550.16519,23457.89389,24624.43623,26755.59698,26877.4665,28214.70993,29578.63116,30794.89865,32482.09442,27326.03606,26896.61771,31831.04581,34367.80266,35544.80754
St. Kitts and Nevis,KNA,"GDP, PPP (constant 2021 international $)",NY.GDP.MKTP.PP.KD,579230492.4,568429644.3,592695757.1,633010622.7,666571067.4,702453538.9,743496761.4,794232733.4,790366839.1,815815753.6,897746566.8,944909232.2,957832898.2,920157548.2,956930233.7,1050066538,1083147636,1089653046,1212969472,1171671013,1171036035,1189967090,1181189455,1248839493,1343463637,1352789095,1405990275,1409096686,1437328298,1479560547,1253159832,1257766534,1387849831,1447923712,1464812876
St. Lucia,LCA,"GDP per capita, PPP (current international $)",NY.GDP.PCAP.PP.CD,6950.844359,7126.930912,7752.548645,7865.459148,8040.756022,8222.223231,8489.826899,8456.381639,8965.134001,9214.180512,9313.732797,9105.82559,9205.184163,9707.068189,10610.29669,10818.31043,11758.31947,12199.25812,12968.54573,12600.2079,12717.7866,13471.26664,13443.42625,14009.98446,14403.08327,14353.22248,15306.72581,16130.97211,17433.30103,18709.91107,14912.15958,19101.1653,24599.3733,25974.50929,27567.32808
St. Lucia,LCA,"GDP, PPP (constant 2021 international $)",NY.GDP.MKTP.PP.KD,2374193749,2383113073,2572643852,2587647504,2629012606,2674973685,2753152144,2734041685,2905916428,2983521934,2984976358,2883246455,2895253749,3018725073,3238108166,3224822056,3424608079,3482539385,3654901471,3551507980,3563228615,3717407479,3713364570,3645826785,3694246654,3698011750,3824774865,3954045607,4068190166,4039699719,3055569354,3409978231,4105219705,4195940248,4359235763
St. Martin (French part),MAF,"GDP per capita, PPP (current international $)",NY.GDP.PCAP.PP.CD,..,..,..,..,..,..,..,..,..,..,..,..,..,..,..,..,..,..,..,..,..,..,..,..,..,..,..,..,..,..,..,..,..,..,..
St. Martin (French part),MAF,"GDP, PPP (constant 2021 international $)",NY.GDP.MKTP.PP.KD,..,..,..,..,..,..,..,..,..,..,..,..,..,..,..,..,..,..,..,..,..,..,..,..,..,..,..,..,..,..,..,..,..,..,..
St. Vincent and the Grenadines,VCT,"GDP per capita, PPP (current international $)",NY.GDP.PCAP.PP.CD,3960.376793,4125.674914,4477.371983,4768.753369,4802.014282,5277.443867,5439.809988,5726.46458,6025.601228,6266.195081,6502.900236,6768.193708,7250.392744,7902.627309,8471.962463,8985.696861,9949.489388,10604.34802,10901.56487,10868.53509,10561.30803,10773.61447,10988.50261,11624.86251,12135.58305,12378.84273,13493.47731,13575.43198,14689.85007,15339.55603,15336.59878,16200.89946,18035.27329,19819.86903,21272.08007
St. Vincent and the Grenadines,VCT,"GDP, PPP (constant 2021 international $)",NY.GDP.MKTP.PP.KD,834942552.4,844423953,898280811.3,936464310.2,924780762.7,996605250.1,1009440649,1044823066,1087558367,1117034577,1135343131,1155191551,1216903352,1298330452,1351752840,1385391984,1482326840,1531584095,1537781509,1516587903,1448789327,1440005656,1456840937,1492715415,1511378154,1553442245,1617846899,1641286760,1693407651,1704726870,1631953369,1666116701,1717946810,1809450922,1882947831
Sudan,SDN,"GDP per capita, PPP (current international $)",NY.GDP.PCAP.PP.CD,1467.993286,1598.869019,1709.705444,1793.81897,1805.203491,1902.430054,2005.609619,2358.260986,2427.795654,2475.06665,2616.4646,2769.422852,2898.138672,3058.10376,3215.236328,3407.351807,3637.32666,3836.489014,3937.526855,3731.614746,3805.627441,4112.21875,3710.376953,3724.959961,4260.571777,4217.010254,4470.35498,4252.421387,4199.250488,3914.225586,3348.578369,3248.975586,3355.378174,2420.657959,2127.400391
Sudan,SDN,"GDP, PPP (constant 2021 international $)",NY.GDP.MKTP.PP.KD,65832468680,70777086386,75432705021,78879036120,79672740052,84450787779,89449534427,1.0583E+11,1.1039E+11,1.13816E+11,1.21039E+11,1.28907E+11,1.3665E+11,1.45243E+11,1.5271E+11,1.61328E+11,1.71866E+11,1.81722E+11,1.88713E+11,1.8349E+11,1.90569E+11,1.84445E+11,1.53081E+11,1.56074E+11,1.63349E+11,1.66469E+11,1.72242E+11,1.73464E+11,1.68813E+11,1.65136E+11,1.59142E+11,1.56168E+11,1.54672E+11,1.09147E+11,94419727847
Suriname,SUR,"GDP per capita, PPP (current international $)",NY.GDP.PCAP.PP.CD,6492.700496,6851.644616,6992.412606,6650.481846,6973.159469,6999.533875,7047.637076,7421.594154,7520.861783,7367.331915,7535.452942,7865.102623,8045.759827,8551.637429,9388.818908,10013.91961,10802.54818,11530.15655,12097.34912,12392.93336,13039.44912,13926.22262,15184.92547,16172.6962,16597.58535,16543.57431,14475.30696,17567.68024,17855.47871,19771.54739,16946.89424,18458.235,20078.83655,21135.54564,22066.73207
Suriname,SUR,"GDP, PPP (constant 2021 international $)",NY.GDP.MKTP.PP.KD,7069161062,7260028349,7289068463,6800701011,7031924770,7031924770,7102244104,7507071853,7679734630,7572218309,7731234808,8055946702,8281513265,8803248554,9551524698,9981343329,10559616805,11099370328,11559262394,11907623767,12523108019,13255630651,13612253477,14011560990,14047360953,13567918528,12901508432,13103550934,13751950156,13912516520,11689965333,11405269573,11679705720,11976319643,12316397542
Sweden,SWE,"GDP per capita, PPP (current international $)",NY.GDP.PCAP.PP.CD,20381.8091,20688.10335,20792.10413,20724.55617,21842.94471,23068.85863,23942.84843,24811.03004,25895.35203,27496.43984,29629.89865,29949.21545,30987.26749,31791.57777,33809.3855,34198.38646,37679.72054,40814.29165,41906.69902,40073.14815,41956.12901,44332.52174,45206.98644,46098.23214,46841.40197,48785.15519,50289.76871,51474.11991,53122.43868,57046.44631,57489.26572,62731.70062,66375.61646,67258.8461,71030.46017
Sweden,SWE,"GDP, PPP (constant 2021 international $)",NY.GDP.MKTP.PP.KD,3.44111E+11,3.40168E+11,3.36227E+11,3.29282E+11,3.42504E+11,3.56527E+11,3.62606E+11,3.73719E+11,3.89586E+11,4.05953E+11,4.24753E+11,4.30533E+11,4.40339E+11,4.48622E+11,4.67372E+11,4.80426E+11,5.02891E+11,5.19109E+11,5.14317E+11,4.9243E+11,5.20748E+11,5.37224E+11,5.34997E+11,5.41084E+11,5.53506E+11,5.77917E+11,5.91496E+11,6.02292E+11,6.13753E+11,6.29402E+11,6.1678E+11,6.53402E+11,6.62937E+11,6.6218E+11,6.68628E+11
Switzerland,CHE,"GDP per capita, PPP (current international $)",NY.GDP.PCAP.PP.CD,28442.3316,28773.01394,29093.32385,29475.75005,30245.37597,30821.43705,31497.74196,32728.01142,33857.65317,34742.63186,36695.20706,37822.92751,38704.95846,38737.30793,40176.57074,41524.84887,46275.54948,50929.4927,53808.78411,52971.37328,54432.33299,57493.58106,59440.91586,61656.46617,63417.04381,65282.58419,67350.75187,68193.50559,70688.81875,73732.23533,72997.82395,81001.41112,91326.1317,90505.99788,93818.70748
Switzerland,CHE,"GDP, PPP (constant 2021 international $)",NY.GDP.MKTP.PP.KD,4.29865E+11,4.25929E+11,4.25742E+11,4.25206E+11,4.30605E+11,4.32676E+11,4.34715E+11,4.44545E+11,4.58015E+11,4.6563E+11,4.84063E+11,4.9169E+11,4.9133E+11,4.91171E+11,5.04441E+11,5.18312E+11,5.39426E+11,5.60552E+11,5.76292E+11,5.63053E+11,5.81315E+11,5.91854E+11,5.98834E+11,6.09566E+11,6.2389E+11,6.34151E+11,6.47269E+11,6.5609E+11,6.74857E+11,6.82564E+11,6.67945E+11,7.05081E+11,7.26544E+11,7.31508E+11,7.41035E+11
Syrian Arab Republic,SYR,"GDP per capita, PPP (current international $)",NY.GDP.PCAP.PP.CD,..,..,..,..,..,..,..,..,..,..,..,..,..,..,..,..,..,..,..,..,..,..,..,..,..,..,..,3265.070294,3455.89227,3502.175115,3737.657518,4592.838601,4772.461677,4650.066878,..
Syrian Arab Republic,SYR,"GDP, PPP (constant 2021 international $)",NY.GDP.MKTP.PP.KD,73316725296,78937528716,89177928602,94663169864,1.01491E+11,1.08623E+11,1.19295E+11,1.25289E+11,1.3379E+11,1.29036E+11,1.29907E+11,1.31268E+11,1.36459E+11,1.46291E+11,1.56389E+11,1.66109E+11,1.74491E+11,1.84392E+11,1.92647E+11,2.04036E+11,2.1463E+11,2.20747E+11,1.62604E+11,1.19839E+11,1.07483E+11,1.02991E+11,96393597836,95696400508,97029619867,98214065503,97529361721,99337766654,1.00066E+11,98857637916,..
Tajikistan,TJK,"GDP per capita, PPP (current international $)",NY.GDP.PCAP.PP.CD,2582.741111,2416.746946,1721.382039,1453.734149,1148.383032,1005.614132,836.4290969,854.8235209,904.9667806,946.8250493,1036.129889,1138.743729,1256.952582,1395.646842,1550.07202,1672.73375,1810.291257,1966.221899,2120.018457,2171.360916,2291.078236,2455.972783,2679.069296,2918.56048,3151.724528,2975.470975,2913.856795,3017.003149,3069.103851,3459.973651,3653.959768,3985.912476,4514.175124,4963.582953,5405.980116
Tajikistan,TJK,"GDP, PPP (constant 2021 international $)",NY.GDP.MKTP.PP.KD,22529307638,20929727000,14860105949,12423048596,9776939492,8563003180,7132981783,7252863963,7638199027,7920778074,8580129343,9402177480,10417613001,11563550335,12754595897,13609153633,14561794824,15697614838,16937726138,17598297652,18742186839,20129108777,21638791827,23240062368,24797146707,26289762181,28103755772,30099122549,32386655529,34783268091,36313732275,39727222945,42905400916,46466548855,50369738871
Tanzania,TZA,"GDP per capita, PPP (current international $)",NY.GDP.PCAP.PP.CD,925.3573608,952.0974731,955.3916016,959.3213501,957.7210083,981.4041748,1025.871582,1058.787964,1081.615234,1119.955933,1163.643677,1228.522339,1302.055542,1379.457764,1482.162109,1598.037476,1706.548462,1820.001343,1908.373535,1972.167847,2069.401855,2211.466797,2083.484863,2176.216553,2221.179688,2317.279785,2434.699951,2472.493164,2727.880127,2981.874512,3290.609863,3493.083008,3799.862305,4018.516602,4220.796387
Tanzania,TZA,"GDP, PPP (constant 2021 international $)",NY.GDP.MKTP.PP.KD,45548129428,46491881301,46763543653,47327418841,48069352690,49785386217,52047816781,53882647114,55880891332,58598861751,61247990090,64966238148,69574420094,74216974922,79786079166,85751141169,91352595553,97535828142,1.03082E+11,1.08514E+11,1.1539E+11,1.24242E+11,1.29834E+11,1.38638E+11,1.47972E+11,1.57088E+11,1.67876E+11,1.79228E+11,1.89028E+11,1.99992E+11,2.03976E+11,2.1279E+11,2.22506E+11,2.33786E+11,2.46706E+11
Thailand,THA,"GDP per capita, PPP (current international $)",NY.GDP.PCAP.PP.CD,4450.521212,4914.081226,5346.680094,5834.316505,6341.241333,6900.738957,7322.414647,7147.612899,6589.558427,6901.271893,7289.104994,7632.016094,8148.437029,8824.06945,9545.338138,10169.04536,10912.44279,11723.09956,12062.15988,11964.05295,12932.26334,13227.45411,14616.64979,15215.94925,15365.31754,15791.17148,16671.25069,17573.33982,18876.22088,19963.39184,19163.74152,20242.77,22243.07477,23519.2121,24708.24394
Thailand,THA,"GDP, PPP (constant 2021 international $)",NY.GDP.MKTP.PP.KD,4.7633E+11,5.17096E+11,5.58895E+11,6.05014E+11,6.53398E+11,7.06456E+11,7.46384E+11,7.25832E+11,6.70422E+11,7.01075E+11,7.3231E+11,7.57532E+11,8.04113E+11,8.61923E+11,9.16132E+11,9.54497E+11,1.00191E+12,1.05637E+12,1.0746E+12,1.06718E+12,1.14736E+12,1.157E+12,1.2408E+12,1.27414E+12,1.28669E+12,1.32701E+12,1.3726E+12,1.42994E+12,1.49033E+12,1.52184E+12,1.42977E+12,1.45196E+12,1.48943E+12,1.51948E+12,1.55786E+12
Timor-Leste,TLS,"GDP per capita, PPP (current international $)",NY.GDP.PCAP.PP.CD,685.2793868,766.2868764,842.9378473,925.3698431,984.8068418,1043.407981,1116.287101,1148.894696,1107.952821,818.9739755,1483.170001,1618.644041,1416.885539,1355.186428,1378.854099,1434.821978,1377.113452,1515.708967,1675.045695,1810.186058,1955.329695,2065.96056,2386.1359,2566.030707,2859.860616,3107.571902,3390.762216,3463.117303,3561.287738,4556.614257,6132.082998,6824.792339,5728.221473,4806.140143,4758.39202
Timor-Leste,TLS,"GDP, PPP (constant 2021 international $)",NY.GDP.MKTP.PP.KD,1630800788,1805529359,1994379057,2197900763,2354453681,2511760963,2712254370,2820744383,2764329603,1784307552,2820599404,3281806356,3061805485,2994988802,3006968876,3096714257,2969250628,3274055739,3647128000,4017200416,4392065946,4653768939,4879971050,5031463253,5256495369,5386858578,5548999284,5372407086,5372413251,6630203372,8749343574,9214418303,7321630759,5994600489,5863371397
Togo,TGO,"GDP per capita, PPP (current international $)",NY.GDP.PCAP.PP.CD,1110.16898,1107.335253,1057.160548,924.5626723,1081.801498,1140.399439,1217.776042,1372.748061,1318.336682,1331.98695,1314.737157,1320.135928,1357.009569,1439.851521,1427.002024,1367.510413,1407.067999,1387.200596,1429.306784,1474.184004,1537.054609,1615.982363,1645.313819,1715.361692,1803.149113,1879.6694,1932.927217,1985.525686,2067.091313,2214.713751,2356.758597,2577.201963,2852.064429,3071.512168,3239.091437
Togo,TGO,"GDP, PPP (constant 2021 international $)",NY.GDP.MKTP.PP.KD,8682094115,8621322278,8278134439,7028481546,8081517773,8715580106,9485707209,10849503150,10599977969,10863043075,10777933348,10866683027,11282509973,12040713985,11922875691,11366518616,11667746374,11530636308,11995971887,12650211080,13390799053,14170579058,15063707496,15941057865,16839055947,17759820796,18508378703,19250219186,20173278798,21166394368,21588061756,22881375789,24199238356,25749906712,27114653136
Tonga,TON,"GDP per capita, PPP (current international $)",NY.GDP.PCAP.PP.CD,2415.756733,2652.475632,2716.304197,2882.299067,3087.69302,3346.799522,3409.537317,3433.840911,3527.026472,3635.699602,3833.927676,3955.228545,4170.937249,4231.453629,4235.120413,4314.547198,4327.446619,4315.944506,4600.348829,4383.811302,4465.4605,4855.429237,4996.444609,5119.694753,5335.915838,5471.79687,5920.157387,6229.070199,6402.757237,6488.597446,6689.85929,7034.92497,7393.796489,7852.764981,..
Tonga,TON,"GDP, PPP (constant 2021 international $)",NY.GDP.MKTP.PP.KD,447435576.1,476138360.5,477338102.5,495181278.2,519705236.2,552073311,552586287.4,549267797.7,561860182.1,574796802.7,596375234.8,605276023.4,632085051.9,632412506.3,619966960.8,615889743.8,602551644.8,587702917.7,616281978,584671777.2,589491793.3,629009539.7,634794924.3,637295524.5,649981132.2,657220258.2,700588243.5,723023319.2,727994440.8,726477057.3,739433019.3,742114235.1,724972402.2,740081956.8,..
Trinidad and Tobago,TTO,"GDP per capita, PPP (current international $)",NY.GDP.PCAP.PP.CD,6877.621348,7273.636677,8129.044288,8209.290378,8630.588924,9099.034301,9882.725718,10768.80453,11735.14017,12812.41551,13953.13615,14797.10384,16141.23573,18742.64192,20673.74584,23536.02687,27393.35055,29354.52901,30807.28485,29601.61945,30778.31274,31077.79697,31883.22975,31746.20509,32026.53057,29825.46432,28231.69578,28504.59284,28680.2672,29453.523,26862.94177,30424.66489,32988.80938,34620.38605,36021.12596
Trinidad and Tobago,TTO,"GDP, PPP (constant 2021 international $)",NY.GDP.MKTP.PP.KD,14882188254,15345382651,16894188979,16781147465,17379761303,18041915113,19329111481,20783212439,22471757834,24275075421,25950385667,27032133717,29177595692,33391129234,36045741208,38283798888,43340345481,45400836391,46940713392,44879204353,46370641162,46234147135,49336497089,50986608765,52870750137,52572127177,48679974311,46334286469,45877650454,46094107349,41990443713,41607493862,42057779455,42657991661,43362105898
Tunisia,TUN,"GDP per capita, PPP (current international $)",NY.GDP.PCAP.PP.CD,3779.684674,3975.398016,4292.152883,4401.199601,4555.486839,4686.170398,5039.71098,5332.779911,5579.387257,5929.900902,6278.986809,6593.381965,6715.110784,7098.423562,7671.84536,8116.954899,8728.657125,9479.350639,9975.022321,10237.089,10555.0887,10435.99567,10614.5313,10671.56973,10946.89358,10782.54384,10993.66385,11288.78001,11841.4062,12494.79057,11918.06621,12444.3264,13608.07258,14009.51923,14451.2545
Tunisia,TUN,"GDP, PPP (constant 2021 international $)",NY.GDP.MKTP.PP.KD,56128641746,58320209991,62872527464,64249328216,66291436139,67850391856,72699035795,76654549258,80321520824,85184695317,89196871394,92583026946,93807490387,98218693376,1.04343E+11,1.07981E+11,1.13644E+11,1.21269E+11,1.26408E+11,1.30255E+11,1.34125E+11,1.3138E+11,1.3692E+11,1.40247E+11,1.44581E+11,1.4598E+11,1.47612E+11,1.50915E+11,1.54876E+11,1.57336E+11,1.43157E+11,1.49937E+11,1.53945E+11,1.54006E+11,1.56086E+11
Turkiye,TUR,"GDP per capita, PPP (current international $)",NY.GDP.PCAP.PP.CD,8205.261394,8412.979358,8967.101701,9748.075095,9251.957507,9960.45256,10675.67124,11489.81795,8759.1725,8461.293666,9308.419656,8995.309319,9134.341208,9451.284583,10726.89642,11756.93103,13495.4269,14866.42771,16038.29562,15442.11732,17343.67713,19590.95104,20627.49206,22373.24656,24105.0238,25862.6846,26695.91569,28193.17449,28299.39554,28461.17787,28680.20063,31338.26652,39101.07481,42326.16444,43932.08222
Turkiye,TUR,"GDP, PPP (constant 2021 international $)",NY.GDP.MKTP.PP.KD,6.72762E+11,6.77607E+11,7.11729E+11,7.66185E+11,7.30419E+11,7.87963E+11,8.46112E+11,9.10228E+11,9.32111E+11,9.01695E+11,9.64211E+11,9.08769E+11,9.67364E+11,1.02312E+12,1.12334E+12,1.22435E+12,1.30942E+12,1.37546E+12,1.38667E+12,1.31979E+12,1.43101E+12,1.59129E+12,1.66748E+12,1.80898E+12,1.89834E+12,2.01385E+12,2.08077E+12,2.23687E+12,2.30427E+12,2.32313E+12,2.36634E+12,2.63703E+12,2.78295E+12,2.92519E+12,3.01833E+12
Turkmenistan,TKM,"GDP per capita, PPP (current international $)",NY.GDP.PCAP.PP.CD,5320.537024,5117.427369,4350.533698,4422.125567,3658.742953,3404.84898,3636.479818,3222.379013,3431.576018,3980.654596,4208.665155,4401.303804,4392.823815,4536.197815,4798.153174,5489.345422,6163.850182,6901.017569,7915.547924,8285.01893,8971.616287,10282.72662,11035.45128,11722.80863,12476.53444,12714.81372,12919.37122,13278.40304,14368.46214,15477.72376,15090.9395,16434.13991,18340.11128,19828.92485,20407.80095
Turkmenistan,TKM,"GDP, PPP (constant 2021 international $)",NY.GDP.MKTP.PP.KD,29804326740,28431759045,24176665797,24539315826,20294048428,18832868634,20094669356,17803877003,19067952332,22214164371,23429071267,24446793975,24509666221,25310845190,26576490576,30040479625,33336914076,37023743238,42466233494,45056673786,49201887769,56434565236,62698801955,69094079818,76210770019,81164470001,86196667114,91799450517,97491016395,1.03633E+11,1.09747E+11,1.16552E+11,1.23778E+11,1.31576E+11,1.34555E+11
Turks and Caicos Islands,TCA,"GDP per capita, PPP (current international $)",NY.GDP.PCAP.PP.CD,..,..,..,..,..,..,..,..,..,..,..,..,..,..,..,..,..,27668.76383,29246.59143,22712.49921,22316.44403,22974.07756,20614.34505,20907.68453,22477.73594,24012.87258,25578.22197,25685.7773,31151.47486,31173.37978,19530.02541,25056.48805,30220.82401,35336.74035,37954.38765
Turks and Caicos Islands,TCA,"GDP, PPP (constant 2021 international $)",NY.GDP.MKTP.PP.KD,..,..,..,..,..,..,..,..,..,..,..,..,..,..,..,..,..,574756617.2,622299870.3,500638710.1,505569625.2,528929464.3,514825265.9,520338429.3,565666649.1,629670865.3,675329472.7,658512265.5,1258660845,1321363621,874516799.3,1133630689,1293326643,1470915240,1553828161
Tuvalu,TUV,"GDP per capita, PPP (current international $)",NY.GDP.PCAP.PP.CD,1675.795038,1768.858373,1836.988807,1938.957754,2164.791931,2083.057392,1981.502592,2203.625151,2559.928543,2543.443196,2597.252083,2595.916511,2915.300376,2770.100162,2764.913896,2727.664931,2787.109566,3034.349163,3291.097724,3081.938906,2945.128925,3175.928412,3170.401061,3277.213343,3418.852643,3775.755659,4030.862415,4226.718747,4431.731866,5209.700021,5122.19828,5352.978625,5661.143848,6151.01047,..
Tuvalu,TUV,"GDP, PPP (constant 2021 international $)",NY.GDP.MKTP.PP.KD,26255744.28,27203362.23,27962006.57,29111475.38,32105118.09,30498432.86,28680308.28,31549286.36,36439793.65,35869922.35,35521808.63,35521808.63,38904838.02,37213323.32,36367565.97,34676051.28,35521808.63,38059080.67,40596352.71,38059080.67,37213323.32,39750595.37,38904838.02,40596352.71,40596352.71,44825139.46,47362411.5,48522029.4,49195167.67,55994972.18,53601225.16,54568264.11,54937860.07,57054510.99,..
Uganda,UGA,"GDP per capita, PPP (current international $)",NY.GDP.PCAP.PP.CD,665.8775546,703.1775733,718.8766313,770.127662,809.3194817,896.6723809,969.3804494,1006.775009,1036.734318,1099.864764,1124.209582,1172.683175,1254.982035,1320.239916,1405.242884,1496.509478,1659.725291,1794.535189,1930.708695,2014.608794,2091.559631,2267.722704,2031.946695,2044.881825,2134.009163,2189.964859,2165.297594,2157.957475,2312.057528,2441.374452,2532.219501,2684.920359,2919.177754,3097.637024,3275.76316
Uganda,UGA,"GDP, PPP (constant 2021 international $)",NY.GDP.MKTP.PP.KD,18976161859,20030116010,20714816862,22439593109,23876542913,26627895167,29043608326,30524832892,32022156984,34601204977,35688342776,37538305526,40816407789,43458559446,46416884995,49356264462,54679211423,59279059602,64441525833,68824527392,72704586957,79532751292,82584785315,85547023791,89915317734,94579998410,99101868411,1.02205E+11,1.08648E+11,1.15644E+11,1.19057E+11,1.23267E+11,1.28923E+11,1.35803E+11,1.44137E+11
Ukraine,UKR,"GDP per capita, PPP (current international $)",NY.GDP.PCAP.PP.CD,7590.544922,7148.48291,6568.333008,5766.296875,4564.644531,4124.29541,3812.245605,3794.178467,3794.339111,3871.326416,4228.116211,4746.85791,5122.841309,5764.01123,6663.467285,7142.106934,7971.196289,8900.444336,9323.722656,7994.615723,8453.299805,9126.608398,9552.314453,10903.8252,10493.74512,9921.833984,10864.65723,11536.08105,12554.84863,14217.48633,15541.02734,17846.4082,14770.07129,17665.34375,18550.46289
Ukraine,UKR,"GDP, PPP (constant 2021 international $)",NY.GDP.MKTP.PP.KD,1.18766E+12,1.08433E+12,9.76981E+11,8.3825E+11,6.46291E+11,5.67443E+11,5.10699E+11,4.95378E+11,4.85966E+11,4.84994E+11,5.13608E+11,5.58806E+11,5.88644E+11,6.44663E+11,7.20703E+11,7.42838E+11,7.99081E+11,8.64732E+11,8.84133E+11,7.50306E+11,7.81009E+11,8.23537E+11,8.24791E+11,8.25166E+11,7.41998E+11,6.69483E+11,6.85825E+11,7.0201E+11,7.26499E+11,7.49743E+11,7.21607E+11,7.46471E+11,5.31796E+11,5.6123E+11,5.77583E+11
United Arab Emirates,ARE,"GDP per capita, PPP (current international $)",NY.GDP.PCAP.PP.CD,86949.00941,85764.62679,86019.08202,84860.30939,88427.2849,92106.95545,93008.57037,94374.18988,88693.03068,86165.45271,91317.62837,88831.57661,86960.31674,91058.66907,96981.59079,99576.61687,104995.3979,99096.70545,93017.09065,83336.81974,83670.90937,87709.04441,87339.68766,85514.80243,85248.15473,71720.30845,67702.14739,68043.23122,75071.18005,76884.9469,65352.83442,67401.12129,73777.74439,76110.38484,77958.89541
United Arab Emirates,ARE,"GDP, PPP (constant 2021 international $)",NY.GDP.MKTP.PP.KD,2.05116E+11,2.0688E+11,2.138E+11,2.16497E+11,2.31427E+11,2.46904E+11,2.61221E+11,2.82616E+11,2.83441E+11,2.91667E+11,3.23321E+11,3.27844E+11,3.35822E+11,3.65376E+11,4.0033E+11,4.19766E+11,4.6106E+11,4.75742E+11,4.90927E+11,4.65188E+11,4.72644E+11,5.02025E+11,5.11184E+11,5.37027E+11,5.59398E+11,5.97363E+11,6.30585E+11,6.35221E+11,6.43567E+11,6.507E+11,6.18444E+11,6.45376E+11,6.93842E+11,7.1895E+11,7.45994E+11
United Kingdom,GBR,"GDP per capita, PPP (current international $)",NY.GDP.PCAP.PP.CD,17054.44482,17382.84996,17802.10801,18633.08277,19712.67741,20581.04201,21938.44502,23065.19052,23687.69175,24493.50137,26529.85217,27915.53044,29089.05368,30317.52431,32055.47176,32726.13319,34734.81602,35523.31159,36744.79136,35023.33231,36487.67185,37224.37876,38336.59618,39947.53696,41266.81978,42526.70036,44085.20256,46113.02117,47212.20452,50064.96056,48230.0477,51004.42717,58544.46954,57915.494,60620.38077
United Kingdom,GBR,"GDP, PPP (constant 2021 international $)",NY.GDP.MKTP.PP.KD,1.96405E+12,1.94238E+12,1.95017E+12,1.99873E+12,2.0756E+12,2.12815E+12,2.18309E+12,2.2906E+12,2.36855E+12,2.44098E+12,2.54696E+12,2.61249E+12,2.6594E+12,2.74323E+12,2.81066E+12,2.88747E+12,2.95621E+12,3.03381E+12,3.02626E+12,2.88643E+12,2.95089E+12,2.98448E+12,3.02952E+12,3.08405E+12,3.18257E+12,3.25332E+12,3.31584E+12,3.40392E+12,3.45175E+12,3.50783E+12,3.14663E+12,3.41648E+12,3.58181E+12,3.59603E+12,3.63561E+12
United States,USA,"GDP per capita, PPP (current international $)",NY.GDP.PCAP.PP.CD,23888.60001,24342.2589,25418.99078,26387.29373,27694.85342,28690.8757,29967.71272,31459.12997,32853.67259,34515.38131,36329.97026,37133.6204,37997.74243,39490.30239,41724.6412,44123.39965,46301.98765,48050.22741,48570.05943,47194.95009,48642.63121,50024.88123,51708.39406,53297.38629,55153.39402,56849.46979,57976.6282,60047.71907,62875.66614,65227.95659,64401.50744,71307.40173,77860.91129,82304.62043,85809.90038
United States,USA,"GDP, PPP (constant 2021 international $)",NY.GDP.MKTP.PP.KD,1.10779E+13,1.10659E+13,1.14557E+13,1.17709E+13,1.22452E+13,1.25739E+13,1.30483E+13,1.36286E+13,1.42395E+13,1.49214E+13,1.55298E+13,1.56782E+13,1.59448E+13,1.63906E+13,1.70213E+13,1.76142E+13,1.81047E+13,1.84675E+13,1.84884E+13,1.80121E+13,1.84975E+13,1.87869E+13,1.9217E+13,1.9624E+13,2.01192E+13,2.07119E+13,2.10887E+13,2.1607E+13,2.22479E+13,2.28228E+13,2.23291E+13,2.36812E+13,2.42761E+13,2.49771E+13,2.56755E+13
Uruguay,URY,"GDP per capita, PPP (current international $)",NY.GDP.PCAP.PP.CD,6683.057811,7112.437651,7808.122281,8162.355929,8897.17806,8905.617987,9524.087004,10460.91971,11002.12621,10938.35578,10929.30026,10719.39457,10030.12878,10303.23375,11103.11259,12295.70031,13179.38811,14397.22497,15694.23541,16421.76963,17872.53697,19135.3637,19495.42237,20661.37934,21867.81123,22168.61142,22840.55071,23606.6278,24386.49485,25782.68902,25725.25822,29431.88501,33000.9187,34470.93222,36417.87416
Uruguay,URY,"GDP, PPP (constant 2021 international $)",NY.GDP.MKTP.PP.KD,43650530879,45195239578,48779939964,50076289359,53722515571,52944828990,55898069189,60676059059,63417943483,62453390859,61248083736,58893627799,54339968248,54777559273,57518716177,61809688404,64343006296,68552011031,73471402513,76589157213,82565722898,86827875347,89900000756,94069148019,97115851334,97475899863,99123045893,1.00848E+11,1.01014E+11,1.01952E+11,94451153282,99971136650,1.04456E+11,1.05231E+11,1.08502E+11
Uzbekistan,UZB,"GDP per capita, PPP (current international $)",NY.GDP.PCAP.PP.CD,2664.664876,2676.110101,2371.467572,2317.598351,2196.511108,2178.327483,2213.952639,2328.657998,2417.826215,2521.839511,2644.263542,2782.348711,2902.039836,3047.248568,3321.196544,3617.854868,3955.976821,4386.129337,4800.059143,5135.464446,5504.856379,5949.484124,6168.137648,6412.723869,6609.767173,6799.573328,6919.294756,7818.01113,8128.755203,8544.080267,8451.725051,9247.643827,10292.53094,11106.97159,11878.55287
Uzbekistan,UZB,"GDP, PPP (constant 2021 international $)",NY.GDP.MKTP.PP.KD,86251276067,85826919784,76214304770,74461375757,70589384223,69954079761,71143299119,74842750671,78060988951,81417611477,84539976877,88060084771,91559141842,95434499149,1.02543E+11,1.0967E+11,1.17842E+11,1.29005E+11,1.40653E+11,1.51977E+11,1.63523E+11,1.75829E+11,1.88317E+11,2.02058E+11,2.15947E+11,2.31535E+11,2.4527E+11,2.56051E+11,2.70285E+11,2.8861E+11,2.93122E+11,3.16674E+11,3.35678E+11,3.56797E+11,3.79989E+11
Vanuatu,VUT,"GDP per capita, PPP (current international $)",NY.GDP.PCAP.PP.CD,1669.609516,1736.653349,1777.478805,1788.680716,1945.788994,1960.634087,1997.881871,2086.699678,2090.839442,2083.928312,2206.102404,2124.950749,1995.323723,2070.357756,2157.445171,2287.006604,2495.856836,2573.401044,2701.288361,2730.28796,2733.459226,2815.686934,2834.126309,2832.006061,2890.131038,2965.841433,3029.809239,3145.92735,3232.948258,3314.667214,3117.644253,3135.836649,3452.607427,3460.933714,3602.40727
Vanuatu,VUT,"GDP, PPP (constant 2021 international $)",NY.GDP.MKTP.PP.KD,459244127.4,473699472.3,485946563.5,489520447.7,533976081.2,539336907.6,551889086.5,578969250.1,585782875,587758680.9,622582260.5,601429514.6,570165291.4,594615889.8,618325561,651129750.6,706219869,726529991.7,767222877.1,790525764.8,800477434.3,825610848,833949911.3,837814355.3,859388412.7,893471065,924488312.6,965282893.9,993278320.6,1025472335,974275716.5,959152084.3,1008895904,999162154.4,1038801498
"Venezuela, RB",VEN,"GDP per capita, PPP (current international $)",NY.GDP.PCAP.PP.CD,9497.254499,10520.19052,11150.60507,11191.30989,10919.89727,11344.70255,11291.29487,11969.75286,11898.29415,11126.88576,11577.12997,12017.54937,10924.22332,10094.58797,12053.03084,13485.75284,15027.79275,16528.22048,17480.19086,16794.53949,16527.73941,17349.176,..,..,..,..,..,..,..,..,..,..,..,..,..
"Venezuela, RB",VEN,"GDP, PPP (constant 2021 international $)",NY.GDP.MKTP.PP.KD,..,..,..,..,..,..,..,..,..,..,..,..,..,..,..,..,..,..,..,..,..,..,..,..,..,..,..,..,..,..,..,..,..,..,..
Viet Nam,VNM,"GDP per capita, PPP (current international $)",NY.GDP.PCAP.PP.CD,1209.686445,1297.660605,1413.074953,1533.555732,1674.237122,1841.350269,2019.182491,2189.410277,2308.281636,2420.935,2614.118404,2808.831819,3001.870388,3239.771259,3543.099155,3893.665094,4237.400881,4580.794311,4844.067048,5060.732123,5389.21957,5786.123489,6376.797657,6758.404336,7296.879481,7671.581978,8374.506845,9169.731921,10009.97148,11029.27321,11609.31773,12048.90199,13905.15369,15033.87686,16385.50656
Viet Nam,VNM,"GDP, PPP (constant 2021 international $)",NY.GDP.MKTP.PP.KD,1.61663E+11,1.71299E+11,1.8611E+11,2.01134E+11,2.18912E+11,2.39798E+11,2.62195E+11,2.83569E+11,2.99915E+11,3.14232E+11,3.3556E+11,3.56341E+11,3.78865E+11,4.05003E+11,4.35525E+11,4.68396E+11,5.0108E+11,5.36804E+11,5.67197E+11,5.97814E+11,6.36213E+11,6.77014E+11,7.14281E+11,7.53949E+11,8.02369E+11,8.58432E+11,9.15861E+11,9.79423E+11,1.05254E+12,1.13E+12,1.16238E+12,1.19206E+12,1.29383E+12,1.35936E+12,1.45576E+12
Virgin Islands (U.S.),VIR,"GDP per capita, PPP (current international $)",NY.GDP.PCAP.PP.CD,..,..,..,..,..,..,..,..,..,..,..,..,32113.43999,32618.95637,34609.1948,36942.8365,39447.4212,42153.53966,43465.23469,40846.56201,41607.56686,39006.08201,33878.98311,32333.9108,32360.90038,32573.71668,33470.59048,33893.55018,36746.48689,40021.77758,41749.08004,46893.5497,49793.03244,..,..
Virgin Islands (U.S.),VIR,"GDP, PPP (constant 2021 international $)",NY.GDP.MKTP.PP.KD,..,..,..,..,..,..,..,..,..,..,..,..,5891955134,5868618226,6061454781,6272715211,6492573450,6752964212,6835257519,6384486718,6422562726,5895639909,5022348247,4706685861,4623164295,4603512162,4677207661,4642816428,4730022769,4867587700,4788979168,4964620107,4899522416,..,..
West Bank and Gaza,PSE,"GDP per capita, PPP (current international $)",NY.GDP.PCAP.PP.CD,..,..,..,..,2201.108242,2301.801075,2268.51947,2530.239161,2851.633098,3052.456558,2782.513885,2515.154529,2178.863065,2469.379804,3013.739419,3371.90248,3354.428466,3485.612718,3713.132159,3950.279783,4120.860663,4494.731323,5214.648654,5287.847461,5381.63691,5769.982366,6062.232748,6106.64574,6215.816473,6508.448351,5956.286201,5663.121607,6163.248978,5950.020062,4371.111359
West Bank and Gaza,PSE,"GDP, PPP (constant 2021 international $)",NY.GDP.MKTP.PP.KD,..,..,..,..,9386367657,10054476156,10176591543,11669257282,13341941144,14446732782,13210732058,11980670077,10484478210,11953945737,14574786911,16220375261,16058730122,16667080027,17905307779,19443998770,20567348977,22541980764,23916242829,25039964208,25000434455,25930775540,28229439949,28630119463,28981433182,29376359539,26051406242,27878126230,29016323293,27694396393,20339449745
"Yemen, Rep.",YEM,"GDP per capita, PPP (current international $)",NY.GDP.PCAP.PP.CD,1742.477196,1842.811588,1963.405279,2013.231591,2114.911295,2201.129354,2267.679126,2351.298,2442.374845,2491.648951,2623.615319,2701.847024,2768.461045,2844.102814,2948.818467,3113.417397,3205.277886,3293.60222,3369.51435,3410.577964,3603.035056,3113.382927,3004.920914,3164.321542,..,..,..,..,..,..,..,..,..,..,..
"Yemen, Rep.",YEM,"GDP, PPP (constant 2021 international $)",NY.GDP.MKTP.PP.KD,..,..,..,..,..,..,..,..,..,..,..,..,..,..,..,..,..,..,..,..,..,..,..,..,..,..,..,..,..,..,..,..,..,..,..
Zambia,ZMB,"GDP per capita, PPP (current international $)",NY.GDP.PCAP.PP.CD,1521.624169,1534.001299,1505.026479,1606.669436,1464.056117,1501.391063,1584.581663,1631.173138,1600.628252,1653.836495,1708.515526,1785.067114,1837.065852,1942.215209,2067.937285,2212.812026,2377.992398,2554.689376,2708.008197,2872.464184,3097.664005,3228.487143,3323.633122,3477.281788,3441.314976,3337.473069,3313.351216,3391.627685,3442.273072,3361.397503,3157.300093,3503.034914,3840.724505,4076.995087,4223.950208
Zambia,ZMB,"GDP, PPP (constant 2021 international $)",NY.GDP.MKTP.PP.KD,18882326323,18875503499,18548783224,19809594852,18100929747,18625434758,19783666077,20538216585,20458991206,21410373117,22244804501,23427531454,24483179367,26183529804,28024859075,30052625500,32427893192,35136412296,37867880381,41359430886,45618717444,48159338866,51818187350,54438911322,56993883582,58658318774,60860997488,63006872741,65548881176,66493641150,64641756629,68672119765,72250777479,76129157927,79207172681
Zimbabwe,ZWE,"GDP per capita, PPP (current international $)",NY.GDP.PCAP.PP.CD,1803.357544,1916.886204,1734.164602,1767.905289,1970.076445,1995.938376,2206.118611,2261.460911,2307.305704,2283.563344,2243.176306,2311.188083,2117.874884,1771.446344,1694.930117,1632.721147,1605.137529,1567.602128,1299.746547,1460.632214,1740.945754,1993.418447,2271.544735,2475.28833,2553.447872,2646.645807,2796.807603,7045.366526,2614.405314,3211.253048,3510.67604,3184.784602,3560.039403,3820.359922,3921.697956
Zimbabwe,ZWE,"GDP, PPP (constant 2021 international $)",NY.GDP.MKTP.PP.KD,40683908251,42934453516,39063667773,39474406086,43119945973,43188086564,47662673252,48940316097,50352347870,49940555778,48412779415,49109737241,44741905606,37137985314,34981182696,32983378070,31841660026,30678380115,25257833598,28610073121,34239221638,39099107904,45615141964,46522648617,47628485324,48476202606,48842582864,51154991589,53717816451,50316162717,46382982069,50310711159,53399374351,56249176341,57390744456
Africa Eastern and Southern,AFE,"GDP per capita, PPP (current international $)",NY.GDP.PCAP.PP.CD,1805.536162,1818.349244,1776.252463,1766.441848,1788.612381,1858.877388,1945.293715,2012.192323,2019.906634,2052.553959,2116.708226,2187.101894,2249.467104,2308.467503,2439.229394,2602.321141,2786.101474,2972.278139,3082.393725,3041.848305,3149.290769,3253.882304,3171.731146,3291.011573,3426.709344,3456.491245,3551.146279,3703.97771,3648.261332,3742.921371,3629.566978,3907.249127,4229.086486,4352.490897,4481.246847
Africa Eastern and Southern,AFE,"GDP, PPP (constant 2021 international $)",NY.GDP.MKTP.PP.KD,1.05548E+12,1.05513E+12,1.03134E+12,1.02271E+12,1.03974E+12,1.08651E+12,1.1468E+12,1.19321E+12,1.2159E+12,1.24913E+12,1.28974E+12,1.33694E+12,1.38941E+12,1.43312E+12,1.51593E+12,1.61287E+12,1.72205E+12,1.84043E+12,1.92595E+12,1.9444E+12,2.0484E+12,2.13703E+12,2.19949E+12,2.2952E+12,2.39462E+12,2.47412E+12,2.53972E+12,2.61494E+12,2.68936E+12,2.75359E+12,2.6813E+12,2.805E+12,2.90844E+12,2.9631E+12,3.0533E+12
Africa Western and Central,AFW,"GDP per capita, PPP (current international $)",NY.GDP.PCAP.PP.CD,1741.3755,1775.369787,1806.611963,1778.752723,1768.241377,1793.032065,1859.945239,1923.91818,1963.029201,1969.702996,2032.277961,2126.379549,2297.546727,2404.852788,2592.613321,2752.366732,2904.176505,3056.17855,3218.913431,3335.301047,3510.774499,3659.213699,3777.576842,3933.084083,4134.630237,4090.728121,4032.306271,4100.154941,4238.954649,4494.591601,4484.064642,4746.752785,5169.145547,5408.013246,5639.830732
Africa Western and Central,AFW,"GDP, PPP (constant 2021 international $)",NY.GDP.MKTP.PP.KD,6.96693E+11,7.0514E+11,7.19713E+11,7.11135E+11,7.1083E+11,7.26428E+11,7.60533E+11,7.94831E+11,8.24678E+11,8.38889E+11,8.69565E+11,9.14384E+11,9.97772E+11,1.05166E+12,1.13414E+12,1.20027E+12,1.26389E+12,1.33023E+12,1.41265E+12,1.49452E+12,1.59677E+12,1.67576E+12,1.7648E+12,1.86817E+12,1.97268E+12,2.03139E+12,2.04206E+12,2.09486E+12,2.15962E+12,2.23449E+12,2.21627E+12,2.30655E+12,2.39996E+12,2.48218E+12,2.58882E+12
Arab World,ARB,"GDP per capita, PPP (current international $)",NY.GDP.PCAP.PP.CD,6794.461597,7111.091809,7539.188006,7743.185962,7923.557412,8089.289174,8418.758547,8811.147898,9147.210192,9337.306416,9924.822613,10117.39019,10132.10584,10445.96096,11463.2461,12177.09949,12990.63496,13589.11184,14258.92692,14085.80014,14648.82795,15207.1297,16069.9412,15993.74285,15771.57881,14285.25196,13811.37666,14424.47841,15506.57164,15682.97011,14279.04538,16001.63057,17925.65302,18432.96446,18786.80238
Arab World,ARB,"GDP, PPP (constant 2021 international $)",NY.GDP.MKTP.PP.KD,2.52192E+12,2.48287E+12,2.64094E+12,2.72644E+12,2.81021E+12,2.8897E+12,3.0356E+12,3.19704E+12,3.37178E+12,3.47698E+12,3.69104E+12,3.77527E+12,3.82093E+12,3.95038E+12,4.3047E+12,4.53448E+12,4.80574E+12,5.03019E+12,5.31872E+12,5.38614E+12,5.64575E+12,5.89588E+12,6.11658E+12,6.25341E+12,6.42327E+12,6.67202E+12,6.92517E+12,7.05113E+12,7.25531E+12,7.41845E+12,7.13143E+12,7.43483E+12,7.95519E+12,8.07634E+12,8.21164E+12
Caribbean small states,CSS,"GDP per capita, PPP (current international $)",NY.GDP.PCAP.PP.CD,7132.994279,7402.727258,7793.943979,7962.534631,8359.496098,8725.433536,9267.755046,9829.866343,10350.7797,10964.5704,11656.68587,12122.10218,12761.84847,13863.19614,14882.24917,16161.52839,18000.51614,19152.00166,19808.58811,19195.50081,19733.77899,20192.00195,20654.70576,20835.11385,21151.42847,20543.03034,19901.28572,20734.43228,21186.0015,22125.37418,20154.01603,23346.62886,28827.20643,32739.19879,38469.09369
Caribbean small states,CSS,"GDP, PPP (constant 2021 international $)",NY.GDP.MKTP.PP.KD,47575422994,48144425372,49967384146,50061814847,51813843949,53341680086,55994361140,58845772605,61749389373,64844113719,67842065353,69554641145,72618471792,78015801874,82302863142,85961424314,93296013610,97286414891,99485654188,96605067084,98871614866,1.0003E+11,1.0465E+11,1.06832E+11,1.09649E+11,1.09288E+11,1.05448E+11,1.04216E+11,1.05615E+11,1.06818E+11,98892445017,1.04573E+11,1.21017E+11,1.33332E+11,1.53617E+11
Central Europe and the Baltics,CEB,"GDP per capita, PPP (current international $)",NY.GDP.PCAP.PP.CD,7530.712877,6976.071364,6831.411949,7022.104492,7438.382004,8015.759273,8423.705632,8724.541254,9116.078884,9417.530406,10035.74122,10821.85921,11641.21505,12342.17247,13494.40579,14308.06403,15918.14705,17751.10903,19673.08624,19698.80251,20867.2996,22364.75292,23159.51764,23943.79815,25048.25004,26292.62155,27955.58354,30076.5486,32344.78613,35905.32794,36492.41493,40160.75267,44791.36597,46523.71984,49767.86471
Central Europe and the Baltics,CEB,"GDP, PPP (constant 2021 international $)",NY.GDP.MKTP.PP.KD,1.91539E+12,1.70718E+12,1.62132E+12,1.62534E+12,1.6847E+12,1.78095E+12,1.86075E+12,1.89009E+12,1.93662E+12,1.96911E+12,2.04629E+12,2.1094E+12,2.18624E+12,2.27215E+12,2.41038E+12,2.52805E+12,2.69656E+12,2.86718E+12,2.98957E+12,2.88349E+12,2.91969E+12,3.02688E+12,3.05435E+12,3.0741E+12,3.17528E+12,3.30105E+12,3.39422E+12,3.57181E+12,3.75475E+12,3.90701E+12,3.77784E+12,4.02434E+12,4.18971E+12,4.22453E+12,4.30668E+12
Early-demographic dividend,EAR,"GDP per capita, PPP (current international $)",NY.GDP.PCAP.PP.CD,2943.901267,3104.181255,3237.573648,3321.651519,3425.744944,3549.993191,3742.197449,3899.482478,3861.257629,3948.356179,4146.261154,4248.834161,4332.807857,4569.357231,4920.407415,5294.579861,5733.892632,6152.642336,6434.578916,6522.588161,6928.631473,7342.481523,7714.902127,7946.594003,8179.506063,8291.571876,8604.775685,9068.886935,9570.276264,9899.460746,9635.151213,10755.40804,12224.15752,13167.78458,13867.69444
Early-demographic dividend,EAR,"GDP, PPP (constant 2021 international $)",NY.GDP.MKTP.PP.KD,1.04099E+13,1.08171E+13,1.1274E+13,1.16824E+13,1.21085E+13,1.251E+13,1.32558E+13,1.38805E+13,1.42067E+13,1.46332E+13,1.52702E+13,1.55481E+13,1.59306E+13,1.68098E+13,1.78777E+13,1.89716E+13,2.01639E+13,2.13751E+13,2.2153E+13,2.25856E+13,2.40787E+13,2.53357E+13,2.63866E+13,2.75285E+13,2.88165E+13,3.02768E+13,3.18148E+13,3.33939E+13,3.48478E+13,3.58476E+13,3.44327E+13,3.69771E+13,3.9267E+13,4.13259E+13,4.30251E+13
East Asia & Pacific,EAS,"GDP per capita, PPP (current international $)",NY.GDP.PCAP.PP.CD,3259.903589,3510.8096,3736.929949,3979.585956,4265.696535,4582.856035,4904.713974,5159.528197,5154.861215,5392.427471,5800.828717,6106.190741,6483.30876,6913.130056,7502.712578,8167.994615,8967.222301,9905.678012,10533.57665,10918.33303,11852.41023,12741.46366,13621.7935,14376.95236,14952.91902,15433.05314,16002.65976,16790.57004,17908.4303,18990.89973,19319.13127,21435.04821,23606.24591,25448.22361,27138.58695
East Asia & Pacific,EAS,"GDP, PPP (constant 2021 international $)",NY.GDP.MKTP.PP.KD,1.04391E+13,1.10161E+13,1.16014E+13,1.22166E+13,1.29715E+13,1.38115E+13,1.46773E+13,1.53416E+13,1.53331E+13,1.59755E+13,1.69116E+13,1.75458E+13,1.84362E+13,1.94768E+13,2.07373E+13,2.21002E+13,2.36879E+13,2.56342E+13,2.69374E+13,2.78692E+13,3.01286E+13,3.19299E+13,3.37395E+13,3.56331E+13,3.7492E+13,3.93855E+13,4.13568E+13,4.35881E+13,4.58392E+13,4.7883E+13,4.78606E+13,5.09113E+13,5.25848E+13,5.48832E+13,5.7211E+13
East Asia & Pacific (excluding high income),EAP,"GDP per capita, PPP (current international $)",NY.GDP.PCAP.PP.CD,1466.381342,1608.372682,1788.268719,1993.534311,2214.478888,2445.715538,2675.567825,2869.34829,2893.026479,3072.802344,3341.33916,3603.433325,3906.813759,4288.415778,4748.769994,5317.997611,6002.468821,6831.243154,7476.707817,8020.937515,8827.290308,9671.462713,10521.51011,11177.12213,11753.59264,12146.48024,12742.09298,13488.49643,14588.58105,15683.16834,16013.88223,17966.40334,19925.5391,21665.92235,23247.57882
East Asia & Pacific (excluding high income),EAP,"GDP, PPP (constant 2021 international $)",NY.GDP.MKTP.PP.KD,4.02315E+12,4.33382E+12,4.77743E+12,5.27268E+12,5.80939E+12,6.36576E+12,6.92391E+12,7.38297E+12,7.45193E+12,7.89035E+12,8.4725E+12,9.01801E+12,9.7121E+12,1.05422E+13,1.14594E+13,1.25366E+13,1.38285E+13,1.54339E+13,1.66914E+13,1.79167E+13,1.9622E+13,2.12162E+13,2.2793E+13,2.44034E+13,2.60543E+13,2.77431E+13,2.95059E+13,3.14343E+13,3.34536E+13,3.53896E+13,3.56832E+13,3.82425E+13,3.96831E+13,4.17279E+13,4.37906E+13
East Asia & Pacific (IDA & IBRD countries),TEA,"GDP per capita, PPP (current international $)",NY.GDP.PCAP.PP.CD,1484.284561,1627.96916,1810.033829,2017.785103,2241.43551,2475.448395,2707.983612,2903.977132,2927.811217,3109.61233,3381.222519,3646.290123,3953.088561,4339.059134,4804.756909,5380.530641,6072.822815,6911.024236,7563.717123,8113.949095,8929.288912,9782.789166,10642.04879,11304.59746,11887.14639,12284.07333,12885.99009,13640.30106,14752.37559,15858.96642,16193.22752,18167.70241,20149.11184,21909.43409,23509.26736
East Asia & Pacific (IDA & IBRD countries),TEA,"GDP, PPP (constant 2021 international $)",NY.GDP.MKTP.PP.KD,4.01866E+12,4.32891E+12,4.7719E+12,5.26647E+12,5.80251E+12,6.3582E+12,6.91566E+12,7.37413E+12,7.44301E+12,7.88085E+12,8.46226E+12,9.00709E+12,9.70032E+12,1.05294E+13,1.14455E+13,1.25213E+13,1.38116E+13,1.5415E+13,1.66709E+13,1.78946E+13,1.95978E+13,2.119E+13,2.27649E+13,2.43732E+13,2.6022E+13,2.77087E+13,2.94693E+13,3.13953E+13,3.34121E+13,3.53457E+13,3.56388E+13,3.81949E+13,3.96338E+13,4.1676E+13,4.3736E+13
Euro area,EMU,"GDP per capita, PPP (current international $)",NY.GDP.PCAP.PP.CD,17007.78101,17895.45667,18405.18127,18616.19137,19424.00335,20261.67374,20895.72617,21737.74935,22770.17058,23666.92855,25148.09311,26346.01601,27384.53358,27856.58461,28955.96727,29985.34238,32467.32758,34363.01063,35655.79888,34777.35819,35748.60497,37441.40942,37786.19011,39064.62737,40118.30511,41247.25914,43732.10361,45832.55125,47721.53056,51240.69244,49691.33458,54187.80475,59920.95604,61462.68313,64853.58385
Euro area,EMU,"GDP, PPP (constant 2021 international $)",NY.GDP.MKTP.PP.KD,1.19704E+13,1.22336E+13,1.23492E+13,1.22553E+13,1.25598E+13,1.28733E+13,1.31014E+13,1.34669E+13,1.38714E+13,1.42827E+13,1.48402E+13,1.51712E+13,1.53244E+13,1.54526E+13,1.5814E+13,1.61009E+13,1.6642E+13,1.71489E+13,1.72216E+13,1.644E+13,1.67737E+13,1.70514E+13,1.68794E+13,1.68424E+13,1.70826E+13,1.74446E+13,1.77658E+13,1.82258E+13,1.85517E+13,1.88541E+13,1.76841E+13,1.88144E+13,1.94932E+13,1.95954E+13,1.97776E+13
Europe & Central Asia,ECS,"GDP per capita, PPP (current international $)",NY.GDP.PCAP.PP.CD,11895.89997,12144.14449,12148.92524,12227.07998,12427.28436,12894.49514,13339.02831,13915.91398,14202.39129,14762.73098,15901.56836,16708.0809,17502.04103,18180.13837,19305.55228,20349.32592,22541.47031,24174.92156,25823.95027,25113.05464,26191.44254,27777.38024,28527.66718,29835.98899,30596.81162,31045.05338,32454.573,34188.76076,35885.56403,38489.21056,37975.14164,42234.93331,47041.23116,48825.13572,51571.74905
Europe & Central Asia,ECS,"GDP, PPP (constant 2021 international $)",NY.GDP.MKTP.PP.KD,2.39243E+13,2.36227E+13,2.29283E+13,2.24444E+13,2.2214E+13,2.25307E+13,2.28279E+13,2.34731E+13,2.393E+13,2.463E+13,2.58236E+13,2.64885E+13,2.70465E+13,2.7741E+13,2.88448E+13,2.97967E+13,3.11848E+13,3.2567E+13,3.31152E+13,3.15181E+13,3.24256E+13,3.33478E+13,3.35884E+13,3.39562E+13,3.453E+13,3.50908E+13,3.57183E+13,3.67933E+13,3.76836E+13,3.84565E+13,3.66074E+13,3.90548E+13,4.00262E+13,4.06879E+13,4.14927E+13
Europe & Central Asia (excluding high income),ECA,"GDP per capita, PPP (current international $)",NY.GDP.PCAP.PP.CD,6327.057772,6158.128089,5921.013694,5834.07804,5247.480418,5314.731856,5533.959587,5891.646151,5198.362902,5212.39849,5715.877567,5926.451977,6235.688431,6676.481244,7539.842302,8311.551574,9484.079102,10566.87029,11392.33016,11038.8907,12038.05257,13243.14238,13991.1453,15232.34775,15756.98757,16060.30219,16653.53945,17593.38482,18188.38516,19259.49519,19587.16066,21837.87752,24920.96779,27292.47739,28623.93189
Europe & Central Asia (excluding high income),ECA,"GDP, PPP (constant 2021 international $)",NY.GDP.MKTP.PP.KD,2.8319E+12,2.65515E+12,2.46218E+12,2.30925E+12,1.99574E+12,1.94244E+12,1.96323E+12,2.04451E+12,2.08157E+12,2.06488E+12,2.20174E+12,2.24596E+12,2.3863E+12,2.55764E+12,2.80975E+12,3.02474E+12,3.27841E+12,3.53067E+12,3.64853E+12,3.47006E+12,3.69406E+12,3.97193E+12,4.10494E+12,4.3255E+12,4.39325E+12,4.46887E+12,4.58102E+12,4.81822E+12,4.98804E+12,5.11533E+12,5.09261E+12,5.50729E+12,5.51361E+12,5.79206E+12,6.01297E+12
Europe & Central Asia (IDA & IBRD countries),TEC,"GDP per capita, PPP (current international $)",NY.GDP.PCAP.PP.CD,6903.844094,6688.100519,6223.330886,6066.781744,5618.071345,5706.573598,5840.754033,6113.401563,5752.021839,5955.222979,6592.573709,6966.794681,7460.014165,8163.723579,9104.445348,10116.79434,11964.12007,13366.50091,15241.20463,14856.20296,15903.47468,17500.51776,18490.50106,19757.07326,20189.948,19984.44792,20549.82149,21926.09155,23474.00074,25300.64531,25732.49682,29735.64682,32847.65008,35472.00236,37643.25884
Europe & Central Asia (IDA & IBRD countries),TEC,"GDP, PPP (constant 2021 international $)",NY.GDP.MKTP.PP.KD,8.32758E+12,7.81175E+12,6.97293E+12,6.52558E+12,5.85095E+12,5.74913E+12,5.72491E+12,5.851E+12,5.77474E+12,5.93893E+12,6.39063E+12,6.61834E+12,6.9498E+12,7.40403E+12,7.99703E+12,8.51007E+12,9.19069E+12,9.91733E+12,1.03779E+13,9.79728E+12,1.02366E+13,1.07977E+13,1.11539E+13,1.14724E+13,1.16451E+13,1.16943E+13,1.18789E+13,1.23319E+13,1.27785E+13,1.3126E+13,1.28835E+13,1.37803E+13,1.38319E+13,1.43703E+13,1.49099E+13
European Union,EUU,"GDP per capita, PPP (current international $)",NY.GDP.PCAP.PP.CD,14969.98378,15561.8645,15976.23961,16203.09315,16950.97135,17755.32504,18350.65561,19070.6047,19968.43281,20768.23432,22106.72557,23211.90567,24228.05068,24757.57974,25920.15912,26893.74251,29226.88706,31140.13103,32596.63851,31949.66216,33014.12821,34682.17911,35128.27831,36309.56495,37383.9251,38578.81846,40920.6272,43050.31173,45031.54413,48593.52158,47575.15472,51978.49777,57525.52539,59008.53538,62433.6344
European Union,EUU,"GDP, PPP (constant 2021 international $)",NY.GDP.MKTP.PP.KD,1.4057E+13,1.41658E+13,1.42489E+13,1.41672E+13,1.45504E+13,1.49681E+13,1.52743E+13,1.56668E+13,1.6126E+13,1.65929E+13,1.72455E+13,1.76332E+13,1.78535E+13,1.80517E+13,1.85546E+13,1.895E+13,1.96565E+13,2.03083E+13,2.04859E+13,1.96148E+13,2.00093E+13,2.04007E+13,2.02471E+13,2.02345E+13,2.05804E+13,2.10803E+13,2.15031E+13,2.2139E+13,2.26408E+13,2.30979E+13,2.18038E+13,2.31942E+13,2.40357E+13,2.41699E+13,2.4441E+13
Fragile and conflict affected situations,FCS,"GDP per capita, PPP (current international $)",NY.GDP.PCAP.PP.CD,2448.944439,2487.644615,2483.598058,2411.449887,2266.419136,2240.850685,2268.07414,2375.1225,2454.362996,2482.755388,2633.367334,2746.184684,2773.644805,2720.560486,3103.884341,3325.582726,3574.469671,3822.258884,3997.406748,3952.008962,4119.215581,4143.455006,4348.792925,4540.389046,4554.316558,4363.154272,4422.168054,4661.404054,4851.524753,5075.87301,4913.395916,5175.207574,5341.139236,5535.836044,5655.017899
Fragile and conflict affected situations,FCS,"GDP, PPP (constant 2021 international $)",NY.GDP.MKTP.PP.KD,2.96749E+12,2.72321E+12,2.6421E+12,2.49783E+12,2.27475E+12,2.20911E+12,2.22858E+12,2.3067E+12,2.41055E+12,2.47685E+12,2.62068E+12,2.75044E+12,2.88407E+12,2.93484E+12,3.29344E+12,3.47153E+12,3.69363E+12,3.93496E+12,4.12657E+12,4.13555E+12,4.41123E+12,4.53733E+12,4.70929E+12,4.83749E+12,4.88863E+12,4.93336E+12,5.08558E+12,5.21556E+12,5.37349E+12,5.53203E+12,5.28118E+12,5.37237E+12,5.27452E+12,5.3814E+12,5.49208E+12
Heavily indebted poor countries (HIPC),HPC,"GDP per capita, PPP (current international $)",NY.GDP.PCAP.PP.CD,1085.312963,1104.369778,1090.550756,1093.072786,1084.254935,1129.63274,1176.981988,1234.273483,1257.550204,1281.190945,1315.093109,1358.868194,1395.291331,1441.583151,1522.404957,1614.016775,1712.196243,1805.796727,1891.72353,1917.191453,2005.462134,2079.503043,2085.644621,2173.307183,2319.458631,2379.180624,2473.77703,2562.692817,2669.384335,2804.757539,2800.526273,2997.162415,3272.336662,3409.524768,3574.539243
Heavily indebted poor countries (HIPC),HPC,"GDP, PPP (constant 2021 international $)",NY.GDP.MKTP.PP.KD,7.86859E+11,7.91817E+11,7.84331E+11,7.8847E+11,7.8796E+11,8.26449E+11,8.68693E+11,9.16849E+11,9.49528E+11,9.79822E+11,1.00937E+12,1.0454E+12,1.08906E+12,1.13466E+12,1.20003E+12,1.26962E+12,1.34469E+12,1.41891E+12,1.49971E+12,1.5571E+12,1.6565E+12,1.73082E+12,1.79958E+12,1.90131E+12,2.00815E+12,2.10337E+12,2.19898E+12,2.3091E+12,2.4062E+12,2.51334E+12,2.51702E+12,2.61032E+12,2.73049E+12,2.81803E+12,2.96048E+12
High income,HIC,"GDP per capita, PPP (current international $)",NY.GDP.PCAP.PP.CD,16840.15682,17424.4685,17929.49723,18408.33977,19187.72554,20004.96239,20851.8799,21794.07206,22485.8872,23461.63545,25024.70878,25931.6981,26861.6502,27911.67801,29574.95231,31187.21264,33536.02819,35354.87944,36676.3004,35705.25257,37175.00496,38918.17667,40065.41029,41479.33733,42532.05859,43035.06065,44195.60606,46130.15146,48395.86249,50770.83707,49769.89084,55348.59771,60893.68214,63267.72582,66283.72453
High income,HIC,"GDP, PPP (constant 2021 international $)",NY.GDP.MKTP.PP.KD,4.13425E+13,4.15076E+13,4.16701E+13,4.18654E+13,4.27469E+13,4.38238E+13,4.4982E+13,4.64907E+13,4.75676E+13,4.92636E+13,5.14873E+13,5.24081E+13,5.33559E+13,5.47232E+13,5.68073E+13,5.86274E+13,6.07672E+13,6.27726E+13,6.3456E+13,6.11835E+13,6.312E+13,6.46103E+13,6.56003E+13,6.66231E+13,6.80283E+13,6.94916E+13,7.07333E+13,7.25003E+13,7.42702E+13,7.57134E+13,7.27388E+13,7.70364E+13,7.93324E+13,8.07917E+13,8.2451E+13
IBRD only,IBD,"GDP per capita, PPP (current international $)",NY.GDP.PCAP.PP.CD,2973.752604,3082.707097,3166.45961,3284.07078,3410.714349,3582.351301,3793.175823,3997.937257,4032.98047,4192.581209,4487.665469,4706.807271,4939.682788,5276.105979,5779.325245,6326.770997,7063.90772,7812.27374,8429.142515,8662.760882,9347.46589,10063.83171,10688.75045,11198.7987,11551.18995,11675.60965,12128.01635,12790.06553,13691.573,14502.87576,14541.52202,16411.87436,18247.89686,19744.183,20999.02032
IBRD only,IBD,"GDP, PPP (constant 2021 international $)",NY.GDP.MKTP.PP.KD,2.15061E+13,2.1475E+13,2.14196E+13,2.18442E+13,2.22236E+13,2.29769E+13,2.408E+13,2.52137E+13,2.57072E+13,2.67163E+13,2.82897E+13,2.93335E+13,3.06407E+13,3.24448E+13,3.48983E+13,3.72952E+13,4.02653E+13,4.36717E+13,4.60574E+13,4.69734E+13,5.04184E+13,5.3408E+13,5.61244E+13,5.88624E+13,6.1514E+13,6.40131E+13,6.68857E+13,7.0245E+13,7.36329E+13,7.64571E+13,7.49874E+13,8.0509E+13,8.35535E+13,8.77191E+13,9.157E+13
IDA & IBRD total,IBT,"GDP per capita, PPP (current international $)",NY.GDP.PCAP.PP.CD,2645.463181,2737.620684,2806.307016,2898.369591,2996.217866,3137.303801,3311.184445,3477.351586,3506.829614,3634.739039,3874.169428,4053.677915,4244.755863,4517.335556,4929.12662,5375.816389,5966.653011,6561.437369,7045.521166,7228.906756,7763.601478,8317.444054,8797.413229,9205.15527,9498.673841,9597.965458,9942.80273,10458.73495,11142.29353,11765.87502,11769.59831,13171.91361,14581.63395,15679.80761,16601.92389
IDA & IBRD total,IBT,"GDP, PPP (constant 2021 international $)",NY.GDP.MKTP.PP.KD,2.38248E+13,2.38397E+13,2.38368E+13,2.42896E+13,2.46966E+13,2.55452E+13,2.67756E+13,2.80133E+13,2.86058E+13,2.97022E+13,3.13956E+13,3.25637E+13,3.40367E+13,3.60161E+13,3.87118E+13,4.13528E+13,4.45785E+13,4.82487E+13,5.08689E+13,5.20271E+13,5.57756E+13,5.90291E+13,6.1944E+13,6.49576E+13,6.7939E+13,7.07284E+13,7.38717E+13,7.7545E+13,8.12791E+13,8.4431E+13,8.29074E+13,8.87734E+13,9.21832E+13,9.66096E+13,1.00839E+14
IDA blend,IDB,"GDP per capita, PPP (current international $)",NY.GDP.PCAP.PP.CD,2035.963162,2087.315218,2141.520328,2130.752976,2142.252704,2186.568873,2268.758301,2300.383197,2329.770944,2356.258255,2434.204567,2519.413707,2640.966767,2750.517788,2960.436134,3162.155249,3364.398821,3546.002704,3662.373172,3790.63076,3938.839396,4080.314601,4212.8074,4405.718109,4623.286594,4719.614227,4757.552272,5009.270946,5068.386571,5291.194911,5291.939647,5601.417065,6143.458081,6403.944884,6685.170761
IDA blend,IDB,"GDP, PPP (constant 2021 international $)",NY.GDP.MKTP.PP.KD,1.12398E+12,1.14752E+12,1.18187E+12,1.17961E+12,1.19359E+12,1.22613E+12,1.28444E+12,1.31509E+12,1.35271E+12,1.3825E+12,1.4319E+12,1.48765E+12,1.57205E+12,1.64229E+12,1.76269E+12,1.86912E+12,1.97659E+12,2.08009E+12,2.1613E+12,2.2814E+12,2.40654E+12,2.50316E+12,2.6142E+12,2.75812E+12,2.91149E+12,3.02614E+12,3.11026E+12,3.20316E+12,3.33667E+12,3.43916E+12,3.39433E+12,3.58041E+12,3.73837E+12,3.83365E+12,3.9814E+12
IDA only,IDX,"GDP per capita, PPP (current international $)",NY.GDP.PCAP.PP.CD,996.3942873,1026.257536,1034.890437,1057.857131,1061.295892,1108.104804,1152.648148,1207.138316,1240.551544,1283.549825,1344.62344,1403.396549,1456.673258,1532.676672,1632.995575,1756.27285,1887.882021,2022.697335,2140.594431,2199.12932,2319.464764,2428.502919,2518.656955,2658.232678,2821.845094,2914.221874,3060.960388,3198.901296,3415.253393,3612.701725,3650.149845,3899.179721,4267.670029,4469.685986,4682.499081
IDA only,IDX,"GDP, PPP (constant 2021 international $)",NY.GDP.MKTP.PP.KD,1.20258E+12,1.22615E+12,1.24503E+12,1.27633E+12,1.28973E+12,1.3542E+12,1.42408E+12,1.49872E+12,1.56226E+12,1.62055E+12,1.69114E+12,1.76051E+12,1.84269E+12,1.94905E+12,2.07138E+12,2.21045E+12,2.35984E+12,2.5213E+12,2.67705E+12,2.80119E+12,2.98136E+12,3.15071E+12,3.23745E+12,3.36964E+12,3.54804E+12,3.72623E+12,3.91591E+12,4.14068E+12,4.35619E+12,4.58563E+12,4.57799E+12,4.73487E+12,4.94489E+12,5.11136E+12,5.34561E+12
IDA total,IDA,"GDP per capita, PPP (current international $)",NY.GDP.PCAP.PP.CD,1353.1046,1391.800742,1417.012277,1428.012036,1434.43586,1480.389855,1538.333417,1584.889783,1617.1799,1654.492923,1721.797115,1790.453309,1867.837132,1955.569746,2094.737742,2245.79086,2402.308899,2554.154882,2672.359258,2756.572773,2887.764081,3008.869757,3114.108516,3272.640803,3454.654265,3547.456672,3652.922001,3829.776273,3988.082003,4192.327166,4215.336257,4483.673978,4910.84463,5131.093855,5365.004558
IDA total,IDA,"GDP, PPP (constant 2021 international $)",NY.GDP.MKTP.PP.KD,2.32564E+12,2.3728E+12,2.42662E+12,2.45448E+12,2.48191E+12,2.57784E+12,2.70571E+12,2.80951E+12,2.90982E+12,2.99694E+12,3.11627E+12,3.24102E+12,3.40765E+12,3.58332E+12,3.826E+12,4.07065E+12,4.32641E+12,4.58987E+12,4.82489E+12,5.06897E+12,5.37291E+12,5.6371E+12,5.83539E+12,6.11169E+12,6.44278E+12,6.73407E+12,7.00537E+12,7.31995E+12,7.66699E+12,7.99591E+12,7.94263E+12,8.28612E+12,8.65279E+12,8.91284E+12,9.29208E+12
Late-demographic dividend,LTE,"GDP per capita, PPP (current international $)",NY.GDP.PCAP.PP.CD,2912.682785,2989.530606,3057.110924,3235.176887,3421.293871,3655.432469,3878.975054,4120.23654,4234.632532,4446.498984,4833.724168,5160.047443,5538.463753,6026.012907,6653.121564,7372.034605,8391.98197,9435.050092,10385.26326,10778.23278,11728.01776,12806.66582,13699.04112,14484.99324,15033.62829,15128.24639,15650.47623,16552.88373,17894.0809,19204.35483,19498.10077,22182.23805,24475.58294,26380.2249,28233.01135
Late-demographic dividend,LTE,"GDP, PPP (constant 2021 international $)",NY.GDP.MKTP.PP.KD,1.22363E+13,1.21391E+13,1.18815E+13,1.21412E+13,1.23878E+13,1.29399E+13,1.34751E+13,1.41229E+13,1.4353E+13,1.50003E+13,1.60608E+13,1.68639E+13,1.78425E+13,1.90491E+13,2.05629E+13,2.20931E+13,2.40757E+13,2.64309E+13,2.81895E+13,2.88765E+13,3.10482E+13,3.31293E+13,3.4979E+13,3.67887E+13,3.85425E+13,4.00803E+13,4.16856E+13,4.37671E+13,4.60424E+13,4.81127E+13,4.80066E+13,5.14728E+13,5.30713E+13,5.53339E+13,5.77849E+13
Latin America & Caribbean,LCN,"GDP per capita, PPP (current international $)",NY.GDP.PCAP.PP.CD,6286.92128,6613.566036,6844.997606,7042.477684,7409.492175,7539.908827,7819.110715,8247.477227,8428.74269,8428.940063,8811.523198,8946.280262,8986.439578,9227.637919,9921.47954,10556.70824,11465.68704,12273.32654,12892.54654,12655.53023,13447.35721,14346.92788,14661.83164,15145.69657,15463.03005,15252.53905,15513.34143,16158.87193,16859.64886,17283.83558,16631.70154,18654.76512,20813.05378,21909.53951,22806.45656
Latin America & Caribbean,LCN,"GDP, PPP (constant 2021 international $)",NY.GDP.MKTP.PP.KD,5.49001E+12,5.6689E+12,5.83205E+12,6.1064E+12,6.42917E+12,6.48434E+12,6.73523E+12,7.10082E+12,7.31353E+12,7.3525E+12,7.61561E+12,7.6457E+12,7.68491E+12,7.87647E+12,8.29993E+12,8.62534E+12,9.06873E+12,9.54307E+12,9.89533E+12,9.67077E+12,1.0297E+13,1.07636E+13,1.10477E+13,1.13639E+13,1.15307E+13,1.15874E+13,1.15638E+13,1.17894E+13,1.19856E+13,1.20764E+13,1.12823E+13,1.21113E+13,1.2602E+13,1.2891E+13,1.3181E+13
Latin America & Caribbean (excluding high income),LAC,"GDP per capita, PPP (current international $)",NY.GDP.PCAP.PP.CD,6199.840319,6486.76181,6670.270571,6856.807329,7253.763693,7339.147275,7624.725652,8028.314562,8202.008973,8224.505587,8597.711394,8692.901536,8778.722485,9060.387716,9667.081536,10250.67158,11062.15758,11818.69833,12453.95924,12244.51797,13070.8796,13942.90899,14216.06233,14677.69356,14971.31098,14724.4924,14938.47849,15540.32085,16207.50947,16564.82506,15929.16456,17833.33748,19918.97627,20919.08979,21709.34076
Latin America & Caribbean (excluding high income),LAC,"GDP, PPP (constant 2021 international $)",NY.GDP.MKTP.PP.KD,4.83421E+12,4.98526E+12,5.10652E+12,5.34429E+12,5.62888E+12,5.65452E+12,5.87093E+12,6.18295E+12,6.35603E+12,6.38045E+12,6.60776E+12,6.61709E+12,6.64278E+12,6.80166E+12,7.15795E+12,7.43771E+12,7.82162E+12,8.23449E+12,8.54086E+12,8.33507E+12,8.89285E+12,9.29396E+12,9.5175E+12,9.78907E+12,9.92715E+12,9.96196E+12,9.92399E+12,1.01242E+13,1.02871E+13,1.03587E+13,9.68572E+12,1.03769E+13,1.07875E+13,1.1028E+13,1.12506E+13
Latin America & the Caribbean (IDA & IBRD countries),TLA,"GDP per capita, PPP (current international $)",NY.GDP.PCAP.PP.CD,6268.708438,6594.458891,6821.628347,7013.032522,7376.592296,7498.965127,7775.651263,8199.95259,8372.575729,8360.449653,8737.296933,8857.776126,8893.111633,9133.559169,9813.621952,10453.05107,11367.8998,12179.73486,12804.71204,12568.71343,13366.9437,14271.44849,14588.79573,15077.13418,15395.65523,15182.05585,15445.58525,16098.40839,16795.46348,17205.78051,16552.48557,18567.0149,20711.35762,21800.80306,22685.60678
Latin America & the Caribbean (IDA & IBRD countries),TLA,"GDP, PPP (constant 2021 international $)",NY.GDP.MKTP.PP.KD,5.29017E+12,5.46411E+12,5.62019E+12,5.88495E+12,6.19735E+12,6.24588E+12,6.48948E+12,6.84277E+12,7.04431E+12,7.07445E+12,7.32785E+12,7.34762E+12,7.38445E+12,7.57324E+12,7.97583E+12,8.29927E+12,8.73789E+12,9.20661E+12,9.55697E+12,9.3408E+12,9.95894E+12,1.04197E+13,1.07002E+13,1.10129E+13,1.1179E+13,1.12363E+13,1.12148E+13,1.14411E+13,1.16399E+13,1.17268E+13,1.09556E+13,1.17689E+13,1.2246E+13,1.25289E+13,1.28091E+13
Least developed countries: UN classification,LDC,"GDP per capita, PPP (current international $)",NY.GDP.PCAP.PP.CD,943.1932168,972.5826071,980.0630537,982.4095067,984.6573414,1035.425836,1085.23556,1137.204598,1167.579373,1205.850997,1260.747092,1323.452213,1381.914116,1450.241937,1549.797413,1678.964548,1809.430656,1950.94971,2070.071532,2125.004527,2234.495253,2315.162226,2382.331094,2506.232088,2665.178604,2732.114869,2860.155287,2988.21389,3213.417571,3416.048022,3453.152588,3666.728362,4032.432248,4219.890238,4393.993348
Least developed countries: UN classification,LDC,"GDP, PPP (constant 2021 international $)",NY.GDP.MKTP.PP.KD,9.88929E+11,1.00599E+12,1.01116E+12,1.01122E+12,1.0166E+12,1.07472E+12,1.13535E+12,1.19628E+12,1.24388E+12,1.29746E+12,1.35628E+12,1.42438E+12,1.50374E+12,1.58559E+12,1.6917E+12,1.82294E+12,1.95647E+12,2.10774E+12,2.25035E+12,2.3532E+12,2.50191E+12,2.62853E+12,2.75769E+12,2.91728E+12,3.09311E+12,3.25504E+12,3.41369E+12,3.59413E+12,3.77895E+12,3.98728E+12,3.99059E+12,4.09882E+12,4.30403E+12,4.44822E+12,4.62739E+12
Low & middle income,LMY,"GDP per capita, PPP (current international $)",NY.GDP.PCAP.PP.CD,2349.189815,2460.570371,2568.983985,2680.129749,2804.141105,2947.798456,3131.604357,3296.353569,3331.403761,3456.224767,3674.687668,3841.49181,4023.638718,4277.911211,4662.429498,5077.106287,5585.533528,6139.456052,6535.584879,6759.025381,7284.262543,7788.376382,8247.04663,8629.295253,8925.666268,9061.67577,9402.90293,9876.465567,10503.86616,11066.24613,11064.51131,12322.54918,13694.3562,14750.90103,15611.85115
Low & middle income,LMY,"GDP, PPP (constant 2021 international $)",NY.GDP.MKTP.PP.KD,1.78439E+13,1.81879E+13,1.8808E+13,1.95339E+13,2.02896E+13,2.11613E+13,2.2406E+13,2.35623E+13,2.42475E+13,2.51502E+13,2.64958E+13,2.74577E+13,2.87182E+13,3.03819E+13,3.2682E+13,3.49698E+13,3.77004E+13,4.08247E+13,4.30454E+13,4.45977E+13,4.80569E+13,5.09517E+13,5.35685E+13,5.64219E+13,5.9242E+13,6.2004E+13,6.50234E+13,6.84202E+13,7.18101E+13,7.46896E+13,7.34472E+13,7.86874E+13,8.19667E+13,8.60517E+13,8.98565E+13
Low income,LIC,"GDP per capita, PPP (current international $)",NY.GDP.PCAP.PP.CD,850.4899222,880.0977716,877.0603688,873.1972609,873.1608301,909.1863274,943.6116369,1005.382308,1034.243767,1055.583638,1087.560249,1131.999368,1179.113719,1236.832586,1304.225872,1389.97476,1470.210974,1551.977384,1616.333327,1628.142159,1706.526039,1699.402899,1592.899598,1655.196,1759.637905,1813.490682,1878.787893,1905.939165,1970.572455,2039.111534,1993.120169,2091.295141,2256.120424,2265.38657,2327.415115
Low income,LIC,"GDP, PPP (constant 2021 international $)",NY.GDP.MKTP.PP.KD,4.98315E+11,5.09056E+11,5.13698E+11,5.14202E+11,5.19196E+11,5.45052E+11,5.76911E+11,6.15452E+11,6.45045E+11,6.53614E+11,6.6695E+11,6.89415E+11,7.29231E+11,7.76711E+11,8.23992E+11,8.77574E+11,9.29275E+11,9.87261E+11,1.03938E+12,1.08E+12,1.1488E+12,1.18167E+12,1.11679E+12,1.10412E+12,1.13559E+12,1.16907E+12,1.19757E+12,1.23064E+12,1.26837E+12,1.31159E+12,1.30202E+12,1.31096E+12,1.35547E+12,1.34995E+12,1.39168E+12
Lower middle income,LMC,"GDP per capita, PPP (current international $)",NY.GDP.PCAP.PP.CD,1541.373146,1587.31504,1650.029693,1696.589342,1768.916878,1864.116883,1977.797662,2048.871048,2126.04374,2237.994378,2339.265733,2448.833449,2544.758805,2706.263735,2924.212714,3166.752007,3437.191957,3710.595766,3880.528621,4074.029108,4335.636489,4560.57433,4910.951085,5127.176961,5320.288781,5519.289621,5781.706632,6113.396771,6564.384869,6978.076999,6939.118315,7652.719664,8616.135783,9377.309525,9989.812638
Lower middle income,LMC,"GDP, PPP (constant 2021 international $)",NY.GDP.MKTP.PP.KD,4.96461E+12,5.06189E+12,5.26249E+12,5.40367E+12,5.63804E+12,5.95061E+12,6.33303E+12,6.59197E+12,6.90931E+12,7.31677E+12,7.63353E+12,7.97091E+12,8.31064E+12,8.81996E+12,9.44599E+12,1.00943E+13,1.08172E+13,1.15744E+13,1.20908E+13,1.28276E+13,1.37176E+13,1.43749E+13,1.51206E+13,1.59805E+13,1.69762E+13,1.8037E+13,1.91487E+13,2.02465E+13,2.14025E+13,2.23051E+13,2.1516E+13,2.30059E+13,2.44769E+13,2.60405E+13,2.7429E+13
"Middle East, North Africa, Afghanistan & Pakistan",MEA,"GDP per capita, PPP (current international $)",NY.GDP.PCAP.PP.CD,5735.737179,6089.48425,6408.446759,6515.625779,6638.637444,6798.57854,7097.210209,7320.649397,7539.617555,7687.213006,8165.196552,8329.58706,8467.781996,8795.201072,9537.64028,10080.28441,10714.24898,11302.33224,11708.12478,11643.02794,12094.39166,12536.74351,12900.57033,12853.34673,12737.74275,11749.13525,11651.82446,12173.63572,12879.81446,12876.39196,12163.88035,13446.2073,15045.95525,15606.56708,16037.91842
"Middle East, North Africa, Afghanistan & Pakistan",MEA,"GDP, PPP (constant 2021 international $)",NY.GDP.MKTP.PP.KD,3.48585E+12,3.53888E+12,3.75379E+12,3.83945E+12,3.94105E+12,4.06228E+12,4.27478E+12,4.44129E+12,4.64591E+12,4.78624E+12,5.07583E+12,5.18653E+12,5.3074E+12,5.53479E+12,5.97638E+12,6.2876E+12,6.65037E+12,7.00187E+12,7.31257E+12,7.43885E+12,7.79118E+12,8.11474E+12,8.36519E+12,8.53697E+12,8.80733E+12,9.08444E+12,9.51699E+12,9.74089E+12,1.00114E+13,1.01869E+13,9.92108E+12,1.03832E+13,1.10364E+13,1.12818E+13,1.15255E+13
"Middle East, North Africa, Afghanistan & Pakistan (excluding high income)",MNA,"GDP per capita, PPP (current international $)",NY.GDP.PCAP.PP.CD,3686.760816,3968.902122,4137.36324,4176.480305,4232.111832,4337.691578,4567.525293,4690.069828,4886.716165,5058.782717,5366.244813,5520.999957,5673.460307,5804.796187,6284.98961,6638.871926,7051.519057,7502.441396,7722.146516,7798.424636,8094.757062,8121.187049,8311.248562,8293.210388,8187.553846,7892.093835,7996.55782,8323.093802,8681.279602,8688.166637,8759.522362,9293.238001,10230.4486,10708.73324,11030.44382
"Middle East, North Africa, Afghanistan & Pakistan (excluding high income)",MNA,"GDP, PPP (constant 2021 international $)",NY.GDP.MKTP.PP.KD,2.29393E+12,2.29908E+12,2.41986E+12,2.46254E+12,2.51937E+12,2.60161E+12,2.75885E+12,2.85578E+12,3.01859E+12,3.14925E+12,3.33138E+12,3.4268E+12,3.53839E+12,3.62931E+12,3.90975E+12,4.10006E+12,4.32754E+12,4.58301E+12,4.75371E+12,4.90488E+12,5.13631E+12,5.20721E+12,5.31625E+12,5.37463E+12,5.52493E+12,5.65295E+12,5.98213E+12,6.1745E+12,6.34935E+12,6.46553E+12,6.34529E+12,6.6064E+12,6.90477E+12,7.09891E+12,7.26305E+12
"Middle East, North Africa, Afghanistan & Pakistan (IDA & IBRD)",TMN,"GDP per capita, PPP (current international $)",NY.GDP.PCAP.PP.CD,3696.128234,3979.355382,4148.663499,4188.320234,4244.59058,4350.453778,4582.203884,4704.178503,4900.076313,5072.004184,5383.236596,5540.767853,5696.459282,5826.862076,6306.749543,6660.698317,7076.240833,7529.383147,7749.212084,7824.557164,8121.861399,8146.094939,8332.746041,8314.195433,8207.260505,7907.164525,8010.410993,8338.969877,8699.026167,8704.035069,8779.901323,9319.674342,10260.26343,10743.75087,11079.94363
"Middle East, North Africa, Afghanistan & Pakistan (IDA & IBRD)",TMN,"GDP, PPP (constant 2021 international $)",NY.GDP.MKTP.PP.KD,2.28562E+12,2.29075E+12,2.4111E+12,2.45362E+12,2.51024E+12,2.59182E+12,2.74897E+12,2.84438E+12,3.0055E+12,3.13505E+12,3.31849E+12,3.41519E+12,3.52832E+12,3.61776E+12,3.89557E+12,4.08424E+12,4.31192E+12,4.56682E+12,4.73628E+12,4.88591E+12,5.11624E+12,5.18514E+12,5.2928E+12,5.35003E+12,5.50041E+12,5.6275E+12,5.95439E+12,6.14639E+12,6.32091E+12,6.43671E+12,6.31984E+12,6.57912E+12,6.87639E+12,7.07191E+12,7.24387E+12
Middle income,MIC,"GDP per capita, PPP (current international $)",NY.GDP.PCAP.PP.CD,2448.02638,2565.089297,2681.530745,2801.640456,2935.168359,3087.640258,3283.411975,3457.321336,3494.960877,3629.218645,3862.979574,4041.034746,4236.34306,4508.934587,4921.122348,5365.422175,5912.51456,6509.777066,6938.900022,7186.262373,7755.862237,8310.691951,8825.014513,9242.500201,9564.141179,9716.378159,10092.69514,10617.92523,11310.98634,11935.82779,11954.65709,13344.20391,14857.72763,16044.24161,17013.80058
Middle income,MIC,"GDP, PPP (constant 2021 international $)",NY.GDP.MKTP.PP.KD,1.73974E+13,1.77319E+13,1.83462E+13,1.90691E+13,1.98184E+13,2.0667E+13,2.18829E+13,2.30054E+13,2.36655E+13,2.45583E+13,2.58889E+13,2.68302E+13,2.80552E+13,2.96762E+13,3.19323E+13,3.41709E+13,3.68529E+13,3.99224E+13,4.20954E+13,4.36108E+13,4.70057E+13,4.98667E+13,5.25301E+13,5.53871E+13,5.81747E+13,6.09028E+13,6.38917E+13,6.72535E+13,7.06046E+13,7.3442E+13,7.22103E+13,7.74307E+13,8.06659E+13,8.47456E+13,8.85048E+13
North America,NAC,"GDP per capita, PPP (current international $)",NY.GDP.PCAP.PP.CD,23525.8246,23933.84951,24943.97387,25898.00762,27194.63698,28177.42132,29384.33501,30849.09615,32212.704,33862.6369,35650.16957,36460.40352,37310.44962,38792.70987,40962.3936,43361.24904,45502.01435,47221.8054,47768.07691,46376.93159,47800.99313,49199.80166,50775.27788,52403.75807,54217.97724,55636.68965,56828.12604,58871.9596,61572.55059,63726.41334,62778.63484,69833.49488,76374.81794,80412.92545,83613.36622
North America,NAC,"GDP, PPP (constant 2021 international $)",NY.GDP.MKTP.PP.KD,1.22033E+13,1.21677E+13,1.25673E+13,1.29121E+13,1.34374E+13,1.37982E+13,1.42933E+13,1.49269E+13,1.55884E+13,1.63395E+13,1.7021E+13,1.71977E+13,1.75096E+13,1.79837E+13,1.86636E+13,1.93092E+13,1.98446E+13,2.02431E+13,2.02815E+13,1.97527E+13,2.02916E+13,2.06368E+13,2.10989E+13,2.15495E+13,2.20996E+13,2.27052E+13,2.31026E+13,2.3682E+13,2.43797E+13,2.49951E+13,2.43919E+13,2.58666E+13,2.65533E+13,2.72893E+13,2.80231E+13
Not classified,INX,"GDP per capita, PPP (current international $)",NY.GDP.PCAP.PP.CD,..,..,..,..,..,..,..,..,..,..,..,..,..,..,..,..,..,..,..,..,..,..,..,..,..,..,..,..,..,..,..,..,..,..,..
Not classified,INX,"GDP, PPP (constant 2021 international $)",NY.GDP.MKTP.PP.KD,..,..,..,..,..,..,..,..,..,..,..,..,..,..,..,..,..,..,..,..,..,..,..,..,..,..,..,..,..,..,..,..,..,..,..
OECD members,OED,"GDP per capita, PPP (current international $)",NY.GDP.PCAP.PP.CD,16676.24488,17289.09602,17902.75027,18378.44369,19191.88159,19963.59187,20843.76097,21790.53959,22375.45706,23250.3971,24685.76731,25460.18048,26244.64856,27027.53737,28463.67268,29811.71309,31804.54325,33368.37669,34238.22701,33300.86787,34569.00759,36018.94497,36990.17067,38335.8613,39484.13481,40630.40002,42008.00306,43631.34077,45295.82282,47291.00423,46436.20512,50780.34531,56289.17554,58425.94271,61050.05776
OECD members,OED,"GDP, PPP (constant 2021 international $)",NY.GDP.MKTP.PP.KD,3.66462E+13,3.70874E+13,3.7849E+13,3.83661E+13,3.9577E+13,4.0632E+13,4.19179E+13,4.34657E+13,4.4762E+13,4.62289E+13,4.81501E+13,4.88219E+13,4.95868E+13,5.05943E+13,5.22776E+13,5.37765E+13,5.55109E+13,5.7025E+13,5.72901E+13,5.52975E+13,5.69756E+13,5.81646E+13,5.89232E+13,5.98671E+13,6.11914E+13,6.27655E+13,6.39466E+13,6.56534E+13,6.72036E+13,6.84263E+13,6.56428E+13,6.96611E+13,7.1886E+13,7.3179E+13,7.44715E+13
Other small states,OSS,"GDP per capita, PPP (current international $)",NY.GDP.PCAP.PP.CD,7115.131619,7233.029077,7171.111847,7348.018642,7639.206927,8068.276599,8327.244012,8891.677767,9044.90761,9363.363946,10096.635,10534.53134,10965.12653,11520.19519,12173.87779,12860.94031,14049.86646,15095.7125,15621.36826,15109.17074,15539.05227,16366.05395,16760.15027,17064.45903,17496.21654,17458.25429,18447.2681,19649.31059,20693.88059,22367.87098,21272.67944,23574.50784,26095.00628,27107.44492,28768.40396
Other small states,OSS,"GDP, PPP (constant 2021 international $)",NY.GDP.MKTP.PP.KD,1.28271E+11,1.2787E+11,1.23549E+11,1.23957E+11,1.27147E+11,1.32663E+11,1.36828E+11,1.45916E+11,1.49661E+11,1.52525E+11,1.63885E+11,1.69007E+11,1.75253E+11,1.82996E+11,1.90395E+11,1.98331E+11,2.10785E+11,2.21302E+11,2.23147E+11,2.13336E+11,2.19788E+11,2.28145E+11,2.3166E+11,2.34014E+11,2.38919E+11,2.46703E+11,2.55962E+11,2.68288E+11,2.79203E+11,2.92037E+11,2.75679E+11,2.95669E+11,3.06823E+11,3.13953E+11,3.23351E+11
Pacific island small states,PSS,"GDP per capita, PPP (current international $)",NY.GDP.PCAP.PP.CD,2816.693169,2837.263572,3004.609937,3091.736805,3262.605025,3419.595394,3555.202461,3510.372636,3544.842766,3730.034557,3706.974498,3787.309074,3889.339721,3983.186092,4214.417003,4384.147202,4566.403489,4632.758126,4756.976504,4701.219924,4870.088142,5079.467728,5277.872389,5533.164919,6180.805824,6582.254566,6724.998065,7034.813164,7174.351206,7198.701878,6387.426484,6218.58853,7370.84149,7981.847248,8401.452696
Pacific island small states,PSS,"GDP, PPP (constant 2021 international $)",NY.GDP.MKTP.PP.KD,9894545025,9772057007,10269465128,10469249784,10964423238,11388855038,11787411376,11604444952,11766382208,12414445018,12229733243,12386692920,12689767946,12894029893,13449743460,13709398458,14004910323,13978373100,14217878363,14095388911,14593792805,15110567824,15275044290,15829495722,16480781899,17166104027,17747041126,18502228504,19060599619,19187688477,16882232728,16326860656,18276579432,19343182321,20125090328
Post-demographic dividend,PST,"GDP per capita, PPP (current international $)",NY.GDP.PCAP.PP.CD,18052.33269,18709.47258,19327.342,19834.61245,20711.70759,21579.93581,22490.6358,23482.44408,24278.01522,25339.7854,26939.86917,27912.91065,28868.38763,29818.76029,31437.0451,32976.79093,35112.05027,36843.89161,37781.8037,36724.31421,38066.18328,39508.85889,40542.93027,42076.44634,43214.30846,44334.28754,45833.58134,47670.84098,49671.92292,52067.53394,51200.46911,56153.82012,61715.33497,64285.64615,67239.57695
Post-demographic dividend,PST,"GDP, PPP (constant 2021 international $)",NY.GDP.MKTP.PP.KD,3.51328E+13,3.54195E+13,3.59456E+13,3.61836E+13,3.71194E+13,3.80506E+13,3.90884E+13,4.03735E+13,4.14552E+13,4.28798E+13,4.46352E+13,4.53849E+13,4.6107E+13,4.70588E+13,4.86149E+13,4.99598E+13,5.14996E+13,5.28911E+13,5.31183E+13,5.11876E+13,5.26844E+13,5.36027E+13,5.41556E+13,5.49075E+13,5.59038E+13,5.70491E+13,5.80796E+13,5.95209E+13,6.08528E+13,6.19671E+13,5.93198E+13,6.27019E+13,6.42381E+13,6.54129E+13,6.65672E+13
Pre-demographic dividend,PRE,"GDP per capita, PPP (current international $)",NY.GDP.PCAP.PP.CD,1465.481898,1491.468444,1531.333597,1533.827041,1520.228357,1553.687122,1632.224647,1736.430641,1850.723782,1919.618608,2029.994929,2102.054198,2169.41765,2088.418634,2363.353055,2503.953916,2663.342638,2817.680223,2970.177668,3033.265962,3174.979091,3284.540167,3350.521274,3489.027081,3581.023654,3411.456384,3408.156001,3504.94253,3690.837132,3851.269951,3730.093483,4006.29508,4364.732185,4504.006311,4637.776009
Pre-demographic dividend,PRE,"GDP, PPP (constant 2021 international $)",NY.GDP.MKTP.PP.KD,1.32476E+12,1.20736E+12,1.23432E+12,1.23067E+12,1.23285E+12,1.27467E+12,1.34766E+12,1.4362E+12,1.54172E+12,1.61207E+12,1.70301E+12,1.7735E+12,1.86827E+12,1.8466E+12,2.07018E+12,2.19535E+12,2.33258E+12,2.47368E+12,2.63035E+12,2.75224E+12,2.9323E+12,3.06106E+12,3.22322E+12,3.40602E+12,3.58198E+12,3.69577E+12,3.80681E+12,3.87559E+12,3.9812E+12,4.11755E+12,4.00612E+12,4.12299E+12,4.30029E+12,4.39348E+12,4.53075E+12
Small states,SST,"GDP per capita, PPP (current international $)",NY.GDP.PCAP.PP.CD,6580.973211,6726.005336,6810.568805,6970.812591,7272.289054,7647.594856,7963.821243,8445.165765,8672.788959,9043.285623,9662.758892,10059.33048,10498.33918,11127.66527,11813.89752,12563.37902,13774.45759,14712.82321,15213.80517,14732.45945,15147.91492,15796.42327,16172.83981,16433.54824,16859.27479,16738.96813,17229.71463,18222.12477,19006.80823,20292.48735,19032.38015,21203.17267,24208.84562,25815.26118,28234.30669
Small states,SST,"GDP, PPP (constant 2021 international $)",NY.GDP.MKTP.PP.KD,1.85382E+11,1.8547E+11,1.83761E+11,1.84469E+11,1.89951E+11,1.97369E+11,2.04652E+11,2.16291E+11,2.23115E+11,2.2975E+11,2.43884E+11,2.50865E+11,2.60479E+11,2.73843E+11,2.86097E+11,2.97948E+11,3.18046E+11,3.32507E+11,3.3681E+11,3.24022E+11,3.33231E+11,3.4323E+11,3.51566E+11,3.56676E+11,3.65049E+11,3.73157E+11,3.79156E+11,3.91006E+11,4.03879E+11,4.18043E+11,3.91454E+11,4.16569E+11,4.46117E+11,4.66683E+11,4.97689E+11
South Asia,SAS,"GDP per capita, PPP (current international $)",NY.GDP.PCAP.PP.CD,1196.933725,1229.057387,1297.621413,1363.635325,1452.191497,1558.509765,1666.887902,1732.361688,1821.59096,1962.83456,2050.007052,2153.167612,2229.421739,2403.296126,2612.051814,2856.176195,3129.719808,3407.963134,3543.887322,3779.974475,4084.558072,4336.461597,4712.832823,4923.133671,5117.573776,5353.196953,5729.000629,6077.776226,6648.987493,7088.516622,6969.472124,8015.356745,9129.601733,10176.35695,10972.88701
South Asia,SAS,"GDP, PPP (constant 2021 international $)",NY.GDP.MKTP.PP.KD,2.25064E+12,2.28453E+12,2.40833E+12,2.524E+12,2.68446E+12,2.87748E+12,3.0813E+12,3.21043E+12,3.40266E+12,3.6823E+12,3.83256E+12,4.01019E+12,4.16118E+12,4.47127E+12,4.80877E+12,5.17744E+12,5.58506E+12,6.00591E+12,6.21449E+12,6.67561E+12,7.22172E+12,7.61386E+12,8.04259E+12,8.54495E+12,9.16395E+12,9.87053E+12,1.06585E+13,1.13817E+13,1.2113E+13,1.26147E+13,1.19947E+13,1.31034E+13,1.40444E+13,1.52445E+13,1.61925E+13
South Asia (IDA & IBRD),TSA,"GDP per capita, PPP (current international $)",NY.GDP.PCAP.PP.CD,1196.933725,1229.057387,1297.621413,1363.635325,1452.191497,1558.509765,1666.887902,1732.361688,1821.59096,1962.83456,2050.007052,2153.167612,2229.421739,2403.296126,2612.051814,2856.176195,3129.719808,3407.963134,3543.887322,3779.974475,4084.558072,4336.461597,4712.832823,4923.133671,5117.573776,5353.196953,5729.000629,6077.776226,6648.987493,7088.516622,6969.472124,8015.356745,9129.601733,10176.35695,10972.88701
South Asia (IDA & IBRD),TSA,"GDP, PPP (constant 2021 international $)",NY.GDP.MKTP.PP.KD,2.25064E+12,2.28453E+12,2.40833E+12,2.524E+12,2.68446E+12,2.87748E+12,3.0813E+12,3.21043E+12,3.40266E+12,3.6823E+12,3.83256E+12,4.01019E+12,4.16118E+12,4.47127E+12,4.80877E+12,5.17744E+12,5.58506E+12,6.00591E+12,6.21449E+12,6.67561E+12,7.22172E+12,7.61386E+12,8.04259E+12,8.54495E+12,9.16395E+12,9.87053E+12,1.06585E+13,1.13817E+13,1.2113E+13,1.26147E+13,1.19947E+13,1.31034E+13,1.40444E+13,1.52445E+13,1.61925E+13
Sub-Saharan Africa,SSF,"GDP per capita, PPP (current international $)",NY.GDP.PCAP.PP.CD,1778.878808,1800.326034,1788.046236,1770.910405,1779.822306,1831.616609,1910.083712,1975.753886,1996.213305,2018.273358,2081.747946,2161.767753,2268.539965,2347.316937,2501.440094,2663.210977,2833.909917,3006.069494,3137.806223,3161.140354,3296.307536,3418.877549,3418.689228,3552.718552,3715.326369,3715.023466,3746.969233,3864.90388,3888.604475,4048.571925,3976.606916,4247.462171,4609.493597,4779.426249,4949.77344
Sub-Saharan Africa,SSF,"GDP, PPP (constant 2021 international $)",NY.GDP.MKTP.PP.KD,1.75037E+12,1.75856E+12,1.74963E+12,1.73241E+12,1.74902E+12,1.81118E+12,1.90543E+12,1.98609E+12,2.03871E+12,2.08603E+12,2.15728E+12,2.24933E+12,2.3855E+12,2.48322E+12,2.64859E+12,2.81152E+12,2.98407E+12,3.1685E+12,3.33651E+12,3.43735E+12,3.64369E+12,3.81133E+12,3.96311E+12,4.16235E+12,4.36643E+12,4.50455E+12,4.58045E+12,4.70837E+12,4.84755E+12,4.9868E+12,4.89666E+12,5.11049E+12,5.30737E+12,5.44453E+12,5.6416E+12
Sub-Saharan Africa (excluding high income),SSA,"GDP per capita, PPP (current international $)",NY.GDP.PCAP.PP.CD,1914.802678,1944.359565,1937.33513,1915.275823,1925.775547,1982.36406,2065.427277,2138.253182,2164.529589,2188.238624,2256.818472,2342.524918,2461.879983,2552.082189,2716.81369,2889.600469,3072.090342,3255.178422,3393.735186,3413.925759,3553.629104,3678.572801,3669.429119,3810.18189,3964.660736,3947.547119,3957.441969,4072.093274,4088.20747,4249.630661,4151.448283,4432.829502,4806.692017,4971.50598,5136.591259
Sub-Saharan Africa (excluding high income),SSA,"GDP, PPP (constant 2021 international $)",NY.GDP.MKTP.PP.KD,1.70782E+12,1.719E+12,1.71336E+12,1.69137E+12,1.70673E+12,1.76636E+12,1.85503E+12,1.93399E+12,1.98836E+12,2.03311E+12,2.10116E+12,2.18871E+12,2.32399E+12,2.42315E+12,2.58057E+12,2.73546E+12,2.89975E+12,3.07452E+12,3.23261E+12,3.32446E+12,3.51672E+12,3.67013E+12,3.80976E+12,3.99292E+12,4.1797E+12,4.29835E+12,4.35462E+12,4.46092E+12,4.58324E+12,4.7004E+12,4.59338E+12,4.79024E+12,4.96983E+12,5.08481E+12,5.25564E+12
Sub-Saharan Africa (IDA & IBRD countries),TSS,"GDP per capita, PPP (current international $)",NY.GDP.PCAP.PP.CD,1778.878808,1800.326034,1788.046236,1770.910405,1779.822306,1831.616609,1910.083712,1975.753886,1996.213305,2018.273358,2081.747946,2161.767753,2268.539965,2347.316937,2501.440094,2663.210977,2833.909917,3006.069494,3137.806223,3161.140354,3296.307536,3418.877549,3418.689228,3552.718552,3715.326369,3715.023466,3746.969233,3864.90388,3888.604475,4048.571925,3976.606916,4247.462171,4609.493597,4779.426249,4949.77344
Sub-Saharan Africa (IDA & IBRD countries),TSS,"GDP, PPP (constant 2021 international $)",NY.GDP.MKTP.PP.KD,1.75037E+12,1.75856E+12,1.74963E+12,1.73241E+12,1.74902E+12,1.81118E+12,1.90543E+12,1.98609E+12,2.03871E+12,2.08603E+12,2.15728E+12,2.24933E+12,2.3855E+12,2.48322E+12,2.64859E+12,2.81152E+12,2.98407E+12,3.1685E+12,3.33651E+12,3.43735E+12,3.64369E+12,3.81133E+12,3.96311E+12,4.16235E+12,4.36643E+12,4.50455E+12,4.58045E+12,4.70837E+12,4.84755E+12,4.9868E+12,4.89666E+12,5.11049E+12,5.30737E+12,5.44453E+12,5.6416E+12
Upper middle income,UMC,"GDP per capita, PPP (current international $)",NY.GDP.PCAP.PP.CD,3187.916852,3370.047138,3538.231935,3728.308244,3922.558306,4133.428119,4410.072824,4684.524061,4699.110119,4865.004379,5230.437801,5484.836192,5786.128345,6177.015031,6787.269741,7439.483871,8270.128681,9203.796563,9910.520637,10237.45078,11140.29684,12054.38435,12761.24826,13409.80201,13892.77098,14026.53982,14550.38396,15306.35364,16284.21911,17166.91936,17290.0951,19451.95212,21620.59592,23343.4331,24777.02536
Upper middle income,UMC,"GDP, PPP (constant 2021 international $)",NY.GDP.MKTP.PP.KD,1.24269E+13,1.2664E+13,1.30774E+13,1.36594E+13,1.41739E+13,1.4709E+13,1.55418E+13,1.64053E+13,1.67472E+13,1.72317E+13,1.82453E+13,1.88486E+13,1.97335E+13,2.08444E+13,2.24737E+13,2.40632E+13,2.60216E+13,2.83333E+13,2.99896E+13,3.07665E+13,3.32705E+13,3.54738E+13,3.73907E+13,3.93866E+13,4.11767E+13,4.28419E+13,4.4717E+13,4.69792E+13,4.91723E+13,5.11057E+13,5.06654E+13,5.4394E+13,5.61549E+13,5.86679E+13,6.10368E+13
World,WLD,"GDP per capita, PPP (current international $)",NY.GDP.PCAP.PP.CD,5581.045562,5767.150899,5932.233648,6090.679062,6321.07884,6575.027649,6862.51434,7155.771308,7291.053722,7550.367596,8005.064252,8283.827742,8571.868999,8940.327764,9543.037097,10154.33879,10982.94245,11744.47214,12282.05356,12232.72332,12882.8028,13569.2478,14110.39613,14639.44218,15032.30687,15199.51118,15651.87215,16340.39548,17205.80601,18037.3592,17808.05567,19742.35406,21795.52618,23048.63845,24247.93706
World,WLD,"GDP, PPP (constant 2021 international $)",NY.GDP.MKTP.PP.KD,5.94506E+13,5.99567E+13,6.0735E+13,6.16597E+13,6.33018E+13,6.52574E+13,6.76713E+13,7.03454E+13,7.21113E+13,7.47213E+13,7.83052E+13,8.01974E+13,8.24118E+13,8.54487E+13,8.98519E+13,9.39776E+13,9.88676E+13,1.04018E+14,1.06936E+14,1.06213E+14,1.11634E+14,1.16041E+14,1.19666E+14,1.23564E+14,1.27815E+14,1.32068E+14,1.36355E+14,1.4155E+14,1.46737E+14,1.5109E+14,1.46875E+14,1.56453E+14,1.62058E+14,1.67633E+14,1.73163E+14